windows	Set up job	﻿2026-08-28T05:15:20.0017134Z Current runner version: '2.336.0'
windows	Set up job	2026-08-28T05:15:20.0075565Z ##[group]Runner Image Provisioner
windows	Set up job	2026-08-28T05:15:20.0076756Z Hosted Compute Agent
windows	Set up job	2026-08-28T05:15:20.0077600Z Version: 20260819.586
windows	Set up job	2026-08-28T05:15:20.0078570Z Commit: 3cc4a88dfa507ef76119ad1bb3eccc6378bb2b76
windows	Set up job	2026-08-28T05:15:20.0079672Z Build Date: 2026-08-18T23:20:18Z
windows	Set up job	2026-08-28T05:15:20.0080656Z Worker ID: {7e4f99b5-08e6-4f6b-ad14-33e9fc51778d}
windows	Set up job	2026-08-28T05:15:20.0081750Z Azure Region: eastus
windows	Set up job	2026-08-28T05:15:20.0082555Z ##[endgroup]
windows	Set up job	2026-08-28T05:15:20.0084358Z ##[group]Operating System
windows	Set up job	2026-08-28T05:15:20.0085476Z Microsoft Windows Server 2025
windows	Set up job	2026-08-28T05:15:20.0086394Z 10.0.26100
windows	Set up job	2026-08-28T05:15:20.0087222Z Datacenter
windows	Set up job	2026-08-28T05:15:20.0087957Z ##[endgroup]
windows	Set up job	2026-08-28T05:15:20.0088723Z ##[group]Runner Image
windows	Set up job	2026-08-28T05:15:20.0089601Z Image: windows-2025-vs2026
windows	Set up job	2026-08-28T05:15:20.0090827Z Version: 20260824.214.3
windows	Set up job	2026-08-28T05:15:20.0093105Z Included Software: https://github.com/actions/runner-images/blob/win25-vs2026/20260824.214/images/windows/Windows2025-VS2026-Readme.md
windows	Set up job	2026-08-28T05:15:20.0099557Z Image Release: https://github.com/actions/runner-images/releases/tag/win25-vs2026%2F20260824.214
windows	Set up job	2026-08-28T05:15:20.0101425Z ##[endgroup]
windows	Set up job	2026-08-28T05:15:20.0103065Z ##[group]GITHUB_TOKEN Permissions
windows	Set up job	2026-08-28T05:15:20.0105989Z Metadata: read
windows	Set up job	2026-08-28T05:15:20.0106953Z ##[endgroup]
windows	Set up job	2026-08-28T05:15:20.0111080Z Secret source: Actions
windows	Set up job	2026-08-28T05:15:20.0112690Z Prepare workflow directory
windows	Set up job	2026-08-28T05:15:20.0540864Z Prepare all required actions
windows	Set up job	2026-08-28T05:15:20.0607444Z Getting action download info
windows	Set up job	2026-08-28T05:15:20.1998638Z Download action repository 'actions/upload-artifact@ea165f8d65b6e75b540449e92b4886f43607fa02' (SHA:ea165f8d65b6e75b540449e92b4886f43607fa02)
windows	Set up job	2026-08-28T05:15:20.5851874Z Complete job name: windows
windows	Fetch this exact public task snapshot	﻿2026-08-28T05:15:20.7359746Z ##[group]Run git init .
windows	Fetch this exact public task snapshot	2026-08-28T05:15:20.7360445Z [36;1mgit init .[0m
windows	Fetch this exact public task snapshot	2026-08-28T05:15:20.7360998Z [36;1mif ($LASTEXITCODE) { throw 'git init failed' }[0m
windows	Fetch this exact public task snapshot	2026-08-28T05:15:20.7361870Z [36;1mgit remote add origin https://github.com/ishk-sftckz/exspecso.git[0m
windows	Fetch this exact public task snapshot	2026-08-28T05:15:20.7362699Z [36;1mgit fetch --depth=1 origin $env:GITHUB_SHA[0m
windows	Fetch this exact public task snapshot	2026-08-28T05:15:20.7363391Z [36;1mif ($LASTEXITCODE) { throw 'git fetch failed' }[0m
windows	Fetch this exact public task snapshot	2026-08-28T05:15:20.7364088Z [36;1mgit checkout --detach FETCH_HEAD[0m
windows	Fetch this exact public task snapshot	2026-08-28T05:15:20.7364747Z [36;1mif ($LASTEXITCODE) { throw 'git checkout failed' }[0m
windows	Fetch this exact public task snapshot	2026-08-28T05:15:20.7528032Z shell: C:\Program Files\PowerShell\7\pwsh.EXE -command ". '{0}'"
windows	Fetch this exact public task snapshot	2026-08-28T05:15:20.7529050Z ##[endgroup]
windows	Fetch this exact public task snapshot	2026-08-28T05:15:21.4435688Z Initialized empty Git repository in D:/a/exspecso/exspecso/.git/
windows	Fetch this exact public task snapshot	2026-08-28T05:15:22.1489404Z From https://github.com/ishk-sftckz/exspecso
windows	Fetch this exact public task snapshot	2026-08-28T05:15:22.1491873Z  * branch            7cf156797d9b15a0e4e4aa69571b97ecb3f9fe25 -> FETCH_HEAD
windows	Fetch this exact public task snapshot	2026-08-28T05:15:22.2367844Z HEAD is now at 7cf1567 build(01-10): accept the documented equivalent Windows image refresh
windows	Inspect the pinned native Windows SDK and toolchain	﻿2026-08-28T05:15:22.4093423Z ##[group]Run ./native/windows-preflight.ps1
windows	Inspect the pinned native Windows SDK and toolchain	2026-08-28T05:15:22.4094241Z [36;1m./native/windows-preflight.ps1[0m
windows	Inspect the pinned native Windows SDK and toolchain	2026-08-28T05:15:22.4198587Z shell: C:\Program Files\PowerShell\7\pwsh.EXE -command ". '{0}'"
windows	Inspect the pinned native Windows SDK and toolchain	2026-08-28T05:15:22.4199186Z ##[endgroup]
windows	Inspect the pinned native Windows SDK and toolchain	2026-08-28T05:15:26.2296475Z {
windows	Inspect the pinned native Windows SDK and toolchain	2026-08-28T05:15:26.2297437Z   "imageVersion": "20260824.214.3",
windows	Inspect the pinned native Windows SDK and toolchain	2026-08-28T05:15:26.2298340Z   "imageOS": "win25-vs2026",
windows	Inspect the pinned native Windows SDK and toolchain	2026-08-28T05:15:26.2299046Z   "architecture": "X64",
windows	Inspect the pinned native Windows SDK and toolchain	2026-08-28T05:15:26.2299762Z   "caption": "Microsoft Windows Server 2025 Datacenter",
windows	Inspect the pinned native Windows SDK and toolchain	2026-08-28T05:15:26.2300678Z   "version": "10.0.26100",
windows	Inspect the pinned native Windows SDK and toolchain	2026-08-28T05:15:26.2301349Z   "build": "26100",
windows	Inspect the pinned native Windows SDK and toolchain	2026-08-28T05:15:26.2302047Z   "ubr": 33296,
windows	Inspect the pinned native Windows SDK and toolchain	2026-08-28T05:15:26.2302712Z   "displayVersion": "24H2",
windows	Inspect the pinned native Windows SDK and toolchain	2026-08-28T05:15:26.2304493Z   "filesystem": "NTFS",
windows	Inspect the pinned native Windows SDK and toolchain	2026-08-28T05:15:26.2305026Z   "visualStudio": [
windows	Inspect the pinned native Windows SDK and toolchain	2026-08-28T05:15:26.2305524Z     {
windows	Inspect the pinned native Windows SDK and toolchain	2026-08-28T05:15:26.2305947Z       "installationVersion": "18.9.12112.369",
windows	Inspect the pinned native Windows SDK and toolchain	2026-08-28T05:15:26.2306795Z       "installationPath": "C:\\Program Files\\Microsoft Visual Studio\\18\\Enterprise"
windows	Inspect the pinned native Windows SDK and toolchain	2026-08-28T05:15:26.2310704Z     }
windows	Inspect the pinned native Windows SDK and toolchain	2026-08-28T05:15:26.2311049Z   ],
windows	Inspect the pinned native Windows SDK and toolchain	2026-08-28T05:15:26.2311441Z   "sdkVersion": "10.0.26100.0",
windows	Inspect the pinned native Windows SDK and toolchain	2026-08-28T05:15:26.2311884Z   "msvcVersion": "14.44.35207"
windows	Inspect the pinned native Windows SDK and toolchain	2026-08-28T05:15:26.2312315Z }
windows	Inspect the pinned native Windows SDK and toolchain	2026-08-28T05:15:26.5534210Z --- um/winternl.h line 213 ---
windows	Inspect the pinned native Windows SDK and toolchain	2026-08-28T05:15:26.5537278Z 
windows	Inspect the pinned native Windows SDK and toolchain	2026-08-28T05:15:26.5539052Z typedef struct _OBJECT_ATTRIBUTES {
windows	Inspect the pinned native Windows SDK and toolchain	2026-08-28T05:15:26.5542315Z     ULONG Length;
windows	Inspect the pinned native Windows SDK and toolchain	2026-08-28T05:15:26.5543437Z     HANDLE RootDirectory;
windows	Inspect the pinned native Windows SDK and toolchain	2026-08-28T05:15:26.5548402Z     PUNICODE_STRING ObjectName;
windows	Inspect the pinned native Windows SDK and toolchain	2026-08-28T05:15:26.5552085Z     ULONG Attributes;
windows	Inspect the pinned native Windows SDK and toolchain	2026-08-28T05:15:26.5555627Z     PVOID SecurityDescriptor;
windows	Inspect the pinned native Windows SDK and toolchain	2026-08-28T05:15:26.5559318Z     PVOID SecurityQualityOfService;
windows	Inspect the pinned native Windows SDK and toolchain	2026-08-28T05:15:26.5562638Z } OBJECT_ATTRIBUTES;
windows	Inspect the pinned native Windows SDK and toolchain	2026-08-28T05:15:26.5566012Z typedef OBJECT_ATTRIBUTES *POBJECT_ATTRIBUTES;
windows	Inspect the pinned native Windows SDK and toolchain	2026-08-28T05:15:26.5572746Z 
windows	Inspect the pinned native Windows SDK and toolchain	2026-08-28T05:15:26.5572990Z typedef struct _IO_STATUS_BLOCK {
windows	Inspect the pinned native Windows SDK and toolchain	2026-08-28T05:15:26.5579295Z #pragma warning(push)
windows	Inspect the pinned native Windows SDK and toolchain	2026-08-28T05:15:26.5580665Z #pragma warning(disable: 4201) // we'll always use the Microsoft compiler
windows	Inspect the pinned native Windows SDK and toolchain	2026-08-28T05:15:26.5585131Z     union {
windows	Inspect the pinned native Windows SDK and toolchain	2026-08-28T05:15:26.5588420Z         NTSTATUS Status;
windows	Inspect the pinned native Windows SDK and toolchain	2026-08-28T05:15:26.5592019Z         PVOID Pointer;
windows	Inspect the pinned native Windows SDK and toolchain	2026-08-28T05:15:26.5595172Z     } DUMMYUNIONNAME;
windows	Inspect the pinned native Windows SDK and toolchain	2026-08-28T05:15:26.5598143Z #pragma warning(pop)
windows	Inspect the pinned native Windows SDK and toolchain	2026-08-28T05:15:26.5600810Z 
windows	Inspect the pinned native Windows SDK and toolchain	2026-08-28T05:15:26.5603969Z     ULONG_PTR Information;
windows	Inspect the pinned native Windows SDK and toolchain	2026-08-28T05:15:26.5606853Z } IO_STATUS_BLOCK, *PIO_STATUS_BLOCK;
windows	Inspect the pinned native Windows SDK and toolchain	2026-08-28T05:15:26.5609541Z 
windows	Inspect the pinned native Windows SDK and toolchain	2026-08-28T05:15:26.5612509Z typedef
windows	Inspect the pinned native Windows SDK and toolchain	2026-08-28T05:15:26.5615439Z VOID
windows	Inspect the pinned native Windows SDK and toolchain	2026-08-28T05:15:26.5618459Z (NTAPI *PIO_APC_ROUTINE) (
windows	Inspect the pinned native Windows SDK and toolchain	2026-08-28T05:15:26.5621469Z     IN PVOID ApcContext,
windows	Inspect the pinned native Windows SDK and toolchain	2026-08-28T05:15:26.5624783Z     IN PIO_STATUS_BLOCK IoStatusBlock,
windows	Inspect the pinned native Windows SDK and toolchain	2026-08-28T05:15:26.5627862Z     IN ULONG Reserved
windows	Inspect the pinned native Windows SDK and toolchain	2026-08-28T05:15:26.5629762Z     );
windows	Inspect the pinned native Windows SDK and toolchain	2026-08-28T05:15:26.5633204Z 
windows	Inspect the pinned native Windows SDK and toolchain	2026-08-28T05:15:26.5636148Z --- um/winternl.h line 475 ---
windows	Inspect the pinned native Windows SDK and toolchain	2026-08-28T05:15:26.5639221Z NTAPI
windows	Inspect the pinned native Windows SDK and toolchain	2026-08-28T05:15:26.5642258Z NtCreateFile (
windows	Inspect the pinned native Windows SDK and toolchain	2026-08-28T05:15:26.5645119Z     OUT PHANDLE FileHandle,
windows	Inspect the pinned native Windows SDK and toolchain	2026-08-28T05:15:26.5646019Z     IN ACCESS_MASK DesiredAccess,
windows	Inspect the pinned native Windows SDK and toolchain	2026-08-28T05:15:26.5650665Z     IN POBJECT_ATTRIBUTES ObjectAttributes,
windows	Inspect the pinned native Windows SDK and toolchain	2026-08-28T05:15:26.5652160Z     OUT PIO_STATUS_BLOCK IoStatusBlock,
windows	Inspect the pinned native Windows SDK and toolchain	2026-08-28T05:15:26.5654984Z     IN PLARGE_INTEGER AllocationSize OPTIONAL,
windows	Inspect the pinned native Windows SDK and toolchain	2026-08-28T05:15:26.5657229Z     IN ULONG FileAttributes,
windows	Inspect the pinned native Windows SDK and toolchain	2026-08-28T05:15:26.5659362Z     IN ULONG ShareAccess,
windows	Inspect the pinned native Windows SDK and toolchain	2026-08-28T05:15:26.5661403Z     IN ULONG CreateDisposition,
windows	Inspect the pinned native Windows SDK and toolchain	2026-08-28T05:15:26.5663389Z     IN ULONG CreateOptions,
windows	Inspect the pinned native Windows SDK and toolchain	2026-08-28T05:15:26.5665274Z     IN PVOID EaBuffer OPTIONAL,
windows	Inspect the pinned native Windows SDK and toolchain	2026-08-28T05:15:26.5667286Z     IN ULONG EaLength
windows	Inspect the pinned native Windows SDK and toolchain	2026-08-28T05:15:26.5669428Z     );
windows	Inspect the pinned native Windows SDK and toolchain	2026-08-28T05:15:26.5671269Z 
windows	Inspect the pinned native Windows SDK and toolchain	2026-08-28T05:15:26.5673395Z //
windows	Inspect the pinned native Windows SDK and toolchain	2026-08-28T05:15:26.5675345Z // use the Win32 API instead
windows	Inspect the pinned native Windows SDK and toolchain	2026-08-28T05:15:26.5677298Z //     CreateFile
windows	Inspect the pinned native Windows SDK and toolchain	2026-08-28T05:15:26.5679203Z //
windows	Inspect the pinned native Windows SDK and toolchain	2026-08-28T05:15:26.5683147Z __kernel_entry NTSTATUS
windows	Inspect the pinned native Windows SDK and toolchain	2026-08-28T05:15:26.5683696Z NTAPI
windows	Inspect the pinned native Windows SDK and toolchain	2026-08-28T05:15:26.5686103Z NtOpenFile (
windows	Inspect the pinned native Windows SDK and toolchain	2026-08-28T05:15:26.5688237Z     OUT PHANDLE FileHandle,
windows	Inspect the pinned native Windows SDK and toolchain	2026-08-28T05:15:26.5690389Z     IN ACCESS_MASK DesiredAccess,
windows	Inspect the pinned native Windows SDK and toolchain	2026-08-28T05:15:26.5692325Z     IN POBJECT_ATTRIBUTES ObjectAttributes,
windows	Inspect the pinned native Windows SDK and toolchain	2026-08-28T05:15:26.5694600Z     OUT PIO_STATUS_BLOCK IoStatusBlock,
windows	Inspect the pinned native Windows SDK and toolchain	2026-08-28T05:15:26.5696449Z     IN ULONG ShareAccess,
windows	Inspect the pinned native Windows SDK and toolchain	2026-08-28T05:15:26.5698426Z     IN ULONG OpenOptions
windows	Inspect the pinned native Windows SDK and toolchain	2026-08-28T05:15:26.5700357Z     );
windows	Inspect the pinned native Windows SDK and toolchain	2026-08-28T05:15:26.5702062Z 
windows	Inspect the pinned native Windows SDK and toolchain	2026-08-28T05:15:26.5704168Z //
windows	Inspect the pinned native Windows SDK and toolchain	2026-08-28T05:15:26.5706029Z --- um/winternl.h line 992 ---
windows	Inspect the pinned native Windows SDK and toolchain	2026-08-28T05:15:26.5708017Z #define FILE_CREATE                     0x00000002
windows	Inspect the pinned native Windows SDK and toolchain	2026-08-28T05:15:26.5710222Z #define FILE_OPEN_IF                    0x00000003
windows	Inspect the pinned native Windows SDK and toolchain	2026-08-28T05:15:26.5712118Z #define FILE_OVERWRITE                  0x00000004
windows	Inspect the pinned native Windows SDK and toolchain	2026-08-28T05:15:26.5713983Z #define FILE_OVERWRITE_IF               0x00000005
windows	Inspect the pinned native Windows SDK and toolchain	2026-08-28T05:15:26.5715964Z #define FILE_MAXIMUM_DISPOSITION        0x00000005
windows	Inspect the pinned native Windows SDK and toolchain	2026-08-28T05:15:26.5717482Z 
windows	Inspect the pinned native Windows SDK and toolchain	2026-08-28T05:15:26.5719939Z //
windows	Inspect the pinned native Windows SDK and toolchain	2026-08-28T05:15:26.5722429Z // Define the create/open option flags
windows	Inspect the pinned native Windows SDK and toolchain	2026-08-28T05:15:26.5724539Z //
windows	Inspect the pinned native Windows SDK and toolchain	2026-08-28T05:15:26.5726347Z 
windows	Inspect the pinned native Windows SDK and toolchain	2026-08-28T05:15:26.5729261Z #define FILE_DIRECTORY_FILE                     0x00000001
windows	Inspect the pinned native Windows SDK and toolchain	2026-08-28T05:15:26.5732042Z #define FILE_WRITE_THROUGH                      0x00000002
windows	Inspect the pinned native Windows SDK and toolchain	2026-08-28T05:15:26.5734124Z #define FILE_SEQUENTIAL_ONLY                    0x00000004
windows	Inspect the pinned native Windows SDK and toolchain	2026-08-28T05:15:26.5736239Z #define FILE_NO_INTERMEDIATE_BUFFERING          0x00000008
windows	Inspect the pinned native Windows SDK and toolchain	2026-08-28T05:15:26.5738228Z 
windows	Inspect the pinned native Windows SDK and toolchain	2026-08-28T05:15:26.5740435Z #define FILE_SYNCHRONOUS_IO_ALERT               0x00000010
windows	Inspect the pinned native Windows SDK and toolchain	2026-08-28T05:15:26.5742468Z #define FILE_SYNCHRONOUS_IO_NONALERT            0x00000020
windows	Inspect the pinned native Windows SDK and toolchain	2026-08-28T05:15:26.5744702Z #define FILE_NON_DIRECTORY_FILE                 0x00000040
windows	Inspect the pinned native Windows SDK and toolchain	2026-08-28T05:15:26.5746404Z #define FILE_CREATE_TREE_CONNECTION             0x00000080
windows	Inspect the pinned native Windows SDK and toolchain	2026-08-28T05:15:26.5748733Z 
windows	Inspect the pinned native Windows SDK and toolchain	2026-08-28T05:15:26.5750862Z #define FILE_COMPLETE_IF_OPLOCKED               0x00000100
windows	Inspect the pinned native Windows SDK and toolchain	2026-08-28T05:15:26.5752626Z #define FILE_NO_EA_KNOWLEDGE                    0x00000200
windows	Inspect the pinned native Windows SDK and toolchain	2026-08-28T05:15:26.5754815Z #define FILE_OPEN_REMOTE_INSTANCE               0x00000400
windows	Inspect the pinned native Windows SDK and toolchain	2026-08-28T05:15:26.5755833Z #define FILE_RANDOM_ACCESS                      0x00000800
windows	Inspect the pinned native Windows SDK and toolchain	2026-08-28T05:15:26.5758245Z 
windows	Inspect the pinned native Windows SDK and toolchain	2026-08-28T05:15:26.5760406Z #define FILE_DELETE_ON_CLOSE                    0x00001000
windows	Inspect the pinned native Windows SDK and toolchain	2026-08-28T05:15:26.5761418Z #define FILE_OPEN_BY_FILE_ID                    0x00002000
windows	Inspect the pinned native Windows SDK and toolchain	2026-08-28T05:15:26.5764152Z #define FILE_OPEN_FOR_BACKUP_INTENT             0x00004000
windows	Inspect the pinned native Windows SDK and toolchain	2026-08-28T05:15:26.5765555Z #define FILE_NO_COMPRESSION                     0x00008000
windows	Inspect the pinned native Windows SDK and toolchain	2026-08-28T05:15:26.5767403Z 
windows	Inspect the pinned native Windows SDK and toolchain	2026-08-28T05:15:26.5770099Z #if (_WIN32_WINNT >= _WIN32_WINNT_WIN7)
windows	Inspect the pinned native Windows SDK and toolchain	2026-08-28T05:15:26.5771727Z --- um/winternl.h line 1007 ---
windows	Inspect the pinned native Windows SDK and toolchain	2026-08-28T05:15:26.5774365Z #define FILE_SYNCHRONOUS_IO_ALERT               0x00000010
windows	Inspect the pinned native Windows SDK and toolchain	2026-08-28T05:15:26.5775749Z #define FILE_SYNCHRONOUS_IO_NONALERT            0x00000020
windows	Inspect the pinned native Windows SDK and toolchain	2026-08-28T05:15:26.5778128Z #define FILE_NON_DIRECTORY_FILE                 0x00000040
windows	Inspect the pinned native Windows SDK and toolchain	2026-08-28T05:15:26.5780353Z #define FILE_CREATE_TREE_CONNECTION             0x00000080
windows	Inspect the pinned native Windows SDK and toolchain	2026-08-28T05:15:26.5781488Z 
windows	Inspect the pinned native Windows SDK and toolchain	2026-08-28T05:15:26.5783996Z #define FILE_COMPLETE_IF_OPLOCKED               0x00000100
windows	Inspect the pinned native Windows SDK and toolchain	2026-08-28T05:15:26.5786139Z #define FILE_NO_EA_KNOWLEDGE                    0x00000200
windows	Inspect the pinned native Windows SDK and toolchain	2026-08-28T05:15:26.5788313Z #define FILE_OPEN_REMOTE_INSTANCE               0x00000400
windows	Inspect the pinned native Windows SDK and toolchain	2026-08-28T05:15:26.5790197Z #define FILE_RANDOM_ACCESS                      0x00000800
windows	Inspect the pinned native Windows SDK and toolchain	2026-08-28T05:15:26.5792170Z 
windows	Inspect the pinned native Windows SDK and toolchain	2026-08-28T05:15:26.5794305Z #define FILE_DELETE_ON_CLOSE                    0x00001000
windows	Inspect the pinned native Windows SDK and toolchain	2026-08-28T05:15:26.5796381Z #define FILE_OPEN_BY_FILE_ID                    0x00002000
windows	Inspect the pinned native Windows SDK and toolchain	2026-08-28T05:15:26.5798261Z #define FILE_OPEN_FOR_BACKUP_INTENT             0x00004000
windows	Inspect the pinned native Windows SDK and toolchain	2026-08-28T05:15:26.5800014Z #define FILE_NO_COMPRESSION                     0x00008000
windows	Inspect the pinned native Windows SDK and toolchain	2026-08-28T05:15:26.5803111Z 
windows	Inspect the pinned native Windows SDK and toolchain	2026-08-28T05:15:26.5804332Z #if (_WIN32_WINNT >= _WIN32_WINNT_WIN7)
windows	Inspect the pinned native Windows SDK and toolchain	2026-08-28T05:15:26.5806533Z #define FILE_OPEN_REQUIRING_OPLOCK              0x00010000
windows	Inspect the pinned native Windows SDK and toolchain	2026-08-28T05:15:26.5808321Z #endif
windows	Inspect the pinned native Windows SDK and toolchain	2026-08-28T05:15:26.5810435Z 
windows	Inspect the pinned native Windows SDK and toolchain	2026-08-28T05:15:26.5812839Z #define FILE_RESERVE_OPFILTER                   0x00100000
windows	Inspect the pinned native Windows SDK and toolchain	2026-08-28T05:15:26.5814226Z #define FILE_OPEN_REPARSE_POINT                 0x00200000
windows	Inspect the pinned native Windows SDK and toolchain	2026-08-28T05:15:26.5816986Z #define FILE_OPEN_NO_RECALL                     0x00400000
windows	Inspect the pinned native Windows SDK and toolchain	2026-08-28T05:15:26.5818034Z #define FILE_OPEN_FOR_FREE_SPACE_QUERY          0x00800000
windows	Inspect the pinned native Windows SDK and toolchain	2026-08-28T05:15:26.5820225Z 
windows	Inspect the pinned native Windows SDK and toolchain	2026-08-28T05:15:26.5822600Z #define FILE_VALID_OPTION_FLAGS                 0x00ffffff
windows	Inspect the pinned native Windows SDK and toolchain	2026-08-28T05:15:26.5824500Z #define FILE_VALID_PIPE_OPTION_FLAGS            0x00000032
windows	Inspect the pinned native Windows SDK and toolchain	2026-08-28T05:15:26.5826859Z #define FILE_VALID_MAILSLOT_OPTION_FLAGS        0x00000032
windows	Inspect the pinned native Windows SDK and toolchain	2026-08-28T05:15:26.5828985Z #define FILE_VALID_SET_FLAGS                    0x00000036
windows	Inspect the pinned native Windows SDK and toolchain	2026-08-28T05:15:26.5830491Z 
windows	Inspect the pinned native Windows SDK and toolchain	2026-08-28T05:15:26.5833085Z //
windows	Inspect the pinned native Windows SDK and toolchain	2026-08-28T05:15:26.5834937Z // Define the I/O status information return values for NtCreateFile/NtOpenFile
windows	Inspect the pinned native Windows SDK and toolchain	2026-08-28T05:15:26.5837306Z --- um/winternl.h line 1026 ---
windows	Inspect the pinned native Windows SDK and toolchain	2026-08-28T05:15:26.5839362Z #define FILE_RESERVE_OPFILTER                   0x00100000
windows	Inspect the pinned native Windows SDK and toolchain	2026-08-28T05:15:26.5840776Z #define FILE_OPEN_REPARSE_POINT                 0x00200000
windows	Inspect the pinned native Windows SDK and toolchain	2026-08-28T05:15:26.5843273Z #define FILE_OPEN_NO_RECALL                     0x00400000
windows	Inspect the pinned native Windows SDK and toolchain	2026-08-28T05:15:26.5845035Z #define FILE_OPEN_FOR_FREE_SPACE_QUERY          0x00800000
windows	Inspect the pinned native Windows SDK and toolchain	2026-08-28T05:15:26.5846825Z 
windows	Inspect the pinned native Windows SDK and toolchain	2026-08-28T05:15:26.5849243Z #define FILE_VALID_OPTION_FLAGS                 0x00ffffff
windows	Inspect the pinned native Windows SDK and toolchain	2026-08-28T05:15:26.5851249Z #define FILE_VALID_PIPE_OPTION_FLAGS            0x00000032
windows	Inspect the pinned native Windows SDK and toolchain	2026-08-28T05:15:26.5853584Z #define FILE_VALID_MAILSLOT_OPTION_FLAGS        0x00000032
windows	Inspect the pinned native Windows SDK and toolchain	2026-08-28T05:15:26.5855453Z #define FILE_VALID_SET_FLAGS                    0x00000036
windows	Inspect the pinned native Windows SDK and toolchain	2026-08-28T05:15:26.5856943Z 
windows	Inspect the pinned native Windows SDK and toolchain	2026-08-28T05:15:26.5859242Z //
windows	Inspect the pinned native Windows SDK and toolchain	2026-08-28T05:15:26.5861639Z // Define the I/O status information return values for NtCreateFile/NtOpenFile
windows	Inspect the pinned native Windows SDK and toolchain	2026-08-28T05:15:26.5862588Z //
windows	Inspect the pinned native Windows SDK and toolchain	2026-08-28T05:15:26.5864921Z 
windows	Inspect the pinned native Windows SDK and toolchain	2026-08-28T05:15:26.5867198Z #define FILE_SUPERSEDED                 0x00000000
windows	Inspect the pinned native Windows SDK and toolchain	2026-08-28T05:15:26.5869687Z #define FILE_OPENED                     0x00000001
windows	Inspect the pinned native Windows SDK and toolchain	2026-08-28T05:15:26.5872176Z #define FILE_CREATED                    0x00000002
windows	Inspect the pinned native Windows SDK and toolchain	2026-08-28T05:15:26.5873886Z #define FILE_OVERWRITTEN                0x00000003
windows	Inspect the pinned native Windows SDK and toolchain	2026-08-28T05:15:26.5876367Z #define FILE_EXISTS                     0x00000004
windows	Inspect the pinned native Windows SDK and toolchain	2026-08-28T05:15:26.5878279Z #define FILE_DOES_NOT_EXIST             0x00000005
windows	Inspect the pinned native Windows SDK and toolchain	2026-08-28T05:15:26.5880152Z 
windows	Inspect the pinned native Windows SDK and toolchain	2026-08-28T05:15:26.5882142Z #ifndef __os_arm64x_get_x64_information
windows	Inspect the pinned native Windows SDK and toolchain	2026-08-28T05:15:26.5884157Z #define __os_arm64x_get_x64_information __os_arm64x_rdtsc
windows	Inspect the pinned native Windows SDK and toolchain	2026-08-28T05:15:26.5885903Z #endif
windows	Inspect the pinned native Windows SDK and toolchain	2026-08-28T05:15:26.5888431Z #ifndef __os_arm64x_set_x64_information
windows	Inspect the pinned native Windows SDK and toolchain	2026-08-28T05:15:26.5890503Z #define __os_arm64x_set_x64_information __os_arm64x_cpuidex
windows	Inspect the pinned native Windows SDK and toolchain	2026-08-28T05:15:26.5892529Z #endif
windows	Inspect the pinned native Windows SDK and toolchain	2026-08-28T05:15:26.5894148Z 
windows	Inspect the pinned native Windows SDK and toolchain	2026-08-28T05:15:26.5896495Z #ifdef __cplusplus
windows	Inspect the pinned native Windows SDK and toolchain	2026-08-28T05:15:26.5898389Z }
windows	Inspect the pinned native Windows SDK and toolchain	2026-08-28T05:15:26.5899963Z #endif
windows	Inspect the pinned native Windows SDK and toolchain	2026-08-28T05:15:26.5902009Z --- um/winternl.h line 1036 ---
windows	Inspect the pinned native Windows SDK and toolchain	2026-08-28T05:15:26.5903979Z //
windows	Inspect the pinned native Windows SDK and toolchain	2026-08-28T05:15:26.5906680Z // Define the I/O status information return values for NtCreateFile/NtOpenFile
windows	Inspect the pinned native Windows SDK and toolchain	2026-08-28T05:15:26.5908346Z //
windows	Inspect the pinned native Windows SDK and toolchain	2026-08-28T05:15:26.5909996Z 
windows	Inspect the pinned native Windows SDK and toolchain	2026-08-28T05:15:26.5912273Z #define FILE_SUPERSEDED                 0x00000000
windows	Inspect the pinned native Windows SDK and toolchain	2026-08-28T05:15:26.5914318Z #define FILE_OPENED                     0x00000001
windows	Inspect the pinned native Windows SDK and toolchain	2026-08-28T05:15:26.5916358Z #define FILE_CREATED                    0x00000002
windows	Inspect the pinned native Windows SDK and toolchain	2026-08-28T05:15:26.5918474Z #define FILE_OVERWRITTEN                0x00000003
windows	Inspect the pinned native Windows SDK and toolchain	2026-08-28T05:15:26.5920663Z #define FILE_EXISTS                     0x00000004
windows	Inspect the pinned native Windows SDK and toolchain	2026-08-28T05:15:26.5922421Z #define FILE_DOES_NOT_EXIST             0x00000005
windows	Inspect the pinned native Windows SDK and toolchain	2026-08-28T05:15:26.5924402Z 
windows	Inspect the pinned native Windows SDK and toolchain	2026-08-28T05:15:26.5926859Z #ifndef __os_arm64x_get_x64_information
windows	Inspect the pinned native Windows SDK and toolchain	2026-08-28T05:15:26.5929195Z #define __os_arm64x_get_x64_information __os_arm64x_rdtsc
windows	Inspect the pinned native Windows SDK and toolchain	2026-08-28T05:15:26.5930975Z #endif
windows	Inspect the pinned native Windows SDK and toolchain	2026-08-28T05:15:26.5933443Z #ifndef __os_arm64x_set_x64_information
windows	Inspect the pinned native Windows SDK and toolchain	2026-08-28T05:15:26.5935523Z #define __os_arm64x_set_x64_information __os_arm64x_cpuidex
windows	Inspect the pinned native Windows SDK and toolchain	2026-08-28T05:15:26.5937449Z #endif
windows	Inspect the pinned native Windows SDK and toolchain	2026-08-28T05:15:26.5939212Z 
windows	Inspect the pinned native Windows SDK and toolchain	2026-08-28T05:15:26.5941630Z #ifdef __cplusplus
windows	Inspect the pinned native Windows SDK and toolchain	2026-08-28T05:15:26.5943241Z }
windows	Inspect the pinned native Windows SDK and toolchain	2026-08-28T05:15:26.5945234Z #endif
windows	Inspect the pinned native Windows SDK and toolchain	2026-08-28T05:15:26.5947013Z 
windows	Inspect the pinned native Windows SDK and toolchain	2026-08-28T05:15:26.5949285Z #endif // (_WIN32_WINNT >= 0x0500)
windows	Inspect the pinned native Windows SDK and toolchain	2026-08-28T05:15:26.5951199Z 
windows	Inspect the pinned native Windows SDK and toolchain	2026-08-28T05:15:26.5953012Z 
windows	Inspect the pinned native Windows SDK and toolchain	2026-08-28T05:15:26.5955530Z #endif /* WINAPI_FAMILY_PARTITION(WINAPI_PARTITION_DESKTOP | WINAPI_PARTITION_SYSTEM) */
windows	Inspect the pinned native Windows SDK and toolchain	2026-08-28T05:15:26.5956383Z #pragma endregion
windows	Inspect the pinned native Windows SDK and toolchain	2026-08-28T05:15:26.5958705Z 
windows	Inspect the pinned native Windows SDK and toolchain	2026-08-28T05:15:26.5960675Z #endif // _WINTERNL_
windows	Inspect the pinned native Windows SDK and toolchain	2026-08-28T05:15:26.5962576Z --- um/WinBase.h line 9104 ---
windows	Inspect the pinned native Windows SDK and toolchain	2026-08-28T05:15:26.5964444Z #if (_WIN32_WINNT >= _WIN32_WINNT_WIN10_RS1)
windows	Inspect the pinned native Windows SDK and toolchain	2026-08-28T05:15:26.5967132Z #define FILE_RENAME_FLAG_REPLACE_IF_EXISTS                  0x00000001
windows	Inspect the pinned native Windows SDK and toolchain	2026-08-28T05:15:26.5969218Z #define FILE_RENAME_FLAG_POSIX_SEMANTICS                    0x00000002
windows	Inspect the pinned native Windows SDK and toolchain	2026-08-28T05:15:26.5971145Z #endif
windows	Inspect the pinned native Windows SDK and toolchain	2026-08-28T05:15:26.5972849Z 
windows	Inspect the pinned native Windows SDK and toolchain	2026-08-28T05:15:26.5975119Z #if (_WIN32_WINNT >= _WIN32_WINNT_WIN10_RS3)
windows	Inspect the pinned native Windows SDK and toolchain	2026-08-28T05:15:26.5977190Z #define FILE_RENAME_FLAG_SUPPRESS_PIN_STATE_INHERITANCE     0x00000004
windows	Inspect the pinned native Windows SDK and toolchain	2026-08-28T05:15:26.5978848Z #endif
windows	Inspect the pinned native Windows SDK and toolchain	2026-08-28T05:15:26.5980818Z 
windows	Inspect the pinned native Windows SDK and toolchain	2026-08-28T05:15:26.5982615Z typedef struct _FILE_RENAME_INFO {
windows	Inspect the pinned native Windows SDK and toolchain	2026-08-28T05:15:26.5984643Z #if (_WIN32_WINNT >= _WIN32_WINNT_WIN10_RS1)
windows	Inspect the pinned native Windows SDK and toolchain	2026-08-28T05:15:26.5986819Z     union {
windows	Inspect the pinned native Windows SDK and toolchain	2026-08-28T05:15:26.5988708Z         BOOLEAN ReplaceIfExists;  // FileRenameInfo
windows	Inspect the pinned native Windows SDK and toolchain	2026-08-28T05:15:26.5990333Z         DWORD Flags;              // FileRenameInfoEx
windows	Inspect the pinned native Windows SDK and toolchain	2026-08-28T05:15:26.5992022Z     } DUMMYUNIONNAME;
windows	Inspect the pinned native Windows SDK and toolchain	2026-08-28T05:15:26.5993703Z #else
windows	Inspect the pinned native Windows SDK and toolchain	2026-08-28T05:15:26.5995523Z     BOOLEAN ReplaceIfExists;
windows	Inspect the pinned native Windows SDK and toolchain	2026-08-28T05:15:26.5997225Z #endif
windows	Inspect the pinned native Windows SDK and toolchain	2026-08-28T05:15:26.5999185Z     HANDLE RootDirectory;
windows	Inspect the pinned native Windows SDK and toolchain	2026-08-28T05:15:26.6001944Z     DWORD FileNameLength;
windows	Inspect the pinned native Windows SDK and toolchain	2026-08-28T05:15:26.6003887Z     WCHAR FileName[1];
windows	Inspect the pinned native Windows SDK and toolchain	2026-08-28T05:15:26.6005979Z } FILE_RENAME_INFO, *PFILE_RENAME_INFO;
windows	Inspect the pinned native Windows SDK and toolchain	2026-08-28T05:15:26.6007696Z 
windows	Inspect the pinned native Windows SDK and toolchain	2026-08-28T05:15:26.6010298Z typedef struct _FILE_ALLOCATION_INFO {
windows	Inspect the pinned native Windows SDK and toolchain	2026-08-28T05:15:26.6012469Z     LARGE_INTEGER AllocationSize;
windows	Inspect the pinned native Windows SDK and toolchain	2026-08-28T05:15:26.6014614Z } FILE_ALLOCATION_INFO, *PFILE_ALLOCATION_INFO;
windows	Inspect the pinned native Windows SDK and toolchain	2026-08-28T05:15:26.6015982Z 
windows	Inspect the pinned native Windows SDK and toolchain	2026-08-28T05:15:26.6018599Z typedef struct _FILE_END_OF_FILE_INFO {
windows	Inspect the pinned native Windows SDK and toolchain	2026-08-28T05:15:26.6020347Z     LARGE_INTEGER EndOfFile;
windows	Inspect the pinned native Windows SDK and toolchain	2026-08-28T05:15:26.6022558Z } FILE_END_OF_FILE_INFO, *PFILE_END_OF_FILE_INFO;
windows	Inspect the pinned native Windows SDK and toolchain	2026-08-28T05:15:26.6023699Z 
windows	Inspect the pinned native Windows SDK and toolchain	2026-08-28T05:15:26.6026329Z --- um/WinBase.h line 9105 ---
windows	Inspect the pinned native Windows SDK and toolchain	2026-08-28T05:15:26.6028433Z #define FILE_RENAME_FLAG_REPLACE_IF_EXISTS                  0x00000001
windows	Inspect the pinned native Windows SDK and toolchain	2026-08-28T05:15:26.6030639Z #define FILE_RENAME_FLAG_POSIX_SEMANTICS                    0x00000002
windows	Inspect the pinned native Windows SDK and toolchain	2026-08-28T05:15:26.6032587Z #endif
windows	Inspect the pinned native Windows SDK and toolchain	2026-08-28T05:15:26.6034192Z 
windows	Inspect the pinned native Windows SDK and toolchain	2026-08-28T05:15:26.6036524Z #if (_WIN32_WINNT >= _WIN32_WINNT_WIN10_RS3)
windows	Inspect the pinned native Windows SDK and toolchain	2026-08-28T05:15:26.6038906Z #define FILE_RENAME_FLAG_SUPPRESS_PIN_STATE_INHERITANCE     0x00000004
windows	Inspect the pinned native Windows SDK and toolchain	2026-08-28T05:15:26.6039867Z #endif
windows	Inspect the pinned native Windows SDK and toolchain	2026-08-28T05:15:26.6042409Z 
windows	Inspect the pinned native Windows SDK and toolchain	2026-08-28T05:15:26.6044419Z typedef struct _FILE_RENAME_INFO {
windows	Inspect the pinned native Windows SDK and toolchain	2026-08-28T05:15:26.6046359Z #if (_WIN32_WINNT >= _WIN32_WINNT_WIN10_RS1)
windows	Inspect the pinned native Windows SDK and toolchain	2026-08-28T05:15:26.6048615Z     union {
windows	Inspect the pinned native Windows SDK and toolchain	2026-08-28T05:15:26.6050729Z         BOOLEAN ReplaceIfExists;  // FileRenameInfo
windows	Inspect the pinned native Windows SDK and toolchain	2026-08-28T05:15:26.6052759Z         DWORD Flags;              // FileRenameInfoEx
windows	Inspect the pinned native Windows SDK and toolchain	2026-08-28T05:15:26.6054658Z     } DUMMYUNIONNAME;
windows	Inspect the pinned native Windows SDK and toolchain	2026-08-28T05:15:26.6056654Z #else
windows	Inspect the pinned native Windows SDK and toolchain	2026-08-28T05:15:26.6058651Z     BOOLEAN ReplaceIfExists;
windows	Inspect the pinned native Windows SDK and toolchain	2026-08-28T05:15:26.6171694Z #endif
windows	Inspect the pinned native Windows SDK and toolchain	2026-08-28T05:15:26.6172259Z     HANDLE RootDirectory;
windows	Inspect the pinned native Windows SDK and toolchain	2026-08-28T05:15:26.6174845Z     DWORD FileNameLength;
windows	Inspect the pinned native Windows SDK and toolchain	2026-08-28T05:15:26.6176889Z     WCHAR FileName[1];
windows	Inspect the pinned native Windows SDK and toolchain	2026-08-28T05:15:26.6178980Z } FILE_RENAME_INFO, *PFILE_RENAME_INFO;
windows	Inspect the pinned native Windows SDK and toolchain	2026-08-28T05:15:26.6180758Z 
windows	Inspect the pinned native Windows SDK and toolchain	2026-08-28T05:15:26.6182761Z typedef struct _FILE_ALLOCATION_INFO {
windows	Inspect the pinned native Windows SDK and toolchain	2026-08-28T05:15:26.6184725Z     LARGE_INTEGER AllocationSize;
windows	Inspect the pinned native Windows SDK and toolchain	2026-08-28T05:15:26.6187453Z } FILE_ALLOCATION_INFO, *PFILE_ALLOCATION_INFO;
windows	Inspect the pinned native Windows SDK and toolchain	2026-08-28T05:15:26.6188300Z 
windows	Inspect the pinned native Windows SDK and toolchain	2026-08-28T05:15:26.6191253Z typedef struct _FILE_END_OF_FILE_INFO {
windows	Inspect the pinned native Windows SDK and toolchain	2026-08-28T05:15:26.6192647Z     LARGE_INTEGER EndOfFile;
windows	Inspect the pinned native Windows SDK and toolchain	2026-08-28T05:15:26.6195487Z } FILE_END_OF_FILE_INFO, *PFILE_END_OF_FILE_INFO;
windows	Inspect the pinned native Windows SDK and toolchain	2026-08-28T05:15:26.6196228Z 
windows	Inspect the pinned native Windows SDK and toolchain	2026-08-28T05:15:26.6198769Z typedef struct _FILE_STREAM_INFO {
windows	Inspect the pinned native Windows SDK and toolchain	2026-08-28T05:15:26.6200596Z --- um/WinBase.h line 9109 ---
windows	Inspect the pinned native Windows SDK and toolchain	2026-08-28T05:15:26.6202540Z #if (_WIN32_WINNT >= _WIN32_WINNT_WIN10_RS3)
windows	Inspect the pinned native Windows SDK and toolchain	2026-08-28T05:15:26.6204935Z #define FILE_RENAME_FLAG_SUPPRESS_PIN_STATE_INHERITANCE     0x00000004
windows	Inspect the pinned native Windows SDK and toolchain	2026-08-28T05:15:26.6206130Z #endif
windows	Inspect the pinned native Windows SDK and toolchain	2026-08-28T05:15:26.6208463Z 
windows	Inspect the pinned native Windows SDK and toolchain	2026-08-28T05:15:26.6210783Z typedef struct _FILE_RENAME_INFO {
windows	Inspect the pinned native Windows SDK and toolchain	2026-08-28T05:15:26.6212854Z #if (_WIN32_WINNT >= _WIN32_WINNT_WIN10_RS1)
windows	Inspect the pinned native Windows SDK and toolchain	2026-08-28T05:15:26.6214474Z     union {
windows	Inspect the pinned native Windows SDK and toolchain	2026-08-28T05:15:26.6216673Z         BOOLEAN ReplaceIfExists;  // FileRenameInfo
windows	Inspect the pinned native Windows SDK and toolchain	2026-08-28T05:15:26.6218767Z         DWORD Flags;              // FileRenameInfoEx
windows	Inspect the pinned native Windows SDK and toolchain	2026-08-28T05:15:26.6220767Z     } DUMMYUNIONNAME;
windows	Inspect the pinned native Windows SDK and toolchain	2026-08-28T05:15:26.6222708Z #else
windows	Inspect the pinned native Windows SDK and toolchain	2026-08-28T05:15:26.6224644Z     BOOLEAN ReplaceIfExists;
windows	Inspect the pinned native Windows SDK and toolchain	2026-08-28T05:15:26.6226326Z #endif
windows	Inspect the pinned native Windows SDK and toolchain	2026-08-28T05:15:26.6228677Z     HANDLE RootDirectory;
windows	Inspect the pinned native Windows SDK and toolchain	2026-08-28T05:15:26.6231088Z     DWORD FileNameLength;
windows	Inspect the pinned native Windows SDK and toolchain	2026-08-28T05:15:26.6232197Z     WCHAR FileName[1];
windows	Inspect the pinned native Windows SDK and toolchain	2026-08-28T05:15:26.6234713Z } FILE_RENAME_INFO, *PFILE_RENAME_INFO;
windows	Inspect the pinned native Windows SDK and toolchain	2026-08-28T05:15:26.6236274Z 
windows	Inspect the pinned native Windows SDK and toolchain	2026-08-28T05:15:26.6238527Z typedef struct _FILE_ALLOCATION_INFO {
windows	Inspect the pinned native Windows SDK and toolchain	2026-08-28T05:15:26.6240197Z     LARGE_INTEGER AllocationSize;
windows	Inspect the pinned native Windows SDK and toolchain	2026-08-28T05:15:26.6241991Z } FILE_ALLOCATION_INFO, *PFILE_ALLOCATION_INFO;
windows	Inspect the pinned native Windows SDK and toolchain	2026-08-28T05:15:26.6243757Z 
windows	Inspect the pinned native Windows SDK and toolchain	2026-08-28T05:15:26.6245500Z typedef struct _FILE_END_OF_FILE_INFO {
windows	Inspect the pinned native Windows SDK and toolchain	2026-08-28T05:15:26.6247473Z     LARGE_INTEGER EndOfFile;
windows	Inspect the pinned native Windows SDK and toolchain	2026-08-28T05:15:26.6249865Z } FILE_END_OF_FILE_INFO, *PFILE_END_OF_FILE_INFO;
windows	Inspect the pinned native Windows SDK and toolchain	2026-08-28T05:15:26.6251549Z 
windows	Inspect the pinned native Windows SDK and toolchain	2026-08-28T05:15:26.6253793Z typedef struct _FILE_STREAM_INFO {
windows	Inspect the pinned native Windows SDK and toolchain	2026-08-28T05:15:26.6255127Z     DWORD NextEntryOffset;
windows	Inspect the pinned native Windows SDK and toolchain	2026-08-28T05:15:26.6257511Z     DWORD StreamNameLength;
windows	Inspect the pinned native Windows SDK and toolchain	2026-08-28T05:15:26.6259125Z     LARGE_INTEGER StreamSize;
windows	Inspect the pinned native Windows SDK and toolchain	2026-08-28T05:15:26.6261280Z     LARGE_INTEGER StreamAllocationSize;
windows	Inspect the pinned native Windows SDK and toolchain	2026-08-28T05:15:26.6262573Z --- um/WinBase.h line 9112 ---
windows	Inspect the pinned native Windows SDK and toolchain	2026-08-28T05:15:26.6264692Z 
windows	Inspect the pinned native Windows SDK and toolchain	2026-08-28T05:15:26.6266755Z typedef struct _FILE_RENAME_INFO {
windows	Inspect the pinned native Windows SDK and toolchain	2026-08-28T05:15:26.6268719Z #if (_WIN32_WINNT >= _WIN32_WINNT_WIN10_RS1)
windows	Inspect the pinned native Windows SDK and toolchain	2026-08-28T05:15:26.6270405Z     union {
windows	Inspect the pinned native Windows SDK and toolchain	2026-08-28T05:15:26.6272579Z         BOOLEAN ReplaceIfExists;  // FileRenameInfo
windows	Inspect the pinned native Windows SDK and toolchain	2026-08-28T05:15:26.6274481Z         DWORD Flags;              // FileRenameInfoEx
windows	Inspect the pinned native Windows SDK and toolchain	2026-08-28T05:15:26.6276571Z     } DUMMYUNIONNAME;
windows	Inspect the pinned native Windows SDK and toolchain	2026-08-28T05:15:26.6278585Z #else
windows	Inspect the pinned native Windows SDK and toolchain	2026-08-28T05:15:26.6280639Z     BOOLEAN ReplaceIfExists;
windows	Inspect the pinned native Windows SDK and toolchain	2026-08-28T05:15:26.6282356Z #endif
windows	Inspect the pinned native Windows SDK and toolchain	2026-08-28T05:15:26.6284579Z     HANDLE RootDirectory;
windows	Inspect the pinned native Windows SDK and toolchain	2026-08-28T05:15:26.6286210Z     DWORD FileNameLength;
windows	Inspect the pinned native Windows SDK and toolchain	2026-08-28T05:15:26.6288294Z     WCHAR FileName[1];
windows	Inspect the pinned native Windows SDK and toolchain	2026-08-28T05:15:26.6290315Z } FILE_RENAME_INFO, *PFILE_RENAME_INFO;
windows	Inspect the pinned native Windows SDK and toolchain	2026-08-28T05:15:26.6292214Z 
windows	Inspect the pinned native Windows SDK and toolchain	2026-08-28T05:15:26.6294530Z typedef struct _FILE_ALLOCATION_INFO {
windows	Inspect the pinned native Windows SDK and toolchain	2026-08-28T05:15:26.6295933Z     LARGE_INTEGER AllocationSize;
windows	Inspect the pinned native Windows SDK and toolchain	2026-08-28T05:15:26.6298085Z } FILE_ALLOCATION_INFO, *PFILE_ALLOCATION_INFO;
windows	Inspect the pinned native Windows SDK and toolchain	2026-08-28T05:15:26.6299887Z 
windows	Inspect the pinned native Windows SDK and toolchain	2026-08-28T05:15:26.6301885Z typedef struct _FILE_END_OF_FILE_INFO {
windows	Inspect the pinned native Windows SDK and toolchain	2026-08-28T05:15:26.6303524Z     LARGE_INTEGER EndOfFile;
windows	Inspect the pinned native Windows SDK and toolchain	2026-08-28T05:15:26.6305760Z } FILE_END_OF_FILE_INFO, *PFILE_END_OF_FILE_INFO;
windows	Inspect the pinned native Windows SDK and toolchain	2026-08-28T05:15:26.6307175Z 
windows	Inspect the pinned native Windows SDK and toolchain	2026-08-28T05:15:26.6309665Z typedef struct _FILE_STREAM_INFO {
windows	Inspect the pinned native Windows SDK and toolchain	2026-08-28T05:15:26.6311937Z     DWORD NextEntryOffset;
windows	Inspect the pinned native Windows SDK and toolchain	2026-08-28T05:15:26.6312621Z     DWORD StreamNameLength;
windows	Inspect the pinned native Windows SDK and toolchain	2026-08-28T05:15:26.6315192Z     LARGE_INTEGER StreamSize;
windows	Inspect the pinned native Windows SDK and toolchain	2026-08-28T05:15:26.6317356Z     LARGE_INTEGER StreamAllocationSize;
windows	Inspect the pinned native Windows SDK and toolchain	2026-08-28T05:15:26.6319477Z     WCHAR StreamName[1];
windows	Inspect the pinned native Windows SDK and toolchain	2026-08-28T05:15:26.6321359Z } FILE_STREAM_INFO, *PFILE_STREAM_INFO;
windows	Inspect the pinned native Windows SDK and toolchain	2026-08-28T05:15:26.6323019Z 
windows	Inspect the pinned native Windows SDK and toolchain	2026-08-28T05:15:26.6325243Z --- um/WinBase.h line 9116 ---
windows	Inspect the pinned native Windows SDK and toolchain	2026-08-28T05:15:26.6327104Z         BOOLEAN ReplaceIfExists;  // FileRenameInfo
windows	Inspect the pinned native Windows SDK and toolchain	2026-08-28T05:15:26.6328780Z         DWORD Flags;              // FileRenameInfoEx
windows	Inspect the pinned native Windows SDK and toolchain	2026-08-28T05:15:26.6330899Z     } DUMMYUNIONNAME;
windows	Inspect the pinned native Windows SDK and toolchain	2026-08-28T05:15:26.6333678Z #else
windows	Inspect the pinned native Windows SDK and toolchain	2026-08-28T05:15:26.6334032Z     BOOLEAN ReplaceIfExists;
windows	Inspect the pinned native Windows SDK and toolchain	2026-08-28T05:15:26.6336563Z #endif
windows	Inspect the pinned native Windows SDK and toolchain	2026-08-28T05:15:26.6338756Z     HANDLE RootDirectory;
windows	Inspect the pinned native Windows SDK and toolchain	2026-08-28T05:15:26.6341074Z     DWORD FileNameLength;
windows	Inspect the pinned native Windows SDK and toolchain	2026-08-28T05:15:26.6342674Z     WCHAR FileName[1];
windows	Inspect the pinned native Windows SDK and toolchain	2026-08-28T05:15:26.6345169Z } FILE_RENAME_INFO, *PFILE_RENAME_INFO;
windows	Inspect the pinned native Windows SDK and toolchain	2026-08-28T05:15:26.6345797Z 
windows	Inspect the pinned native Windows SDK and toolchain	2026-08-28T05:15:26.6348344Z typedef struct _FILE_ALLOCATION_INFO {
windows	Inspect the pinned native Windows SDK and toolchain	2026-08-28T05:15:26.6350260Z     LARGE_INTEGER AllocationSize;
windows	Inspect the pinned native Windows SDK and toolchain	2026-08-28T05:15:26.6352231Z } FILE_ALLOCATION_INFO, *PFILE_ALLOCATION_INFO;
windows	Inspect the pinned native Windows SDK and toolchain	2026-08-28T05:15:26.6354095Z 
windows	Inspect the pinned native Windows SDK and toolchain	2026-08-28T05:15:26.6356109Z typedef struct _FILE_END_OF_FILE_INFO {
windows	Inspect the pinned native Windows SDK and toolchain	2026-08-28T05:15:26.6357609Z     LARGE_INTEGER EndOfFile;
windows	Inspect the pinned native Windows SDK and toolchain	2026-08-28T05:15:26.6360073Z } FILE_END_OF_FILE_INFO, *PFILE_END_OF_FILE_INFO;
windows	Inspect the pinned native Windows SDK and toolchain	2026-08-28T05:15:26.6361215Z 
windows	Inspect the pinned native Windows SDK and toolchain	2026-08-28T05:15:26.6364518Z typedef struct _FILE_STREAM_INFO {
windows	Inspect the pinned native Windows SDK and toolchain	2026-08-28T05:15:26.6366695Z     DWORD NextEntryOffset;
windows	Inspect the pinned native Windows SDK and toolchain	2026-08-28T05:15:26.6368352Z     DWORD StreamNameLength;
windows	Inspect the pinned native Windows SDK and toolchain	2026-08-28T05:15:26.6370477Z     LARGE_INTEGER StreamSize;
windows	Inspect the pinned native Windows SDK and toolchain	2026-08-28T05:15:26.6372248Z     LARGE_INTEGER StreamAllocationSize;
windows	Inspect the pinned native Windows SDK and toolchain	2026-08-28T05:15:26.6374105Z     WCHAR StreamName[1];
windows	Inspect the pinned native Windows SDK and toolchain	2026-08-28T05:15:26.6376066Z } FILE_STREAM_INFO, *PFILE_STREAM_INFO;
windows	Inspect the pinned native Windows SDK and toolchain	2026-08-28T05:15:26.6377955Z 
windows	Inspect the pinned native Windows SDK and toolchain	2026-08-28T05:15:26.6379819Z typedef struct _FILE_COMPRESSION_INFO {
windows	Inspect the pinned native Windows SDK and toolchain	2026-08-28T05:15:26.6381509Z     LARGE_INTEGER CompressedFileSize;
windows	Inspect the pinned native Windows SDK and toolchain	2026-08-28T05:15:26.6383783Z     WORD CompressionFormat;
windows	Inspect the pinned native Windows SDK and toolchain	2026-08-28T05:15:26.6385592Z     UCHAR CompressionUnitShift;
windows	Inspect the pinned native Windows SDK and toolchain	2026-08-28T05:15:26.6387625Z --- um/WinBase.h line 9156 ---
windows	Inspect the pinned native Windows SDK and toolchain	2026-08-28T05:15:26.6389662Z 
windows	Inspect the pinned native Windows SDK and toolchain	2026-08-28T05:15:26.6391416Z typedef struct _FILE_DISPOSITION_INFO {
windows	Inspect the pinned native Windows SDK and toolchain	2026-08-28T05:15:26.6393623Z     BOOLEAN DeleteFile;
windows	Inspect the pinned native Windows SDK and toolchain	2026-08-28T05:15:26.6395235Z } FILE_DISPOSITION_INFO, *PFILE_DISPOSITION_INFO;
windows	Inspect the pinned native Windows SDK and toolchain	2026-08-28T05:15:26.6396991Z 
windows	Inspect the pinned native Windows SDK and toolchain	2026-08-28T05:15:26.6399296Z #if (_WIN32_WINNT >= _WIN32_WINNT_WIN10_RS1)
windows	Inspect the pinned native Windows SDK and toolchain	2026-08-28T05:15:26.6401018Z #define FILE_DISPOSITION_FLAG_DO_NOT_DELETE              0x00000000
windows	Inspect the pinned native Windows SDK and toolchain	2026-08-28T05:15:26.6403938Z #define FILE_DISPOSITION_FLAG_DELETE                     0x00000001
windows	Inspect the pinned native Windows SDK and toolchain	2026-08-28T05:15:26.6405048Z #define FILE_DISPOSITION_FLAG_POSIX_SEMANTICS            0x00000002
windows	Inspect the pinned native Windows SDK and toolchain	2026-08-28T05:15:26.6407688Z #define FILE_DISPOSITION_FLAG_FORCE_IMAGE_SECTION_CHECK  0x00000004
windows	Inspect the pinned native Windows SDK and toolchain	2026-08-28T05:15:26.6408747Z #define FILE_DISPOSITION_FLAG_ON_CLOSE                   0x00000008
windows	Inspect the pinned native Windows SDK and toolchain	2026-08-28T05:15:26.6410983Z #if (_WIN32_WINNT >= _WIN32_WINNT_WIN10_RS5)
windows	Inspect the pinned native Windows SDK and toolchain	2026-08-28T05:15:26.6412965Z #define FILE_DISPOSITION_FLAG_IGNORE_READONLY_ATTRIBUTE  0x00000010
windows	Inspect the pinned native Windows SDK and toolchain	2026-08-28T05:15:26.6414823Z #endif
windows	Inspect the pinned native Windows SDK and toolchain	2026-08-28T05:15:26.6416442Z 
windows	Inspect the pinned native Windows SDK and toolchain	2026-08-28T05:15:26.6418802Z typedef struct _FILE_DISPOSITION_INFO_EX {
windows	Inspect the pinned native Windows SDK and toolchain	2026-08-28T05:15:26.6420480Z     DWORD Flags;
windows	Inspect the pinned native Windows SDK and toolchain	2026-08-28T05:15:26.6422265Z } FILE_DISPOSITION_INFO_EX, *PFILE_DISPOSITION_INFO_EX;
windows	Inspect the pinned native Windows SDK and toolchain	2026-08-28T05:15:26.6424390Z #endif
windows	Inspect the pinned native Windows SDK and toolchain	2026-08-28T05:15:26.6426052Z 
windows	Inspect the pinned native Windows SDK and toolchain	2026-08-28T05:15:26.6428194Z typedef struct _FILE_ID_BOTH_DIR_INFO {
windows	Inspect the pinned native Windows SDK and toolchain	2026-08-28T05:15:26.6430037Z     DWORD NextEntryOffset;
windows	Inspect the pinned native Windows SDK and toolchain	2026-08-28T05:15:26.6432034Z     DWORD FileIndex;
windows	Inspect the pinned native Windows SDK and toolchain	2026-08-28T05:15:26.6434117Z     LARGE_INTEGER CreationTime;
windows	Inspect the pinned native Windows SDK and toolchain	2026-08-28T05:15:26.6436157Z     LARGE_INTEGER LastAccessTime;
windows	Inspect the pinned native Windows SDK and toolchain	2026-08-28T05:15:26.6438116Z     LARGE_INTEGER LastWriteTime;
windows	Inspect the pinned native Windows SDK and toolchain	2026-08-28T05:15:26.6440047Z     LARGE_INTEGER ChangeTime;
windows	Inspect the pinned native Windows SDK and toolchain	2026-08-28T05:15:26.6441997Z     LARGE_INTEGER EndOfFile;
windows	Inspect the pinned native Windows SDK and toolchain	2026-08-28T05:15:26.6443137Z     LARGE_INTEGER AllocationSize;
windows	Inspect the pinned native Windows SDK and toolchain	2026-08-28T05:15:26.6446172Z     DWORD FileAttributes;
windows	Inspect the pinned native Windows SDK and toolchain	2026-08-28T05:15:26.6448019Z     DWORD FileNameLength;
windows	Inspect the pinned native Windows SDK and toolchain	2026-08-28T05:15:26.6450242Z --- um/WinBase.h line 9170 ---
windows	Inspect the pinned native Windows SDK and toolchain	2026-08-28T05:15:26.6452033Z 
windows	Inspect the pinned native Windows SDK and toolchain	2026-08-28T05:15:26.6454170Z typedef struct _FILE_DISPOSITION_INFO_EX {
windows	Inspect the pinned native Windows SDK and toolchain	2026-08-28T05:15:26.6455597Z     DWORD Flags;
windows	Inspect the pinned native Windows SDK and toolchain	2026-08-28T05:15:26.6458001Z } FILE_DISPOSITION_INFO_EX, *PFILE_DISPOSITION_INFO_EX;
windows	Inspect the pinned native Windows SDK and toolchain	2026-08-28T05:15:26.6459207Z #endif
windows	Inspect the pinned native Windows SDK and toolchain	2026-08-28T05:15:26.6461382Z 
windows	Inspect the pinned native Windows SDK and toolchain	2026-08-28T05:15:26.6463680Z typedef struct _FILE_ID_BOTH_DIR_INFO {
windows	Inspect the pinned native Windows SDK and toolchain	2026-08-28T05:15:26.6464752Z     DWORD NextEntryOffset;
windows	Inspect the pinned native Windows SDK and toolchain	2026-08-28T05:15:26.6467132Z     DWORD FileIndex;
windows	Inspect the pinned native Windows SDK and toolchain	2026-08-28T05:15:26.6469323Z     LARGE_INTEGER CreationTime;
windows	Inspect the pinned native Windows SDK and toolchain	2026-08-28T05:15:26.6471691Z     LARGE_INTEGER LastAccessTime;
windows	Inspect the pinned native Windows SDK and toolchain	2026-08-28T05:15:26.6473185Z     LARGE_INTEGER LastWriteTime;
windows	Inspect the pinned native Windows SDK and toolchain	2026-08-28T05:15:26.6475260Z     LARGE_INTEGER ChangeTime;
windows	Inspect the pinned native Windows SDK and toolchain	2026-08-28T05:15:26.6477116Z     LARGE_INTEGER EndOfFile;
windows	Inspect the pinned native Windows SDK and toolchain	2026-08-28T05:15:26.6479247Z     LARGE_INTEGER AllocationSize;
windows	Inspect the pinned native Windows SDK and toolchain	2026-08-28T05:15:26.6567325Z     DWORD FileAttributes;
windows	Inspect the pinned native Windows SDK and toolchain	2026-08-28T05:15:26.6568375Z     DWORD FileNameLength;
windows	Inspect the pinned native Windows SDK and toolchain	2026-08-28T05:15:26.6569193Z     DWORD EaSize;
windows	Inspect the pinned native Windows SDK and toolchain	2026-08-28T05:15:26.6569663Z     CCHAR ShortNameLength;
windows	Inspect the pinned native Windows SDK and toolchain	2026-08-28T05:15:26.6570363Z     WCHAR ShortName[12];
windows	Inspect the pinned native Windows SDK and toolchain	2026-08-28T05:15:26.6571195Z     LARGE_INTEGER FileId;
windows	Inspect the pinned native Windows SDK and toolchain	2026-08-28T05:15:26.6571558Z     WCHAR FileName[1];
windows	Inspect the pinned native Windows SDK and toolchain	2026-08-28T05:15:26.6571957Z } FILE_ID_BOTH_DIR_INFO, *PFILE_ID_BOTH_DIR_INFO;
windows	Inspect the pinned native Windows SDK and toolchain	2026-08-28T05:15:26.6572303Z 
windows	Inspect the pinned native Windows SDK and toolchain	2026-08-28T05:15:26.6572469Z typedef struct _FILE_FULL_DIR_INFO {
windows	Inspect the pinned native Windows SDK and toolchain	2026-08-28T05:15:26.6573245Z     ULONG NextEntryOffset;
windows	Inspect the pinned native Windows SDK and toolchain	2026-08-28T05:15:26.6573636Z     ULONG FileIndex;
windows	Inspect the pinned native Windows SDK and toolchain	2026-08-28T05:15:26.6573984Z     LARGE_INTEGER CreationTime;
windows	Inspect the pinned native Windows SDK and toolchain	2026-08-28T05:15:26.6574390Z     LARGE_INTEGER LastAccessTime;
windows	Inspect the pinned native Windows SDK and toolchain	2026-08-28T05:15:26.6574813Z     LARGE_INTEGER LastWriteTime;
windows	Inspect the pinned native Windows SDK and toolchain	2026-08-28T05:15:26.6575225Z     LARGE_INTEGER ChangeTime;
windows	Inspect the pinned native Windows SDK and toolchain	2026-08-28T05:15:26.6576126Z --- um/WinBase.h line 9259 ---
windows	Inspect the pinned native Windows SDK and toolchain	2026-08-28T05:15:26.6576662Z //
windows	Inspect the pinned native Windows SDK and toolchain	2026-08-28T05:15:26.6576984Z typedef struct _FILE_ID_INFO {
windows	Inspect the pinned native Windows SDK and toolchain	2026-08-28T05:15:26.6577414Z     ULONGLONG VolumeSerialNumber;
windows	Inspect the pinned native Windows SDK and toolchain	2026-08-28T05:15:26.6577830Z     FILE_ID_128 FileId;
windows	Inspect the pinned native Windows SDK and toolchain	2026-08-28T05:15:26.6578434Z } FILE_ID_INFO, *PFILE_ID_INFO;
windows	Inspect the pinned native Windows SDK and toolchain	2026-08-28T05:15:26.6578955Z 
windows	Inspect the pinned native Windows SDK and toolchain	2026-08-28T05:15:26.6579069Z //
windows	Inspect the pinned native Windows SDK and toolchain	2026-08-28T05:15:26.6579456Z //  Structure definition for FileIdExtdDirectoryInfo
windows	Inspect the pinned native Windows SDK and toolchain	2026-08-28T05:15:26.6579948Z //
windows	Inspect the pinned native Windows SDK and toolchain	2026-08-28T05:15:26.6580275Z typedef struct _FILE_ID_EXTD_DIR_INFO {
windows	Inspect the pinned native Windows SDK and toolchain	2026-08-28T05:15:26.6580998Z     ULONG NextEntryOffset;
windows	Inspect the pinned native Windows SDK and toolchain	2026-08-28T05:15:26.6581391Z     ULONG FileIndex;
windows	Inspect the pinned native Windows SDK and toolchain	2026-08-28T05:15:26.6581738Z     LARGE_INTEGER CreationTime;
windows	Inspect the pinned native Windows SDK and toolchain	2026-08-28T05:15:26.6582163Z     LARGE_INTEGER LastAccessTime;
windows	Inspect the pinned native Windows SDK and toolchain	2026-08-28T05:15:26.6582864Z     LARGE_INTEGER LastWriteTime;
windows	Inspect the pinned native Windows SDK and toolchain	2026-08-28T05:15:26.6583306Z     LARGE_INTEGER ChangeTime;
windows	Inspect the pinned native Windows SDK and toolchain	2026-08-28T05:15:26.6584111Z     LARGE_INTEGER EndOfFile;
windows	Inspect the pinned native Windows SDK and toolchain	2026-08-28T05:15:26.6584541Z     LARGE_INTEGER AllocationSize;
windows	Inspect the pinned native Windows SDK and toolchain	2026-08-28T05:15:26.6584952Z     ULONG FileAttributes;
windows	Inspect the pinned native Windows SDK and toolchain	2026-08-28T05:15:26.6585373Z     ULONG FileNameLength;
windows	Inspect the pinned native Windows SDK and toolchain	2026-08-28T05:15:26.6585767Z     ULONG EaSize;
windows	Inspect the pinned native Windows SDK and toolchain	2026-08-28T05:15:26.6586518Z     ULONG ReparsePointTag;
windows	Inspect the pinned native Windows SDK and toolchain	2026-08-28T05:15:26.6587175Z     FILE_ID_128 FileId;
windows	Inspect the pinned native Windows SDK and toolchain	2026-08-28T05:15:26.6587553Z     WCHAR FileName[1];
windows	Inspect the pinned native Windows SDK and toolchain	2026-08-28T05:15:26.6588035Z } FILE_ID_EXTD_DIR_INFO, *PFILE_ID_EXTD_DIR_INFO;
windows	Inspect the pinned native Windows SDK and toolchain	2026-08-28T05:15:26.6588391Z 
windows	Inspect the pinned native Windows SDK and toolchain	2026-08-28T05:15:26.6588511Z #endif
windows	Inspect the pinned native Windows SDK and toolchain	2026-08-28T05:15:26.6588678Z 
windows	Inspect the pinned native Windows SDK and toolchain	2026-08-28T05:15:26.6588793Z //
windows	Inspect the pinned native Windows SDK and toolchain	2026-08-28T05:15:26.6589581Z // File Remote protocol info (FileRemoteProtocolInfo)
windows	Inspect the pinned native Windows SDK and toolchain	2026-08-28T05:15:26.6590072Z //
windows	Inspect the pinned native Windows SDK and toolchain	2026-08-28T05:15:26.6590386Z --- um/fileapi.h line 889 ---
windows	Inspect the pinned native Windows SDK and toolchain	2026-08-28T05:15:26.6590757Z WINAPI
windows	Inspect the pinned native Windows SDK and toolchain	2026-08-28T05:15:26.6591080Z GetVolumeInformationByHandleW(
windows	Inspect the pinned native Windows SDK and toolchain	2026-08-28T05:15:26.6591845Z     _In_ HANDLE hFile,
windows	Inspect the pinned native Windows SDK and toolchain	2026-08-28T05:15:26.6592392Z     _Out_writes_opt_(nVolumeNameSize) LPWSTR lpVolumeNameBuffer,
windows	Inspect the pinned native Windows SDK and toolchain	2026-08-28T05:15:26.6593010Z     _In_ DWORD nVolumeNameSize,
windows	Inspect the pinned native Windows SDK and toolchain	2026-08-28T05:15:26.6593491Z     _Out_opt_ LPDWORD lpVolumeSerialNumber,
windows	Inspect the pinned native Windows SDK and toolchain	2026-08-28T05:15:26.6594585Z     _Out_opt_ LPDWORD lpMaximumComponentLength,
windows	Inspect the pinned native Windows SDK and toolchain	2026-08-28T05:15:26.6595129Z     _Out_opt_ LPDWORD lpFileSystemFlags,
windows	Inspect the pinned native Windows SDK and toolchain	2026-08-28T05:15:26.6595785Z     _Out_writes_opt_(nFileSystemNameSize) LPWSTR lpFileSystemNameBuffer,
windows	Inspect the pinned native Windows SDK and toolchain	2026-08-28T05:15:26.6596717Z     _In_ DWORD nFileSystemNameSize
windows	Inspect the pinned native Windows SDK and toolchain	2026-08-28T05:15:26.6598891Z     );
windows	Inspect the pinned native Windows SDK and toolchain	2026-08-28T05:15:26.6600506Z 
windows	Inspect the pinned native Windows SDK and toolchain	2026-08-28T05:15:26.6602636Z #endif /* _WIN32_WINNT >=  0x0600 */
windows	Inspect the pinned native Windows SDK and toolchain	2026-08-28T05:15:26.6604393Z 
windows	Inspect the pinned native Windows SDK and toolchain	2026-08-28T05:15:26.6607163Z WINBASEAPI
windows	Inspect the pinned native Windows SDK and toolchain	2026-08-28T05:15:26.6608871Z BOOL
windows	Inspect the pinned native Windows SDK and toolchain	2026-08-28T05:15:26.6610721Z WINAPI
windows	Inspect the pinned native Windows SDK and toolchain	2026-08-28T05:15:26.6612418Z GetVolumeInformationW(
windows	Inspect the pinned native Windows SDK and toolchain	2026-08-28T05:15:26.6614455Z     _In_opt_ LPCWSTR lpRootPathName,
windows	Inspect the pinned native Windows SDK and toolchain	2026-08-28T05:15:26.6616938Z     _Out_writes_opt_(nVolumeNameSize) LPWSTR lpVolumeNameBuffer,
windows	Inspect the pinned native Windows SDK and toolchain	2026-08-28T05:15:26.6617871Z     _In_ DWORD nVolumeNameSize,
windows	Inspect the pinned native Windows SDK and toolchain	2026-08-28T05:15:26.6620525Z     _Out_opt_ LPDWORD lpVolumeSerialNumber,
windows	Inspect the pinned native Windows SDK and toolchain	2026-08-28T05:15:26.6621891Z     _Out_opt_ LPDWORD lpMaximumComponentLength,
windows	Inspect the pinned native Windows SDK and toolchain	2026-08-28T05:15:26.6624579Z     _Out_opt_ LPDWORD lpFileSystemFlags,
windows	Inspect the pinned native Windows SDK and toolchain	2026-08-28T05:15:26.6626530Z     _Out_writes_opt_(nFileSystemNameSize) LPWSTR lpFileSystemNameBuffer,
windows	Inspect the pinned native Windows SDK and toolchain	2026-08-28T05:15:26.6628728Z     _In_ DWORD nFileSystemNameSize
windows	Inspect the pinned native Windows SDK and toolchain	2026-08-28T05:15:26.6630535Z     );
windows	Inspect the pinned native Windows SDK and toolchain	2026-08-28T05:15:26.6632309Z 
windows	Inspect the pinned native Windows SDK and toolchain	2026-08-28T05:15:26.6634170Z #ifdef UNICODE
windows	Inspect the pinned native Windows SDK and toolchain	2026-08-28T05:15:26.6635986Z #define GetVolumeInformation  GetVolumeInformationW
windows	Inspect the pinned native Windows SDK and toolchain	2026-08-28T05:15:26.6637909Z #endif
windows	Fetch checksum-verified native Node inputs	﻿2026-08-28T05:15:26.7734183Z ##[group]Run @'
windows	Fetch checksum-verified native Node inputs	2026-08-28T05:15:26.7734683Z [36;1m@'[0m
windows	Fetch checksum-verified native Node inputs	2026-08-28T05:15:26.7735076Z [36;1mimport { createHash } from 'node:crypto';[0m
windows	Fetch checksum-verified native Node inputs	2026-08-28T05:15:26.7735726Z [36;1mimport { writeFileSync, appendFileSync } from 'node:fs';[0m
windows	Fetch checksum-verified native Node inputs	2026-08-28T05:15:26.7736434Z [36;1mimport { execFileSync } from 'node:child_process';[0m
windows	Fetch checksum-verified native Node inputs	2026-08-28T05:15:26.7737047Z [36;1mimport { join, basename } from 'node:path';[0m
windows	Fetch checksum-verified native Node inputs	2026-08-28T05:15:26.7738157Z [36;1mif (process.arch !== 'x64') throw new Error('Native x64 Node bootstrap required');[0m
windows	Fetch checksum-verified native Node inputs	2026-08-28T05:15:26.7739059Z [36;1mconst base = 'https://nodejs.org/dist/v20.19.0/';[0m
windows	Fetch checksum-verified native Node inputs	2026-08-28T05:15:26.7739773Z [36;1mconst sumsResponse = await fetch(base + 'SHASUMS256.txt');[0m
windows	Fetch checksum-verified native Node inputs	2026-08-28T05:15:26.7740599Z [36;1mif (!sumsResponse.ok) throw new Error('Cannot fetch checksums');[0m
windows	Fetch checksum-verified native Node inputs	2026-08-28T05:15:26.7741300Z [36;1mconst sums = await sumsResponse.text();[0m
windows	Fetch checksum-verified native Node inputs	2026-08-28T05:15:26.7742182Z [36;1mfor (const name of ['node-v20.19.0-win-x64.zip', 'node-v20.19.0-headers.tar.gz', 'win-x64/node.lib']) {[0m
windows	Fetch checksum-verified native Node inputs	2026-08-28T05:15:26.7743220Z [36;1m  const response = await fetch(base + name);[0m
windows	Fetch checksum-verified native Node inputs	2026-08-28T05:15:26.7743884Z [36;1m  if (!response.ok) throw new Error('Cannot fetch ' + name);[0m
windows	Fetch checksum-verified native Node inputs	2026-08-28T05:15:26.7744647Z [36;1m  const bytes = Buffer.from(await response.arrayBuffer());[0m
windows	Fetch checksum-verified native Node inputs	2026-08-28T05:15:26.7745482Z [36;1m  const sha256 = createHash('sha256').update(bytes).digest('hex');[0m
windows	Fetch checksum-verified native Node inputs	2026-08-28T05:15:26.7746585Z [36;1m  const expected = sums.split('\n').map(line => line.trim().split(/\s+/)).find(parts => parts[1] === name)?.[0];[0m
windows	Fetch checksum-verified native Node inputs	2026-08-28T05:15:26.7747744Z [36;1m  if (sha256 !== expected) throw new Error('Checksum mismatch: ' + name);[0m
windows	Fetch checksum-verified native Node inputs	2026-08-28T05:15:26.7748723Z [36;1m  writeFileSync(join(process.env.RUNNER_TEMP, basename(name)), bytes);[0m
windows	Fetch checksum-verified native Node inputs	2026-08-28T05:15:26.7749549Z [36;1m  console.log(JSON.stringify({name, sha256}));[0m
windows	Fetch checksum-verified native Node inputs	2026-08-28T05:15:26.7750085Z [36;1m}[0m
windows	Fetch checksum-verified native Node inputs	2026-08-28T05:15:26.7750940Z [36;1mexecFileSync('tar', ['-xf', join(process.env.RUNNER_TEMP, 'node-v20.19.0-win-x64.zip'), '-C', process.env.RUNNER_TEMP]);[0m
windows	Fetch checksum-verified native Node inputs	2026-08-28T05:15:26.7752463Z [36;1mappendFileSync(process.env.GITHUB_PATH, join(process.env.RUNNER_TEMP, 'node-v20.19.0-win-x64') + '\n');[0m
windows	Fetch checksum-verified native Node inputs	2026-08-28T05:15:26.7754083Z [36;1mappendFileSync(process.env.GITHUB_ENV, 'EXSPECSO_NODE_HEADERS=' + join(process.env.RUNNER_TEMP, 'node-v20.19.0-headers.tar.gz') + '\n');[0m
windows	Fetch checksum-verified native Node inputs	2026-08-28T05:15:26.7755798Z [36;1mappendFileSync(process.env.GITHUB_ENV, 'EXSPECSO_NODE_LIB=' + join(process.env.RUNNER_TEMP, 'node.lib') + '\n');[0m
windows	Fetch checksum-verified native Node inputs	2026-08-28T05:15:26.7756861Z [36;1m'@ | node --input-type=module[0m
windows	Fetch checksum-verified native Node inputs	2026-08-28T05:15:26.7757874Z [36;1mif ($LASTEXITCODE) { throw 'Node input verification failed' }[0m
windows	Fetch checksum-verified native Node inputs	2026-08-28T05:15:26.7909329Z shell: C:\Program Files\PowerShell\7\pwsh.EXE -command ". '{0}'"
windows	Fetch checksum-verified native Node inputs	2026-08-28T05:15:26.7909980Z ##[endgroup]
windows	Fetch checksum-verified native Node inputs	2026-08-28T05:15:30.6032835Z {"name":"node-v20.19.0-win-x64.zip","sha256":"be72284c7bc62de07d5a9fd0ae196879842c085f11f7f2b60bf8864c0c9d6a4f"}
windows	Fetch checksum-verified native Node inputs	2026-08-28T05:15:30.7041780Z {"name":"node-v20.19.0-headers.tar.gz","sha256":"800194e32cef4ee77f5a2e8c0e5dd2b4acb38b39ef2ea544929c181b949494bb"}
windows	Fetch checksum-verified native Node inputs	2026-08-28T05:15:30.8305783Z {"name":"win-x64/node.lib","sha256":"72f7ca3b33f0991e93e25521f7e78c8adf187df7d5223bf0efcb5e005420f327"}
windows	Install locked development dependencies without lifecycle scripts	﻿2026-08-28T05:15:31.8197330Z ##[group]Run npm ci --ignore-scripts
windows	Install locked development dependencies without lifecycle scripts	2026-08-28T05:15:31.8197963Z [36;1mnpm ci --ignore-scripts[0m
windows	Install locked development dependencies without lifecycle scripts	2026-08-28T05:15:31.8198502Z [36;1mif ($LASTEXITCODE) { throw 'npm ci failed' }[0m
windows	Install locked development dependencies without lifecycle scripts	2026-08-28T05:15:31.8344171Z shell: C:\Program Files\PowerShell\7\pwsh.EXE -command ". '{0}'"
windows	Install locked development dependencies without lifecycle scripts	2026-08-28T05:15:31.8344782Z env:
windows	Install locked development dependencies without lifecycle scripts	2026-08-28T05:15:31.8345185Z   EXSPECSO_NODE_HEADERS: D:\a\_temp\node-v20.19.0-headers.tar.gz
windows	Install locked development dependencies without lifecycle scripts	2026-08-28T05:15:31.8345728Z   EXSPECSO_NODE_LIB: D:\a\_temp\node.lib
windows	Install locked development dependencies without lifecycle scripts	2026-08-28T05:15:31.8346492Z ##[endgroup]
windows	Install locked development dependencies without lifecycle scripts	2026-08-28T05:15:36.2042875Z 
windows	Install locked development dependencies without lifecycle scripts	2026-08-28T05:15:36.2044261Z added 74 packages, and audited 75 packages in 4s
windows	Install locked development dependencies without lifecycle scripts	2026-08-28T05:15:36.2045057Z 
windows	Install locked development dependencies without lifecycle scripts	2026-08-28T05:15:36.2045496Z 20 packages are looking for funding
windows	Install locked development dependencies without lifecycle scripts	2026-08-28T05:15:36.2046108Z   run `npm fund` for details
windows	Install locked development dependencies without lifecycle scripts	2026-08-28T05:15:36.2063060Z 
windows	Install locked development dependencies without lifecycle scripts	2026-08-28T05:15:36.2063367Z found 0 vulnerabilities
windows	Build the native Windows release provider and TypeScript	﻿2026-08-28T05:15:36.4050857Z ##[group]Run node native/build.mjs --variant release --target win32-x64 --out . --headers "$env:EXSPECSO_NODE_HEADERS" --node-lib "$env:EXSPECSO_NODE_LIB"
windows	Build the native Windows release provider and TypeScript	2026-08-28T05:15:36.4052881Z [36;1mnode native/build.mjs --variant release --target win32-x64 --out . --headers "$env:EXSPECSO_NODE_HEADERS" --node-lib "$env:EXSPECSO_NODE_LIB"[0m
windows	Build the native Windows release provider and TypeScript	2026-08-28T05:15:36.4054214Z [36;1mif ($LASTEXITCODE) { throw 'Native build failed' }[0m
windows	Build the native Windows release provider and TypeScript	2026-08-28T05:15:36.4054801Z [36;1mnpm run build[0m
windows	Build the native Windows release provider and TypeScript	2026-08-28T05:15:36.4055317Z [36;1mif ($LASTEXITCODE) { throw 'TypeScript build failed' }[0m
windows	Build the native Windows release provider and TypeScript	2026-08-28T05:15:36.4192552Z shell: C:\Program Files\PowerShell\7\pwsh.EXE -command ". '{0}'"
windows	Build the native Windows release provider and TypeScript	2026-08-28T05:15:36.4192947Z env:
windows	Build the native Windows release provider and TypeScript	2026-08-28T05:15:36.4193220Z   EXSPECSO_NODE_HEADERS: D:\a\_temp\node-v20.19.0-headers.tar.gz
windows	Build the native Windows release provider and TypeScript	2026-08-28T05:15:36.4193574Z   EXSPECSO_NODE_LIB: D:\a\_temp\node.lib
windows	Build the native Windows release provider and TypeScript	2026-08-28T05:15:36.4193823Z ##[endgroup]
windows	Build the native Windows release provider and TypeScript	2026-08-28T05:15:39.0703011Z {
windows	Build the native Windows release provider and TypeScript	2026-08-28T05:15:39.0704348Z   "imageVersion": "20260824.214.3",
windows	Build the native Windows release provider and TypeScript	2026-08-28T05:15:39.0704990Z   "imageOS": "win25-vs2026",
windows	Build the native Windows release provider and TypeScript	2026-08-28T05:15:39.0705347Z   "architecture": "X64",
windows	Build the native Windows release provider and TypeScript	2026-08-28T05:15:39.0705761Z   "caption": "Microsoft Windows Server 2025 Datacenter",
windows	Build the native Windows release provider and TypeScript	2026-08-28T05:15:39.0706259Z   "version": "10.0.26100",
windows	Build the native Windows release provider and TypeScript	2026-08-28T05:15:39.0706614Z   "build": "26100",
windows	Build the native Windows release provider and TypeScript	2026-08-28T05:15:39.0706959Z   "ubr": 33296,
windows	Build the native Windows release provider and TypeScript	2026-08-28T05:15:39.0707256Z   "displayVersion": "24H2",
windows	Build the native Windows release provider and TypeScript	2026-08-28T05:15:39.0707779Z   "filesystem": "NTFS",
windows	Build the native Windows release provider and TypeScript	2026-08-28T05:15:39.0708128Z   "visualStudio": [
windows	Build the native Windows release provider and TypeScript	2026-08-28T05:15:39.0708430Z     {
windows	Build the native Windows release provider and TypeScript	2026-08-28T05:15:39.0708735Z       "installationVersion": "18.9.12112.369",
windows	Build the native Windows release provider and TypeScript	2026-08-28T05:15:39.0709413Z       "installationPath": "C:\\Program Files\\Microsoft Visual Studio\\18\\Enterprise"
windows	Build the native Windows release provider and TypeScript	2026-08-28T05:15:39.0710054Z     }
windows	Build the native Windows release provider and TypeScript	2026-08-28T05:15:39.0710295Z   ],
windows	Build the native Windows release provider and TypeScript	2026-08-28T05:15:39.0710576Z   "sdkVersion": "10.0.26100.0",
windows	Build the native Windows release provider and TypeScript	2026-08-28T05:15:39.0710943Z   "msvcVersion": "14.44.35207"
windows	Build the native Windows release provider and TypeScript	2026-08-28T05:15:39.0711275Z }
windows	Build the native Windows release provider and TypeScript	2026-08-28T05:15:39.2757484Z --- um/winternl.h line 213 ---
windows	Build the native Windows release provider and TypeScript	2026-08-28T05:15:39.2760458Z 
windows	Build the native Windows release provider and TypeScript	2026-08-28T05:15:39.2794137Z typedef struct _OBJECT_ATTRIBUTES {
windows	Build the native Windows release provider and TypeScript	2026-08-28T05:15:39.2797304Z     ULONG Length;
windows	Build the native Windows release provider and TypeScript	2026-08-28T05:15:39.2809947Z     HANDLE RootDirectory;
windows	Build the native Windows release provider and TypeScript	2026-08-28T05:15:39.2810692Z     PUNICODE_STRING ObjectName;
windows	Build the native Windows release provider and TypeScript	2026-08-28T05:15:39.2811492Z     ULONG Attributes;
windows	Build the native Windows release provider and TypeScript	2026-08-28T05:15:39.2811917Z     PVOID SecurityDescriptor;
windows	Build the native Windows release provider and TypeScript	2026-08-28T05:15:39.2812363Z     PVOID SecurityQualityOfService;
windows	Build the native Windows release provider and TypeScript	2026-08-28T05:15:39.2812796Z } OBJECT_ATTRIBUTES;
windows	Build the native Windows release provider and TypeScript	2026-08-28T05:15:39.2813198Z typedef OBJECT_ATTRIBUTES *POBJECT_ATTRIBUTES;
windows	Build the native Windows release provider and TypeScript	2026-08-28T05:15:39.2813555Z 
windows	Build the native Windows release provider and TypeScript	2026-08-28T05:15:39.2813720Z typedef struct _IO_STATUS_BLOCK {
windows	Build the native Windows release provider and TypeScript	2026-08-28T05:15:39.2814153Z #pragma warning(push)
windows	Build the native Windows release provider and TypeScript	2026-08-28T05:15:39.2814679Z #pragma warning(disable: 4201) // we'll always use the Microsoft compiler
windows	Build the native Windows release provider and TypeScript	2026-08-28T05:15:39.2815281Z     union {
windows	Build the native Windows release provider and TypeScript	2026-08-28T05:15:39.2815592Z         NTSTATUS Status;
windows	Build the native Windows release provider and TypeScript	2026-08-28T05:15:39.2815951Z         PVOID Pointer;
windows	Build the native Windows release provider and TypeScript	2026-08-28T05:15:39.2816349Z     } DUMMYUNIONNAME;
windows	Build the native Windows release provider and TypeScript	2026-08-28T05:15:39.2816715Z #pragma warning(pop)
windows	Build the native Windows release provider and TypeScript	2026-08-28T05:15:39.2816926Z 
windows	Build the native Windows release provider and TypeScript	2026-08-28T05:15:39.2817069Z     ULONG_PTR Information;
windows	Build the native Windows release provider and TypeScript	2026-08-28T05:15:39.2817470Z } IO_STATUS_BLOCK, *PIO_STATUS_BLOCK;
windows	Build the native Windows release provider and TypeScript	2026-08-28T05:15:39.2817787Z 
windows	Build the native Windows release provider and TypeScript	2026-08-28T05:15:39.2817900Z typedef
windows	Build the native Windows release provider and TypeScript	2026-08-28T05:15:39.2818544Z VOID
windows	Build the native Windows release provider and TypeScript	2026-08-28T05:15:39.2818831Z (NTAPI *PIO_APC_ROUTINE) (
windows	Build the native Windows release provider and TypeScript	2026-08-28T05:15:39.2819198Z     IN PVOID ApcContext,
windows	Build the native Windows release provider and TypeScript	2026-08-28T05:15:39.2819546Z     IN PIO_STATUS_BLOCK IoStatusBlock,
windows	Build the native Windows release provider and TypeScript	2026-08-28T05:15:39.2819939Z     IN ULONG Reserved
windows	Build the native Windows release provider and TypeScript	2026-08-28T05:15:39.2820253Z     );
windows	Build the native Windows release provider and TypeScript	2026-08-28T05:15:39.2820488Z 
windows	Build the native Windows release provider and TypeScript	2026-08-28T05:15:39.2821056Z --- um/winternl.h line 475 ---
windows	Build the native Windows release provider and TypeScript	2026-08-28T05:15:39.2821820Z NTAPI
windows	Build the native Windows release provider and TypeScript	2026-08-28T05:15:39.2822449Z NtCreateFile (
windows	Build the native Windows release provider and TypeScript	2026-08-28T05:15:39.2824196Z     OUT PHANDLE FileHandle,
windows	Build the native Windows release provider and TypeScript	2026-08-28T05:15:39.2826072Z     IN ACCESS_MASK DesiredAccess,
windows	Build the native Windows release provider and TypeScript	2026-08-28T05:15:39.2828060Z     IN POBJECT_ATTRIBUTES ObjectAttributes,
windows	Build the native Windows release provider and TypeScript	2026-08-28T05:15:39.2829759Z     OUT PIO_STATUS_BLOCK IoStatusBlock,
windows	Build the native Windows release provider and TypeScript	2026-08-28T05:15:39.2834360Z     IN PLARGE_INTEGER AllocationSize OPTIONAL,
windows	Build the native Windows release provider and TypeScript	2026-08-28T05:15:39.2834853Z     IN ULONG FileAttributes,
windows	Build the native Windows release provider and TypeScript	2026-08-28T05:15:39.2836308Z     IN ULONG ShareAccess,
windows	Build the native Windows release provider and TypeScript	2026-08-28T05:15:39.2838150Z     IN ULONG CreateDisposition,
windows	Build the native Windows release provider and TypeScript	2026-08-28T05:15:39.2839963Z     IN ULONG CreateOptions,
windows	Build the native Windows release provider and TypeScript	2026-08-28T05:15:39.2841782Z     IN PVOID EaBuffer OPTIONAL,
windows	Build the native Windows release provider and TypeScript	2026-08-28T05:15:39.2843483Z     IN ULONG EaLength
windows	Build the native Windows release provider and TypeScript	2026-08-28T05:15:39.2845176Z     );
windows	Build the native Windows release provider and TypeScript	2026-08-28T05:15:39.2846600Z 
windows	Build the native Windows release provider and TypeScript	2026-08-28T05:15:39.2848703Z //
windows	Build the native Windows release provider and TypeScript	2026-08-28T05:15:39.2850476Z // use the Win32 API instead
windows	Build the native Windows release provider and TypeScript	2026-08-28T05:15:39.2851950Z //     CreateFile
windows	Build the native Windows release provider and TypeScript	2026-08-28T05:15:39.2853507Z //
windows	Build the native Windows release provider and TypeScript	2026-08-28T05:15:39.2855052Z __kernel_entry NTSTATUS
windows	Build the native Windows release provider and TypeScript	2026-08-28T05:15:39.2856650Z NTAPI
windows	Build the native Windows release provider and TypeScript	2026-08-28T05:15:39.2858171Z NtOpenFile (
windows	Build the native Windows release provider and TypeScript	2026-08-28T05:15:39.2859731Z     OUT PHANDLE FileHandle,
windows	Build the native Windows release provider and TypeScript	2026-08-28T05:15:39.2861568Z     IN ACCESS_MASK DesiredAccess,
windows	Build the native Windows release provider and TypeScript	2026-08-28T05:15:39.2863650Z     IN POBJECT_ATTRIBUTES ObjectAttributes,
windows	Build the native Windows release provider and TypeScript	2026-08-28T05:15:39.2865321Z     OUT PIO_STATUS_BLOCK IoStatusBlock,
windows	Build the native Windows release provider and TypeScript	2026-08-28T05:15:39.2867437Z     IN ULONG ShareAccess,
windows	Build the native Windows release provider and TypeScript	2026-08-28T05:15:39.2868914Z     IN ULONG OpenOptions
windows	Build the native Windows release provider and TypeScript	2026-08-28T05:15:39.2870449Z     );
windows	Build the native Windows release provider and TypeScript	2026-08-28T05:15:39.2871694Z 
windows	Build the native Windows release provider and TypeScript	2026-08-28T05:15:39.2873685Z //
windows	Build the native Windows release provider and TypeScript	2026-08-28T05:15:39.2876247Z --- um/winternl.h line 992 ---
windows	Build the native Windows release provider and TypeScript	2026-08-28T05:15:39.2878198Z #define FILE_CREATE                     0x00000002
windows	Build the native Windows release provider and TypeScript	2026-08-28T05:15:39.2880135Z #define FILE_OPEN_IF                    0x00000003
windows	Build the native Windows release provider and TypeScript	2026-08-28T05:15:39.2882176Z #define FILE_OVERWRITE                  0x00000004
windows	Build the native Windows release provider and TypeScript	2026-08-28T05:15:39.2884331Z #define FILE_OVERWRITE_IF               0x00000005
windows	Build the native Windows release provider and TypeScript	2026-08-28T05:15:39.2886365Z #define FILE_MAXIMUM_DISPOSITION        0x00000005
windows	Build the native Windows release provider and TypeScript	2026-08-28T05:15:39.2888387Z 
windows	Build the native Windows release provider and TypeScript	2026-08-28T05:15:39.2890017Z //
windows	Build the native Windows release provider and TypeScript	2026-08-28T05:15:39.2891956Z // Define the create/open option flags
windows	Build the native Windows release provider and TypeScript	2026-08-28T05:15:39.2893812Z //
windows	Build the native Windows release provider and TypeScript	2026-08-28T05:15:39.2895765Z 
windows	Build the native Windows release provider and TypeScript	2026-08-28T05:15:39.2898073Z #define FILE_DIRECTORY_FILE                     0x00000001
windows	Build the native Windows release provider and TypeScript	2026-08-28T05:15:39.2899543Z #define FILE_WRITE_THROUGH                      0x00000002
windows	Build the native Windows release provider and TypeScript	2026-08-28T05:15:39.2901620Z #define FILE_SEQUENTIAL_ONLY                    0x00000004
windows	Build the native Windows release provider and TypeScript	2026-08-28T05:15:39.2903257Z #define FILE_NO_INTERMEDIATE_BUFFERING          0x00000008
windows	Build the native Windows release provider and TypeScript	2026-08-28T05:15:39.2905308Z 
windows	Build the native Windows release provider and TypeScript	2026-08-28T05:15:39.2907971Z #define FILE_SYNCHRONOUS_IO_ALERT               0x00000010
windows	Build the native Windows release provider and TypeScript	2026-08-28T05:15:39.2909802Z #define FILE_SYNCHRONOUS_IO_NONALERT            0x00000020
windows	Build the native Windows release provider and TypeScript	2026-08-28T05:15:39.2911583Z #define FILE_NON_DIRECTORY_FILE                 0x00000040
windows	Build the native Windows release provider and TypeScript	2026-08-28T05:15:39.2914383Z #define FILE_CREATE_TREE_CONNECTION             0x00000080
windows	Build the native Windows release provider and TypeScript	2026-08-28T05:15:39.2916127Z 
windows	Build the native Windows release provider and TypeScript	2026-08-28T05:15:39.2918595Z #define FILE_COMPLETE_IF_OPLOCKED               0x00000100
windows	Build the native Windows release provider and TypeScript	2026-08-28T05:15:39.2920423Z #define FILE_NO_EA_KNOWLEDGE                    0x00000200
windows	Build the native Windows release provider and TypeScript	2026-08-28T05:15:39.2922641Z #define FILE_OPEN_REMOTE_INSTANCE               0x00000400
windows	Build the native Windows release provider and TypeScript	2026-08-28T05:15:39.2925420Z #define FILE_RANDOM_ACCESS                      0x00000800
windows	Build the native Windows release provider and TypeScript	2026-08-28T05:15:39.2927872Z 
windows	Build the native Windows release provider and TypeScript	2026-08-28T05:15:39.2930082Z #define FILE_DELETE_ON_CLOSE                    0x00001000
windows	Build the native Windows release provider and TypeScript	2026-08-28T05:15:39.2932046Z #define FILE_OPEN_BY_FILE_ID                    0x00002000
windows	Build the native Windows release provider and TypeScript	2026-08-28T05:15:39.2933890Z #define FILE_OPEN_FOR_BACKUP_INTENT             0x00004000
windows	Build the native Windows release provider and TypeScript	2026-08-28T05:15:39.2935915Z #define FILE_NO_COMPRESSION                     0x00008000
windows	Build the native Windows release provider and TypeScript	2026-08-28T05:15:39.2937478Z 
windows	Build the native Windows release provider and TypeScript	2026-08-28T05:15:39.2939748Z #if (_WIN32_WINNT >= _WIN32_WINNT_WIN7)
windows	Build the native Windows release provider and TypeScript	2026-08-28T05:15:39.2941956Z --- um/winternl.h line 1007 ---
windows	Build the native Windows release provider and TypeScript	2026-08-28T05:15:39.2943688Z #define FILE_SYNCHRONOUS_IO_ALERT               0x00000010
windows	Build the native Windows release provider and TypeScript	2026-08-28T05:15:39.2945917Z #define FILE_SYNCHRONOUS_IO_NONALERT            0x00000020
windows	Build the native Windows release provider and TypeScript	2026-08-28T05:15:39.2948104Z #define FILE_NON_DIRECTORY_FILE                 0x00000040
windows	Build the native Windows release provider and TypeScript	2026-08-28T05:15:39.2950203Z #define FILE_CREATE_TREE_CONNECTION             0x00000080
windows	Build the native Windows release provider and TypeScript	2026-08-28T05:15:39.2951727Z 
windows	Build the native Windows release provider and TypeScript	2026-08-28T05:15:39.2953877Z #define FILE_COMPLETE_IF_OPLOCKED               0x00000100
windows	Build the native Windows release provider and TypeScript	2026-08-28T05:15:39.2956182Z #define FILE_NO_EA_KNOWLEDGE                    0x00000200
windows	Build the native Windows release provider and TypeScript	2026-08-28T05:15:39.2957915Z #define FILE_OPEN_REMOTE_INSTANCE               0x00000400
windows	Build the native Windows release provider and TypeScript	2026-08-28T05:15:39.2959897Z #define FILE_RANDOM_ACCESS                      0x00000800
windows	Build the native Windows release provider and TypeScript	2026-08-28T05:15:39.2961427Z 
windows	Build the native Windows release provider and TypeScript	2026-08-28T05:15:39.2964403Z #define FILE_DELETE_ON_CLOSE                    0x00001000
windows	Build the native Windows release provider and TypeScript	2026-08-28T05:15:39.2966801Z #define FILE_OPEN_BY_FILE_ID                    0x00002000
windows	Build the native Windows release provider and TypeScript	2026-08-28T05:15:39.2969155Z #define FILE_OPEN_FOR_BACKUP_INTENT             0x00004000
windows	Build the native Windows release provider and TypeScript	2026-08-28T05:15:39.2971655Z #define FILE_NO_COMPRESSION                     0x00008000
windows	Build the native Windows release provider and TypeScript	2026-08-28T05:15:39.2973099Z 
windows	Build the native Windows release provider and TypeScript	2026-08-28T05:15:39.2975791Z #if (_WIN32_WINNT >= _WIN32_WINNT_WIN7)
windows	Build the native Windows release provider and TypeScript	2026-08-28T05:15:39.2978261Z #define FILE_OPEN_REQUIRING_OPLOCK              0x00010000
windows	Build the native Windows release provider and TypeScript	2026-08-28T05:15:39.2980046Z #endif
windows	Build the native Windows release provider and TypeScript	2026-08-28T05:15:39.2981777Z 
windows	Build the native Windows release provider and TypeScript	2026-08-28T05:15:39.2983900Z #define FILE_RESERVE_OPFILTER                   0x00100000
windows	Build the native Windows release provider and TypeScript	2026-08-28T05:15:39.2985750Z #define FILE_OPEN_REPARSE_POINT                 0x00200000
windows	Build the native Windows release provider and TypeScript	2026-08-28T05:15:39.2988001Z #define FILE_OPEN_NO_RECALL                     0x00400000
windows	Build the native Windows release provider and TypeScript	2026-08-28T05:15:39.2990112Z #define FILE_OPEN_FOR_FREE_SPACE_QUERY          0x00800000
windows	Build the native Windows release provider and TypeScript	2026-08-28T05:15:39.2992083Z 
windows	Build the native Windows release provider and TypeScript	2026-08-28T05:15:39.2994467Z #define FILE_VALID_OPTION_FLAGS                 0x00ffffff
windows	Build the native Windows release provider and TypeScript	2026-08-28T05:15:39.2996649Z #define FILE_VALID_PIPE_OPTION_FLAGS            0x00000032
windows	Build the native Windows release provider and TypeScript	2026-08-28T05:15:39.2998803Z #define FILE_VALID_MAILSLOT_OPTION_FLAGS        0x00000032
windows	Build the native Windows release provider and TypeScript	2026-08-28T05:15:39.3000676Z #define FILE_VALID_SET_FLAGS                    0x00000036
windows	Build the native Windows release provider and TypeScript	2026-08-28T05:15:39.3002777Z 
windows	Build the native Windows release provider and TypeScript	2026-08-28T05:15:39.3004897Z //
windows	Build the native Windows release provider and TypeScript	2026-08-28T05:15:39.3007571Z // Define the I/O status information return values for NtCreateFile/NtOpenFile
windows	Build the native Windows release provider and TypeScript	2026-08-28T05:15:39.3009648Z --- um/winternl.h line 1026 ---
windows	Build the native Windows release provider and TypeScript	2026-08-28T05:15:39.3011800Z #define FILE_RESERVE_OPFILTER                   0x00100000
windows	Build the native Windows release provider and TypeScript	2026-08-28T05:15:39.3014137Z #define FILE_OPEN_REPARSE_POINT                 0x00200000
windows	Build the native Windows release provider and TypeScript	2026-08-28T05:15:39.3016114Z #define FILE_OPEN_NO_RECALL                     0x00400000
windows	Build the native Windows release provider and TypeScript	2026-08-28T05:15:39.3018276Z #define FILE_OPEN_FOR_FREE_SPACE_QUERY          0x00800000
windows	Build the native Windows release provider and TypeScript	2026-08-28T05:15:39.3019971Z 
windows	Build the native Windows release provider and TypeScript	2026-08-28T05:15:39.3022938Z #define FILE_VALID_OPTION_FLAGS                 0x00ffffff
windows	Build the native Windows release provider and TypeScript	2026-08-28T05:15:39.3024783Z #define FILE_VALID_PIPE_OPTION_FLAGS            0x00000032
windows	Build the native Windows release provider and TypeScript	2026-08-28T05:15:39.3026564Z #define FILE_VALID_MAILSLOT_OPTION_FLAGS        0x00000032
windows	Build the native Windows release provider and TypeScript	2026-08-28T05:15:39.3028621Z #define FILE_VALID_SET_FLAGS                    0x00000036
windows	Build the native Windows release provider and TypeScript	2026-08-28T05:15:39.3031963Z 
windows	Build the native Windows release provider and TypeScript	2026-08-28T05:15:39.3033963Z //
windows	Build the native Windows release provider and TypeScript	2026-08-28T05:15:39.3036775Z // Define the I/O status information return values for NtCreateFile/NtOpenFile
windows	Build the native Windows release provider and TypeScript	2026-08-28T05:15:39.3039939Z //
windows	Build the native Windows release provider and TypeScript	2026-08-28T05:15:39.3040903Z 
windows	Build the native Windows release provider and TypeScript	2026-08-28T05:15:39.3043194Z #define FILE_SUPERSEDED                 0x00000000
windows	Build the native Windows release provider and TypeScript	2026-08-28T05:15:39.3044593Z #define FILE_OPENED                     0x00000001
windows	Build the native Windows release provider and TypeScript	2026-08-28T05:15:39.3047034Z #define FILE_CREATED                    0x00000002
windows	Build the native Windows release provider and TypeScript	2026-08-28T05:15:39.3049388Z #define FILE_OVERWRITTEN                0x00000003
windows	Build the native Windows release provider and TypeScript	2026-08-28T05:15:39.3051770Z #define FILE_EXISTS                     0x00000004
windows	Build the native Windows release provider and TypeScript	2026-08-28T05:15:39.3053725Z #define FILE_DOES_NOT_EXIST             0x00000005
windows	Build the native Windows release provider and TypeScript	2026-08-28T05:15:39.3055726Z 
windows	Build the native Windows release provider and TypeScript	2026-08-28T05:15:39.3057880Z #ifndef __os_arm64x_get_x64_information
windows	Build the native Windows release provider and TypeScript	2026-08-28T05:15:39.3059813Z #define __os_arm64x_get_x64_information __os_arm64x_rdtsc
windows	Build the native Windows release provider and TypeScript	2026-08-28T05:15:39.3061594Z #endif
windows	Build the native Windows release provider and TypeScript	2026-08-28T05:15:39.3063829Z #ifndef __os_arm64x_set_x64_information
windows	Build the native Windows release provider and TypeScript	2026-08-28T05:15:39.3066025Z #define __os_arm64x_set_x64_information __os_arm64x_cpuidex
windows	Build the native Windows release provider and TypeScript	2026-08-28T05:15:39.3067821Z #endif
windows	Build the native Windows release provider and TypeScript	2026-08-28T05:15:39.3070760Z 
windows	Build the native Windows release provider and TypeScript	2026-08-28T05:15:39.3072898Z #ifdef __cplusplus
windows	Build the native Windows release provider and TypeScript	2026-08-28T05:15:39.3074718Z }
windows	Build the native Windows release provider and TypeScript	2026-08-28T05:15:39.3076751Z #endif
windows	Build the native Windows release provider and TypeScript	2026-08-28T05:15:39.3078683Z --- um/winternl.h line 1036 ---
windows	Build the native Windows release provider and TypeScript	2026-08-28T05:15:39.3081476Z //
windows	Build the native Windows release provider and TypeScript	2026-08-28T05:15:39.3084875Z // Define the I/O status information return values for NtCreateFile/NtOpenFile
windows	Build the native Windows release provider and TypeScript	2026-08-28T05:15:39.3086506Z //
windows	Build the native Windows release provider and TypeScript	2026-08-28T05:15:39.3088219Z 
windows	Build the native Windows release provider and TypeScript	2026-08-28T05:15:39.3090972Z #define FILE_SUPERSEDED                 0x00000000
windows	Build the native Windows release provider and TypeScript	2026-08-28T05:15:39.3093101Z #define FILE_OPENED                     0x00000001
windows	Build the native Windows release provider and TypeScript	2026-08-28T05:15:39.3095218Z #define FILE_CREATED                    0x00000002
windows	Build the native Windows release provider and TypeScript	2026-08-28T05:15:39.3097051Z #define FILE_OVERWRITTEN                0x00000003
windows	Build the native Windows release provider and TypeScript	2026-08-28T05:15:39.3099050Z #define FILE_EXISTS                     0x00000004
windows	Build the native Windows release provider and TypeScript	2026-08-28T05:15:39.3101442Z #define FILE_DOES_NOT_EXIST             0x00000005
windows	Build the native Windows release provider and TypeScript	2026-08-28T05:15:39.3102375Z 
windows	Build the native Windows release provider and TypeScript	2026-08-28T05:15:39.3105460Z #ifndef __os_arm64x_get_x64_information
windows	Build the native Windows release provider and TypeScript	2026-08-28T05:15:39.3107539Z #define __os_arm64x_get_x64_information __os_arm64x_rdtsc
windows	Build the native Windows release provider and TypeScript	2026-08-28T05:15:39.3109436Z #endif
windows	Build the native Windows release provider and TypeScript	2026-08-28T05:15:39.3111437Z #ifndef __os_arm64x_set_x64_information
windows	Build the native Windows release provider and TypeScript	2026-08-28T05:15:39.3113537Z #define __os_arm64x_set_x64_information __os_arm64x_cpuidex
windows	Build the native Windows release provider and TypeScript	2026-08-28T05:15:39.3115285Z #endif
windows	Build the native Windows release provider and TypeScript	2026-08-28T05:15:39.3117053Z 
windows	Build the native Windows release provider and TypeScript	2026-08-28T05:15:39.3119399Z #ifdef __cplusplus
windows	Build the native Windows release provider and TypeScript	2026-08-28T05:15:39.3121262Z }
windows	Build the native Windows release provider and TypeScript	2026-08-28T05:15:39.3123489Z #endif
windows	Build the native Windows release provider and TypeScript	2026-08-28T05:15:39.3125609Z 
windows	Build the native Windows release provider and TypeScript	2026-08-28T05:15:39.3127519Z #endif // (_WIN32_WINNT >= 0x0500)
windows	Build the native Windows release provider and TypeScript	2026-08-28T05:15:39.3129607Z 
windows	Build the native Windows release provider and TypeScript	2026-08-28T05:15:39.3131652Z 
windows	Build the native Windows release provider and TypeScript	2026-08-28T05:15:39.3136094Z #endif /* WINAPI_FAMILY_PARTITION(WINAPI_PARTITION_DESKTOP | WINAPI_PARTITION_SYSTEM) */
windows	Build the native Windows release provider and TypeScript	2026-08-28T05:15:39.3137281Z #pragma endregion
windows	Build the native Windows release provider and TypeScript	2026-08-28T05:15:39.3138203Z 
windows	Build the native Windows release provider and TypeScript	2026-08-28T05:15:39.3140337Z #endif // _WINTERNL_
windows	Build the native Windows release provider and TypeScript	2026-08-28T05:15:39.3143124Z --- um/WinBase.h line 9104 ---
windows	Build the native Windows release provider and TypeScript	2026-08-28T05:15:39.3144991Z #if (_WIN32_WINNT >= _WIN32_WINNT_WIN10_RS1)
windows	Build the native Windows release provider and TypeScript	2026-08-28T05:15:39.3147433Z #define FILE_RENAME_FLAG_REPLACE_IF_EXISTS                  0x00000001
windows	Build the native Windows release provider and TypeScript	2026-08-28T05:15:39.3149013Z #define FILE_RENAME_FLAG_POSIX_SEMANTICS                    0x00000002
windows	Build the native Windows release provider and TypeScript	2026-08-28T05:15:39.3150863Z #endif
windows	Build the native Windows release provider and TypeScript	2026-08-28T05:15:39.3152573Z 
windows	Build the native Windows release provider and TypeScript	2026-08-28T05:15:39.3154418Z #if (_WIN32_WINNT >= _WIN32_WINNT_WIN10_RS3)
windows	Build the native Windows release provider and TypeScript	2026-08-28T05:15:39.3156462Z #define FILE_RENAME_FLAG_SUPPRESS_PIN_STATE_INHERITANCE     0x00000004
windows	Build the native Windows release provider and TypeScript	2026-08-28T05:15:39.3158336Z #endif
windows	Build the native Windows release provider and TypeScript	2026-08-28T05:15:39.3159899Z 
windows	Build the native Windows release provider and TypeScript	2026-08-28T05:15:39.3161739Z typedef struct _FILE_RENAME_INFO {
windows	Build the native Windows release provider and TypeScript	2026-08-28T05:15:39.3163678Z #if (_WIN32_WINNT >= _WIN32_WINNT_WIN10_RS1)
windows	Build the native Windows release provider and TypeScript	2026-08-28T05:15:39.3165488Z     union {
windows	Build the native Windows release provider and TypeScript	2026-08-28T05:15:39.3167307Z         BOOLEAN ReplaceIfExists;  // FileRenameInfo
windows	Build the native Windows release provider and TypeScript	2026-08-28T05:15:39.3169123Z         DWORD Flags;              // FileRenameInfoEx
windows	Build the native Windows release provider and TypeScript	2026-08-28T05:15:39.3170908Z     } DUMMYUNIONNAME;
windows	Build the native Windows release provider and TypeScript	2026-08-28T05:15:39.3172592Z #else
windows	Build the native Windows release provider and TypeScript	2026-08-28T05:15:39.3174327Z     BOOLEAN ReplaceIfExists;
windows	Build the native Windows release provider and TypeScript	2026-08-28T05:15:39.3176044Z #endif
windows	Build the native Windows release provider and TypeScript	2026-08-28T05:15:39.3177639Z     HANDLE RootDirectory;
windows	Build the native Windows release provider and TypeScript	2026-08-28T05:15:39.3179329Z     DWORD FileNameLength;
windows	Build the native Windows release provider and TypeScript	2026-08-28T05:15:39.3181029Z     WCHAR FileName[1];
windows	Build the native Windows release provider and TypeScript	2026-08-28T05:15:39.3189649Z } FILE_RENAME_INFO, *PFILE_RENAME_INFO;
windows	Build the native Windows release provider and TypeScript	2026-08-28T05:15:39.3191309Z 
windows	Build the native Windows release provider and TypeScript	2026-08-28T05:15:39.3194036Z typedef struct _FILE_ALLOCATION_INFO {
windows	Build the native Windows release provider and TypeScript	2026-08-28T05:15:39.3195902Z     LARGE_INTEGER AllocationSize;
windows	Build the native Windows release provider and TypeScript	2026-08-28T05:15:39.3197803Z } FILE_ALLOCATION_INFO, *PFILE_ALLOCATION_INFO;
windows	Build the native Windows release provider and TypeScript	2026-08-28T05:15:39.3199398Z 
windows	Build the native Windows release provider and TypeScript	2026-08-28T05:15:39.3201916Z typedef struct _FILE_END_OF_FILE_INFO {
windows	Build the native Windows release provider and TypeScript	2026-08-28T05:15:39.3204033Z     LARGE_INTEGER EndOfFile;
windows	Build the native Windows release provider and TypeScript	2026-08-28T05:15:39.3205639Z } FILE_END_OF_FILE_INFO, *PFILE_END_OF_FILE_INFO;
windows	Build the native Windows release provider and TypeScript	2026-08-28T05:15:39.3207711Z 
windows	Build the native Windows release provider and TypeScript	2026-08-28T05:15:39.3210437Z --- um/WinBase.h line 9105 ---
windows	Build the native Windows release provider and TypeScript	2026-08-28T05:15:39.3231924Z #define FILE_RENAME_FLAG_REPLACE_IF_EXISTS                  0x00000001
windows	Build the native Windows release provider and TypeScript	2026-08-28T05:15:39.3232739Z #define FILE_RENAME_FLAG_POSIX_SEMANTICS                    0x00000002
windows	Build the native Windows release provider and TypeScript	2026-08-28T05:15:39.3233332Z #endif
windows	Build the native Windows release provider and TypeScript	2026-08-28T05:15:39.3233515Z 
windows	Build the native Windows release provider and TypeScript	2026-08-28T05:15:39.3233699Z #if (_WIN32_WINNT >= _WIN32_WINNT_WIN10_RS3)
windows	Build the native Windows release provider and TypeScript	2026-08-28T05:15:39.3234311Z #define FILE_RENAME_FLAG_SUPPRESS_PIN_STATE_INHERITANCE     0x00000004
windows	Build the native Windows release provider and TypeScript	2026-08-28T05:15:39.3234882Z #endif
windows	Build the native Windows release provider and TypeScript	2026-08-28T05:15:39.3235051Z 
windows	Build the native Windows release provider and TypeScript	2026-08-28T05:15:39.3235568Z typedef struct _FILE_RENAME_INFO {
windows	Build the native Windows release provider and TypeScript	2026-08-28T05:15:39.3236009Z #if (_WIN32_WINNT >= _WIN32_WINNT_WIN10_RS1)
windows	Build the native Windows release provider and TypeScript	2026-08-28T05:15:39.3236415Z     union {
windows	Build the native Windows release provider and TypeScript	2026-08-28T05:15:39.3236758Z         BOOLEAN ReplaceIfExists;  // FileRenameInfo
windows	Build the native Windows release provider and TypeScript	2026-08-28T05:15:39.3237310Z         DWORD Flags;              // FileRenameInfoEx
windows	Build the native Windows release provider and TypeScript	2026-08-28T05:15:39.3237813Z     } DUMMYUNIONNAME;
windows	Build the native Windows release provider and TypeScript	2026-08-28T05:15:39.3239890Z #else
windows	Build the native Windows release provider and TypeScript	2026-08-28T05:15:39.3242305Z     BOOLEAN ReplaceIfExists;
windows	Build the native Windows release provider and TypeScript	2026-08-28T05:15:39.3244131Z #endif
windows	Build the native Windows release provider and TypeScript	2026-08-28T05:15:39.3246107Z     HANDLE RootDirectory;
windows	Build the native Windows release provider and TypeScript	2026-08-28T05:15:39.3247684Z     DWORD FileNameLength;
windows	Build the native Windows release provider and TypeScript	2026-08-28T05:15:39.3249227Z     WCHAR FileName[1];
windows	Build the native Windows release provider and TypeScript	2026-08-28T05:15:39.3251513Z } FILE_RENAME_INFO, *PFILE_RENAME_INFO;
windows	Build the native Windows release provider and TypeScript	2026-08-28T05:15:39.3253501Z 
windows	Build the native Windows release provider and TypeScript	2026-08-28T05:15:39.3255510Z typedef struct _FILE_ALLOCATION_INFO {
windows	Build the native Windows release provider and TypeScript	2026-08-28T05:15:39.3257282Z     LARGE_INTEGER AllocationSize;
windows	Build the native Windows release provider and TypeScript	2026-08-28T05:15:39.3259867Z } FILE_ALLOCATION_INFO, *PFILE_ALLOCATION_INFO;
windows	Build the native Windows release provider and TypeScript	2026-08-28T05:15:39.3261763Z 
windows	Build the native Windows release provider and TypeScript	2026-08-28T05:15:39.3264123Z typedef struct _FILE_END_OF_FILE_INFO {
windows	Build the native Windows release provider and TypeScript	2026-08-28T05:15:39.3369653Z     LARGE_INTEGER EndOfFile;
windows	Build the native Windows release provider and TypeScript	2026-08-28T05:15:39.3371253Z } FILE_END_OF_FILE_INFO, *PFILE_END_OF_FILE_INFO;
windows	Build the native Windows release provider and TypeScript	2026-08-28T05:15:39.3372764Z 
windows	Build the native Windows release provider and TypeScript	2026-08-28T05:15:39.3374672Z typedef struct _FILE_STREAM_INFO {
windows	Build the native Windows release provider and TypeScript	2026-08-28T05:15:39.3376369Z --- um/WinBase.h line 9109 ---
windows	Build the native Windows release provider and TypeScript	2026-08-28T05:15:39.3378053Z #if (_WIN32_WINNT >= _WIN32_WINNT_WIN10_RS3)
windows	Build the native Windows release provider and TypeScript	2026-08-28T05:15:39.3379823Z #define FILE_RENAME_FLAG_SUPPRESS_PIN_STATE_INHERITANCE     0x00000004
windows	Build the native Windows release provider and TypeScript	2026-08-28T05:15:39.3381908Z #endif
windows	Build the native Windows release provider and TypeScript	2026-08-28T05:15:39.3382820Z 
windows	Build the native Windows release provider and TypeScript	2026-08-28T05:15:39.3384892Z typedef struct _FILE_RENAME_INFO {
windows	Build the native Windows release provider and TypeScript	2026-08-28T05:15:39.3386420Z #if (_WIN32_WINNT >= _WIN32_WINNT_WIN10_RS1)
windows	Build the native Windows release provider and TypeScript	2026-08-28T05:15:39.3388104Z     union {
windows	Build the native Windows release provider and TypeScript	2026-08-28T05:15:39.3389646Z         BOOLEAN ReplaceIfExists;  // FileRenameInfo
windows	Build the native Windows release provider and TypeScript	2026-08-28T05:15:39.3391185Z         DWORD Flags;              // FileRenameInfoEx
windows	Build the native Windows release provider and TypeScript	2026-08-28T05:15:39.3392881Z     } DUMMYUNIONNAME;
windows	Build the native Windows release provider and TypeScript	2026-08-28T05:15:39.3395330Z #else
windows	Build the native Windows release provider and TypeScript	2026-08-28T05:15:39.3397821Z     BOOLEAN ReplaceIfExists;
windows	Build the native Windows release provider and TypeScript	2026-08-28T05:15:39.3400663Z #endif
windows	Build the native Windows release provider and TypeScript	2026-08-28T05:15:39.3403290Z     HANDLE RootDirectory;
windows	Build the native Windows release provider and TypeScript	2026-08-28T05:15:39.3405479Z     DWORD FileNameLength;
windows	Build the native Windows release provider and TypeScript	2026-08-28T05:15:39.3407822Z     WCHAR FileName[1];
windows	Build the native Windows release provider and TypeScript	2026-08-28T05:15:39.3410148Z } FILE_RENAME_INFO, *PFILE_RENAME_INFO;
windows	Build the native Windows release provider and TypeScript	2026-08-28T05:15:39.3412177Z 
windows	Build the native Windows release provider and TypeScript	2026-08-28T05:15:39.3414522Z typedef struct _FILE_ALLOCATION_INFO {
windows	Build the native Windows release provider and TypeScript	2026-08-28T05:15:39.3416068Z     LARGE_INTEGER AllocationSize;
windows	Build the native Windows release provider and TypeScript	2026-08-28T05:15:39.3417736Z } FILE_ALLOCATION_INFO, *PFILE_ALLOCATION_INFO;
windows	Build the native Windows release provider and TypeScript	2026-08-28T05:15:39.3419593Z 
windows	Build the native Windows release provider and TypeScript	2026-08-28T05:15:39.3421265Z typedef struct _FILE_END_OF_FILE_INFO {
windows	Build the native Windows release provider and TypeScript	2026-08-28T05:15:39.3422944Z     LARGE_INTEGER EndOfFile;
windows	Build the native Windows release provider and TypeScript	2026-08-28T05:15:39.3424588Z } FILE_END_OF_FILE_INFO, *PFILE_END_OF_FILE_INFO;
windows	Build the native Windows release provider and TypeScript	2026-08-28T05:15:39.3425974Z 
windows	Build the native Windows release provider and TypeScript	2026-08-28T05:15:39.3427618Z typedef struct _FILE_STREAM_INFO {
windows	Build the native Windows release provider and TypeScript	2026-08-28T05:15:39.3429294Z     DWORD NextEntryOffset;
windows	Build the native Windows release provider and TypeScript	2026-08-28T05:15:39.3430788Z     DWORD StreamNameLength;
windows	Build the native Windows release provider and TypeScript	2026-08-28T05:15:39.3432345Z     LARGE_INTEGER StreamSize;
windows	Build the native Windows release provider and TypeScript	2026-08-28T05:15:39.3433970Z     LARGE_INTEGER StreamAllocationSize;
windows	Build the native Windows release provider and TypeScript	2026-08-28T05:15:39.3435554Z --- um/WinBase.h line 9112 ---
windows	Build the native Windows release provider and TypeScript	2026-08-28T05:15:39.3436940Z 
windows	Build the native Windows release provider and TypeScript	2026-08-28T05:15:39.3439190Z typedef struct _FILE_RENAME_INFO {
windows	Build the native Windows release provider and TypeScript	2026-08-28T05:15:39.3440604Z #if (_WIN32_WINNT >= _WIN32_WINNT_WIN10_RS1)
windows	Build the native Windows release provider and TypeScript	2026-08-28T05:15:39.3442090Z     union {
windows	Build the native Windows release provider and TypeScript	2026-08-28T05:15:39.3443601Z         BOOLEAN ReplaceIfExists;  // FileRenameInfo
windows	Build the native Windows release provider and TypeScript	2026-08-28T05:15:39.3445150Z         DWORD Flags;              // FileRenameInfoEx
windows	Build the native Windows release provider and TypeScript	2026-08-28T05:15:39.3446748Z     } DUMMYUNIONNAME;
windows	Build the native Windows release provider and TypeScript	2026-08-28T05:15:39.3448126Z #else
windows	Build the native Windows release provider and TypeScript	2026-08-28T05:15:39.3450079Z     BOOLEAN ReplaceIfExists;
windows	Build the native Windows release provider and TypeScript	2026-08-28T05:15:39.3451597Z #endif
windows	Build the native Windows release provider and TypeScript	2026-08-28T05:15:39.3453093Z     HANDLE RootDirectory;
windows	Build the native Windows release provider and TypeScript	2026-08-28T05:15:39.3454658Z     DWORD FileNameLength;
windows	Build the native Windows release provider and TypeScript	2026-08-28T05:15:39.3456162Z     WCHAR FileName[1];
windows	Build the native Windows release provider and TypeScript	2026-08-28T05:15:39.3457655Z } FILE_RENAME_INFO, *PFILE_RENAME_INFO;
windows	Build the native Windows release provider and TypeScript	2026-08-28T05:15:39.3459285Z 
windows	Build the native Windows release provider and TypeScript	2026-08-28T05:15:39.3461125Z typedef struct _FILE_ALLOCATION_INFO {
windows	Build the native Windows release provider and TypeScript	2026-08-28T05:15:39.3462637Z     LARGE_INTEGER AllocationSize;
windows	Build the native Windows release provider and TypeScript	2026-08-28T05:15:39.3464315Z } FILE_ALLOCATION_INFO, *PFILE_ALLOCATION_INFO;
windows	Build the native Windows release provider and TypeScript	2026-08-28T05:15:39.3465703Z 
windows	Build the native Windows release provider and TypeScript	2026-08-28T05:15:39.3467290Z typedef struct _FILE_END_OF_FILE_INFO {
windows	Build the native Windows release provider and TypeScript	2026-08-28T05:15:39.3468816Z     LARGE_INTEGER EndOfFile;
windows	Build the native Windows release provider and TypeScript	2026-08-28T05:15:39.3470476Z } FILE_END_OF_FILE_INFO, *PFILE_END_OF_FILE_INFO;
windows	Build the native Windows release provider and TypeScript	2026-08-28T05:15:39.3471827Z 
windows	Build the native Windows release provider and TypeScript	2026-08-28T05:15:39.3473436Z typedef struct _FILE_STREAM_INFO {
windows	Build the native Windows release provider and TypeScript	2026-08-28T05:15:39.3475032Z     DWORD NextEntryOffset;
windows	Build the native Windows release provider and TypeScript	2026-08-28T05:15:39.3476600Z     DWORD StreamNameLength;
windows	Build the native Windows release provider and TypeScript	2026-08-28T05:15:39.3478247Z     LARGE_INTEGER StreamSize;
windows	Build the native Windows release provider and TypeScript	2026-08-28T05:15:39.3479991Z     LARGE_INTEGER StreamAllocationSize;
windows	Build the native Windows release provider and TypeScript	2026-08-28T05:15:39.3481457Z     WCHAR StreamName[1];
windows	Build the native Windows release provider and TypeScript	2026-08-28T05:15:39.3482913Z } FILE_STREAM_INFO, *PFILE_STREAM_INFO;
windows	Build the native Windows release provider and TypeScript	2026-08-28T05:15:39.3484260Z 
windows	Build the native Windows release provider and TypeScript	2026-08-28T05:15:39.3485894Z --- um/WinBase.h line 9116 ---
windows	Build the native Windows release provider and TypeScript	2026-08-28T05:15:39.3487480Z         BOOLEAN ReplaceIfExists;  // FileRenameInfo
windows	Build the native Windows release provider and TypeScript	2026-08-28T05:15:39.3489107Z         DWORD Flags;              // FileRenameInfoEx
windows	Build the native Windows release provider and TypeScript	2026-08-28T05:15:39.3491286Z     } DUMMYUNIONNAME;
windows	Build the native Windows release provider and TypeScript	2026-08-28T05:15:39.3492364Z #else
windows	Build the native Windows release provider and TypeScript	2026-08-28T05:15:39.3494410Z     BOOLEAN ReplaceIfExists;
windows	Build the native Windows release provider and TypeScript	2026-08-28T05:15:39.3496452Z #endif
windows	Build the native Windows release provider and TypeScript	2026-08-28T05:15:39.3498619Z     HANDLE RootDirectory;
windows	Build the native Windows release provider and TypeScript	2026-08-28T05:15:39.3500754Z     DWORD FileNameLength;
windows	Build the native Windows release provider and TypeScript	2026-08-28T05:15:39.3502527Z     WCHAR FileName[1];
windows	Build the native Windows release provider and TypeScript	2026-08-28T05:15:39.3504707Z } FILE_RENAME_INFO, *PFILE_RENAME_INFO;
windows	Build the native Windows release provider and TypeScript	2026-08-28T05:15:39.3506797Z 
windows	Build the native Windows release provider and TypeScript	2026-08-28T05:15:39.3509005Z typedef struct _FILE_ALLOCATION_INFO {
windows	Build the native Windows release provider and TypeScript	2026-08-28T05:15:39.3510994Z     LARGE_INTEGER AllocationSize;
windows	Build the native Windows release provider and TypeScript	2026-08-28T05:15:39.3513544Z } FILE_ALLOCATION_INFO, *PFILE_ALLOCATION_INFO;
windows	Build the native Windows release provider and TypeScript	2026-08-28T05:15:39.3515523Z 
windows	Build the native Windows release provider and TypeScript	2026-08-28T05:15:39.3517497Z typedef struct _FILE_END_OF_FILE_INFO {
windows	Build the native Windows release provider and TypeScript	2026-08-28T05:15:39.3520204Z     LARGE_INTEGER EndOfFile;
windows	Build the native Windows release provider and TypeScript	2026-08-28T05:15:39.3522241Z } FILE_END_OF_FILE_INFO, *PFILE_END_OF_FILE_INFO;
windows	Build the native Windows release provider and TypeScript	2026-08-28T05:15:39.3524082Z 
windows	Build the native Windows release provider and TypeScript	2026-08-28T05:15:39.3525918Z typedef struct _FILE_STREAM_INFO {
windows	Build the native Windows release provider and TypeScript	2026-08-28T05:15:39.3528124Z     DWORD NextEntryOffset;
windows	Build the native Windows release provider and TypeScript	2026-08-28T05:15:39.3529588Z     DWORD StreamNameLength;
windows	Build the native Windows release provider and TypeScript	2026-08-28T05:15:39.3531183Z     LARGE_INTEGER StreamSize;
windows	Build the native Windows release provider and TypeScript	2026-08-28T05:15:39.3532705Z     LARGE_INTEGER StreamAllocationSize;
windows	Build the native Windows release provider and TypeScript	2026-08-28T05:15:39.3534284Z     WCHAR StreamName[1];
windows	Build the native Windows release provider and TypeScript	2026-08-28T05:15:39.3535714Z } FILE_STREAM_INFO, *PFILE_STREAM_INFO;
windows	Build the native Windows release provider and TypeScript	2026-08-28T05:15:39.3537014Z 
windows	Build the native Windows release provider and TypeScript	2026-08-28T05:15:39.3538638Z typedef struct _FILE_COMPRESSION_INFO {
windows	Build the native Windows release provider and TypeScript	2026-08-28T05:15:39.3540496Z     LARGE_INTEGER CompressedFileSize;
windows	Build the native Windows release provider and TypeScript	2026-08-28T05:15:39.3541886Z     WORD CompressionFormat;
windows	Build the native Windows release provider and TypeScript	2026-08-28T05:15:39.3543552Z     UCHAR CompressionUnitShift;
windows	Build the native Windows release provider and TypeScript	2026-08-28T05:15:39.3545081Z --- um/WinBase.h line 9156 ---
windows	Build the native Windows release provider and TypeScript	2026-08-28T05:15:39.3546493Z 
windows	Build the native Windows release provider and TypeScript	2026-08-28T05:15:39.3548095Z typedef struct _FILE_DISPOSITION_INFO {
windows	Build the native Windows release provider and TypeScript	2026-08-28T05:15:39.3549632Z     BOOLEAN DeleteFile;
windows	Build the native Windows release provider and TypeScript	2026-08-28T05:15:39.3551288Z } FILE_DISPOSITION_INFO, *PFILE_DISPOSITION_INFO;
windows	Build the native Windows release provider and TypeScript	2026-08-28T05:15:39.3552666Z 
windows	Build the native Windows release provider and TypeScript	2026-08-28T05:15:39.3554408Z #if (_WIN32_WINNT >= _WIN32_WINNT_WIN10_RS1)
windows	Build the native Windows release provider and TypeScript	2026-08-28T05:15:39.3556022Z #define FILE_DISPOSITION_FLAG_DO_NOT_DELETE              0x00000000
windows	Build the native Windows release provider and TypeScript	2026-08-28T05:15:39.3558352Z #define FILE_DISPOSITION_FLAG_DELETE                     0x00000001
windows	Build the native Windows release provider and TypeScript	2026-08-28T05:15:39.3560480Z #define FILE_DISPOSITION_FLAG_POSIX_SEMANTICS            0x00000002
windows	Build the native Windows release provider and TypeScript	2026-08-28T05:15:39.3562182Z #define FILE_DISPOSITION_FLAG_FORCE_IMAGE_SECTION_CHECK  0x00000004
windows	Build the native Windows release provider and TypeScript	2026-08-28T05:15:39.3563783Z #define FILE_DISPOSITION_FLAG_ON_CLOSE                   0x00000008
windows	Build the native Windows release provider and TypeScript	2026-08-28T05:15:39.3565314Z #if (_WIN32_WINNT >= _WIN32_WINNT_WIN10_RS5)
windows	Build the native Windows release provider and TypeScript	2026-08-28T05:15:39.3566955Z #define FILE_DISPOSITION_FLAG_IGNORE_READONLY_ATTRIBUTE  0x00000010
windows	Build the native Windows release provider and TypeScript	2026-08-28T05:15:39.3568455Z #endif
windows	Build the native Windows release provider and TypeScript	2026-08-28T05:15:39.3569684Z 
windows	Build the native Windows release provider and TypeScript	2026-08-28T05:15:39.3571181Z typedef struct _FILE_DISPOSITION_INFO_EX {
windows	Build the native Windows release provider and TypeScript	2026-08-28T05:15:39.3572684Z     DWORD Flags;
windows	Build the native Windows release provider and TypeScript	2026-08-28T05:15:39.3574378Z } FILE_DISPOSITION_INFO_EX, *PFILE_DISPOSITION_INFO_EX;
windows	Build the native Windows release provider and TypeScript	2026-08-28T05:15:39.3575917Z #endif
windows	Build the native Windows release provider and TypeScript	2026-08-28T05:15:39.3577220Z 
windows	Build the native Windows release provider and TypeScript	2026-08-28T05:15:39.3579055Z typedef struct _FILE_ID_BOTH_DIR_INFO {
windows	Build the native Windows release provider and TypeScript	2026-08-28T05:15:39.3580627Z     DWORD NextEntryOffset;
windows	Build the native Windows release provider and TypeScript	2026-08-28T05:15:39.3582544Z     DWORD FileIndex;
windows	Build the native Windows release provider and TypeScript	2026-08-28T05:15:39.3584150Z     LARGE_INTEGER CreationTime;
windows	Build the native Windows release provider and TypeScript	2026-08-28T05:15:39.3585784Z     LARGE_INTEGER LastAccessTime;
windows	Build the native Windows release provider and TypeScript	2026-08-28T05:15:39.3587396Z     LARGE_INTEGER LastWriteTime;
windows	Build the native Windows release provider and TypeScript	2026-08-28T05:15:39.3589000Z     LARGE_INTEGER ChangeTime;
windows	Build the native Windows release provider and TypeScript	2026-08-28T05:15:39.3590596Z     LARGE_INTEGER EndOfFile;
windows	Build the native Windows release provider and TypeScript	2026-08-28T05:15:39.3592164Z     LARGE_INTEGER AllocationSize;
windows	Build the native Windows release provider and TypeScript	2026-08-28T05:15:39.3593803Z     DWORD FileAttributes;
windows	Build the native Windows release provider and TypeScript	2026-08-28T05:15:39.3595356Z     DWORD FileNameLength;
windows	Build the native Windows release provider and TypeScript	2026-08-28T05:15:39.3597619Z --- um/WinBase.h line 9170 ---
windows	Build the native Windows release provider and TypeScript	2026-08-28T05:15:39.3599088Z 
windows	Build the native Windows release provider and TypeScript	2026-08-28T05:15:39.3600739Z typedef struct _FILE_DISPOSITION_INFO_EX {
windows	Build the native Windows release provider and TypeScript	2026-08-28T05:15:39.3602277Z     DWORD Flags;
windows	Build the native Windows release provider and TypeScript	2026-08-28T05:15:39.3603854Z } FILE_DISPOSITION_INFO_EX, *PFILE_DISPOSITION_INFO_EX;
windows	Build the native Windows release provider and TypeScript	2026-08-28T05:15:39.3605303Z #endif
windows	Build the native Windows release provider and TypeScript	2026-08-28T05:15:39.3606653Z 
windows	Build the native Windows release provider and TypeScript	2026-08-28T05:15:39.3608193Z typedef struct _FILE_ID_BOTH_DIR_INFO {
windows	Build the native Windows release provider and TypeScript	2026-08-28T05:15:39.3609747Z     DWORD NextEntryOffset;
windows	Build the native Windows release provider and TypeScript	2026-08-28T05:15:39.3611324Z     DWORD FileIndex;
windows	Build the native Windows release provider and TypeScript	2026-08-28T05:15:39.3612729Z     LARGE_INTEGER CreationTime;
windows	Build the native Windows release provider and TypeScript	2026-08-28T05:15:39.3614318Z     LARGE_INTEGER LastAccessTime;
windows	Build the native Windows release provider and TypeScript	2026-08-28T05:15:39.3615897Z     LARGE_INTEGER LastWriteTime;
windows	Build the native Windows release provider and TypeScript	2026-08-28T05:15:39.3617510Z     LARGE_INTEGER ChangeTime;
windows	Build the native Windows release provider and TypeScript	2026-08-28T05:15:39.3619318Z     LARGE_INTEGER EndOfFile;
windows	Build the native Windows release provider and TypeScript	2026-08-28T05:15:39.3620885Z     LARGE_INTEGER AllocationSize;
windows	Build the native Windows release provider and TypeScript	2026-08-28T05:15:39.3622537Z     DWORD FileAttributes;
windows	Build the native Windows release provider and TypeScript	2026-08-28T05:15:39.3624373Z     DWORD FileNameLength;
windows	Build the native Windows release provider and TypeScript	2026-08-28T05:15:39.3626274Z     DWORD EaSize;
windows	Build the native Windows release provider and TypeScript	2026-08-28T05:15:39.3628656Z     CCHAR ShortNameLength;
windows	Build the native Windows release provider and TypeScript	2026-08-28T05:15:39.3631066Z     WCHAR ShortName[12];
windows	Build the native Windows release provider and TypeScript	2026-08-28T05:15:39.3633370Z     LARGE_INTEGER FileId;
windows	Build the native Windows release provider and TypeScript	2026-08-28T05:15:39.3635587Z     WCHAR FileName[1];
windows	Build the native Windows release provider and TypeScript	2026-08-28T05:15:39.3638561Z } FILE_ID_BOTH_DIR_INFO, *PFILE_ID_BOTH_DIR_INFO;
windows	Build the native Windows release provider and TypeScript	2026-08-28T05:15:39.3640186Z 
windows	Build the native Windows release provider and TypeScript	2026-08-28T05:15:39.3642441Z typedef struct _FILE_FULL_DIR_INFO {
windows	Build the native Windows release provider and TypeScript	2026-08-28T05:15:39.3644242Z     ULONG NextEntryOffset;
windows	Build the native Windows release provider and TypeScript	2026-08-28T05:15:39.3646321Z     ULONG FileIndex;
windows	Build the native Windows release provider and TypeScript	2026-08-28T05:15:39.3647670Z     LARGE_INTEGER CreationTime;
windows	Build the native Windows release provider and TypeScript	2026-08-28T05:15:39.3649260Z     LARGE_INTEGER LastAccessTime;
windows	Build the native Windows release provider and TypeScript	2026-08-28T05:15:39.3650810Z     LARGE_INTEGER LastWriteTime;
windows	Build the native Windows release provider and TypeScript	2026-08-28T05:15:39.3652380Z     LARGE_INTEGER ChangeTime;
windows	Build the native Windows release provider and TypeScript	2026-08-28T05:15:39.3654016Z --- um/WinBase.h line 9259 ---
windows	Build the native Windows release provider and TypeScript	2026-08-28T05:15:39.3655569Z //
windows	Build the native Windows release provider and TypeScript	2026-08-28T05:15:39.3656999Z typedef struct _FILE_ID_INFO {
windows	Build the native Windows release provider and TypeScript	2026-08-28T05:15:39.3658772Z     ULONGLONG VolumeSerialNumber;
windows	Build the native Windows release provider and TypeScript	2026-08-28T05:15:39.3660240Z     FILE_ID_128 FileId;
windows	Build the native Windows release provider and TypeScript	2026-08-28T05:15:39.3661715Z } FILE_ID_INFO, *PFILE_ID_INFO;
windows	Build the native Windows release provider and TypeScript	2026-08-28T05:15:39.3663085Z 
windows	Build the native Windows release provider and TypeScript	2026-08-28T05:15:39.3664658Z //
windows	Build the native Windows release provider and TypeScript	2026-08-28T05:15:39.3666083Z //  Structure definition for FileIdExtdDirectoryInfo
windows	Build the native Windows release provider and TypeScript	2026-08-28T05:15:39.3667589Z //
windows	Build the native Windows release provider and TypeScript	2026-08-28T05:15:39.3669094Z typedef struct _FILE_ID_EXTD_DIR_INFO {
windows	Build the native Windows release provider and TypeScript	2026-08-28T05:15:39.3670636Z     ULONG NextEntryOffset;
windows	Build the native Windows release provider and TypeScript	2026-08-28T05:15:39.3672276Z     ULONG FileIndex;
windows	Build the native Windows release provider and TypeScript	2026-08-28T05:15:39.3673883Z     LARGE_INTEGER CreationTime;
windows	Build the native Windows release provider and TypeScript	2026-08-28T05:15:39.3675470Z     LARGE_INTEGER LastAccessTime;
windows	Build the native Windows release provider and TypeScript	2026-08-28T05:15:39.3677014Z     LARGE_INTEGER LastWriteTime;
windows	Build the native Windows release provider and TypeScript	2026-08-28T05:15:39.3678760Z     LARGE_INTEGER ChangeTime;
windows	Build the native Windows release provider and TypeScript	2026-08-28T05:15:39.3680321Z     LARGE_INTEGER EndOfFile;
windows	Build the native Windows release provider and TypeScript	2026-08-28T05:15:39.3681946Z     LARGE_INTEGER AllocationSize;
windows	Build the native Windows release provider and TypeScript	2026-08-28T05:15:39.3683891Z     ULONG FileAttributes;
windows	Build the native Windows release provider and TypeScript	2026-08-28T05:15:39.3685288Z     ULONG FileNameLength;
windows	Build the native Windows release provider and TypeScript	2026-08-28T05:15:39.3686725Z     ULONG EaSize;
windows	Build the native Windows release provider and TypeScript	2026-08-28T05:15:39.3688261Z     ULONG ReparsePointTag;
windows	Build the native Windows release provider and TypeScript	2026-08-28T05:15:39.3689696Z     FILE_ID_128 FileId;
windows	Build the native Windows release provider and TypeScript	2026-08-28T05:15:39.3691246Z     WCHAR FileName[1];
windows	Build the native Windows release provider and TypeScript	2026-08-28T05:15:39.3692730Z } FILE_ID_EXTD_DIR_INFO, *PFILE_ID_EXTD_DIR_INFO;
windows	Build the native Windows release provider and TypeScript	2026-08-28T05:15:39.3694123Z 
windows	Build the native Windows release provider and TypeScript	2026-08-28T05:15:39.3695669Z #endif
windows	Build the native Windows release provider and TypeScript	2026-08-28T05:15:39.3696758Z 
windows	Build the native Windows release provider and TypeScript	2026-08-28T05:15:39.3699018Z //
windows	Build the native Windows release provider and TypeScript	2026-08-28T05:15:39.3700300Z // File Remote protocol info (FileRemoteProtocolInfo)
windows	Build the native Windows release provider and TypeScript	2026-08-28T05:15:39.3702395Z //
windows	Build the native Windows release provider and TypeScript	2026-08-28T05:15:39.3703914Z --- um/fileapi.h line 889 ---
windows	Build the native Windows release provider and TypeScript	2026-08-28T05:15:39.3705781Z WINAPI
windows	Build the native Windows release provider and TypeScript	2026-08-28T05:15:39.3707328Z GetVolumeInformationByHandleW(
windows	Build the native Windows release provider and TypeScript	2026-08-28T05:15:39.3708863Z     _In_ HANDLE hFile,
windows	Build the native Windows release provider and TypeScript	2026-08-28T05:15:39.3710420Z     _Out_writes_opt_(nVolumeNameSize) LPWSTR lpVolumeNameBuffer,
windows	Build the native Windows release provider and TypeScript	2026-08-28T05:15:39.3711860Z     _In_ DWORD nVolumeNameSize,
windows	Build the native Windows release provider and TypeScript	2026-08-28T05:15:39.3713515Z     _Out_opt_ LPDWORD lpVolumeSerialNumber,
windows	Build the native Windows release provider and TypeScript	2026-08-28T05:15:39.3715214Z     _Out_opt_ LPDWORD lpMaximumComponentLength,
windows	Build the native Windows release provider and TypeScript	2026-08-28T05:15:39.3717222Z     _Out_opt_ LPDWORD lpFileSystemFlags,
windows	Build the native Windows release provider and TypeScript	2026-08-28T05:15:39.3718552Z     _Out_writes_opt_(nFileSystemNameSize) LPWSTR lpFileSystemNameBuffer,
windows	Build the native Windows release provider and TypeScript	2026-08-28T05:15:39.3720027Z     _In_ DWORD nFileSystemNameSize
windows	Build the native Windows release provider and TypeScript	2026-08-28T05:15:39.3721661Z     );
windows	Build the native Windows release provider and TypeScript	2026-08-28T05:15:39.3722916Z 
windows	Build the native Windows release provider and TypeScript	2026-08-28T05:15:39.3724952Z #endif /* _WIN32_WINNT >=  0x0600 */
windows	Build the native Windows release provider and TypeScript	2026-08-28T05:15:39.3726725Z 
windows	Build the native Windows release provider and TypeScript	2026-08-28T05:15:39.3728680Z WINBASEAPI
windows	Build the native Windows release provider and TypeScript	2026-08-28T05:15:39.3731018Z BOOL
windows	Build the native Windows release provider and TypeScript	2026-08-28T05:15:39.3733277Z WINAPI
windows	Build the native Windows release provider and TypeScript	2026-08-28T05:15:39.3735530Z GetVolumeInformationW(
windows	Build the native Windows release provider and TypeScript	2026-08-28T05:15:39.3737346Z     _In_opt_ LPCWSTR lpRootPathName,
windows	Build the native Windows release provider and TypeScript	2026-08-28T05:15:39.3739349Z     _Out_writes_opt_(nVolumeNameSize) LPWSTR lpVolumeNameBuffer,
windows	Build the native Windows release provider and TypeScript	2026-08-28T05:15:39.3741581Z     _In_ DWORD nVolumeNameSize,
windows	Build the native Windows release provider and TypeScript	2026-08-28T05:15:39.3743789Z     _Out_opt_ LPDWORD lpVolumeSerialNumber,
windows	Build the native Windows release provider and TypeScript	2026-08-28T05:15:39.3745430Z     _Out_opt_ LPDWORD lpMaximumComponentLength,
windows	Build the native Windows release provider and TypeScript	2026-08-28T05:15:39.3747814Z     _Out_opt_ LPDWORD lpFileSystemFlags,
windows	Build the native Windows release provider and TypeScript	2026-08-28T05:15:39.3749386Z     _Out_writes_opt_(nFileSystemNameSize) LPWSTR lpFileSystemNameBuffer,
windows	Build the native Windows release provider and TypeScript	2026-08-28T05:15:39.3751053Z     _In_ DWORD nFileSystemNameSize
windows	Build the native Windows release provider and TypeScript	2026-08-28T05:15:39.3752650Z     );
windows	Build the native Windows release provider and TypeScript	2026-08-28T05:15:39.3753952Z 
windows	Build the native Windows release provider and TypeScript	2026-08-28T05:15:39.3755605Z #ifdef UNICODE
windows	Build the native Windows release provider and TypeScript	2026-08-28T05:15:39.3757684Z #define GetVolumeInformation  GetVolumeInformationW
windows	Build the native Windows release provider and TypeScript	2026-08-28T05:15:39.3759308Z #endif
windows	Build the native Windows release provider and TypeScript	2026-08-28T05:15:39.3760776Z --- um/winternl.h line 213 ---
windows	Build the native Windows release provider and TypeScript	2026-08-28T05:15:39.3762094Z 
windows	Build the native Windows release provider and TypeScript	2026-08-28T05:15:39.3763873Z typedef struct _OBJECT_ATTRIBUTES {
windows	Build the native Windows release provider and TypeScript	2026-08-28T05:15:39.3765400Z     ULONG Length;
windows	Build the native Windows release provider and TypeScript	2026-08-28T05:15:39.3766865Z     HANDLE RootDirectory;
windows	Build the native Windows release provider and TypeScript	2026-08-28T05:15:39.3768413Z     PUNICODE_STRING ObjectName;
windows	Build the native Windows release provider and TypeScript	2026-08-28T05:15:39.3770010Z     ULONG Attributes;
windows	Build the native Windows release provider and TypeScript	2026-08-28T05:15:39.3771602Z     PVOID SecurityDescriptor;
windows	Build the native Windows release provider and TypeScript	2026-08-28T05:15:39.3773238Z     PVOID SecurityQualityOfService;
windows	Build the native Windows release provider and TypeScript	2026-08-28T05:15:39.3774779Z } OBJECT_ATTRIBUTES;
windows	Build the native Windows release provider and TypeScript	2026-08-28T05:15:39.3776360Z typedef OBJECT_ATTRIBUTES *POBJECT_ATTRIBUTES;
windows	Build the native Windows release provider and TypeScript	2026-08-28T05:15:39.3777807Z 
windows	Build the native Windows release provider and TypeScript	2026-08-28T05:15:39.3779426Z typedef struct _IO_STATUS_BLOCK {
windows	Build the native Windows release provider and TypeScript	2026-08-28T05:15:39.3781000Z #pragma warning(push)
windows	Build the native Windows release provider and TypeScript	2026-08-28T05:15:39.3782599Z #pragma warning(disable: 4201) // we'll always use the Microsoft compiler
windows	Build the native Windows release provider and TypeScript	2026-08-28T05:15:39.3783982Z     union {
windows	Build the native Windows release provider and TypeScript	2026-08-28T05:15:39.3785368Z         NTSTATUS Status;
windows	Build the native Windows release provider and TypeScript	2026-08-28T05:15:39.3787008Z         PVOID Pointer;
windows	Build the native Windows release provider and TypeScript	2026-08-28T05:15:39.3788772Z     } DUMMYUNIONNAME;
windows	Build the native Windows release provider and TypeScript	2026-08-28T05:15:39.3790429Z #pragma warning(pop)
windows	Build the native Windows release provider and TypeScript	2026-08-28T05:15:39.3791953Z 
windows	Build the native Windows release provider and TypeScript	2026-08-28T05:15:39.3793562Z     ULONG_PTR Information;
windows	Build the native Windows release provider and TypeScript	2026-08-28T05:15:39.3795500Z } IO_STATUS_BLOCK, *PIO_STATUS_BLOCK;
windows	Build the native Windows release provider and TypeScript	2026-08-28T05:15:39.3796921Z 
windows	Build the native Windows release provider and TypeScript	2026-08-28T05:15:39.3798953Z typedef
windows	Build the native Windows release provider and TypeScript	2026-08-28T05:15:39.3801324Z VOID
windows	Build the native Windows release provider and TypeScript	2026-08-28T05:15:39.3803200Z (NTAPI *PIO_APC_ROUTINE) (
windows	Build the native Windows release provider and TypeScript	2026-08-28T05:15:39.3805017Z     IN PVOID ApcContext,
windows	Build the native Windows release provider and TypeScript	2026-08-28T05:15:39.3806843Z     IN PIO_STATUS_BLOCK IoStatusBlock,
windows	Build the native Windows release provider and TypeScript	2026-08-28T05:15:39.3808737Z     IN ULONG Reserved
windows	Build the native Windows release provider and TypeScript	2026-08-28T05:15:39.3810494Z     );
windows	Build the native Windows release provider and TypeScript	2026-08-28T05:15:39.3811712Z 
windows	Build the native Windows release provider and TypeScript	2026-08-28T05:15:39.3813191Z --- um/winternl.h line 475 ---
windows	Build the native Windows release provider and TypeScript	2026-08-28T05:15:39.3814737Z NTAPI
windows	Build the native Windows release provider and TypeScript	2026-08-28T05:15:39.3816160Z NtCreateFile (
windows	Build the native Windows release provider and TypeScript	2026-08-28T05:15:39.3818005Z     OUT PHANDLE FileHandle,
windows	Build the native Windows release provider and TypeScript	2026-08-28T05:15:39.3819361Z     IN ACCESS_MASK DesiredAccess,
windows	Build the native Windows release provider and TypeScript	2026-08-28T05:15:39.3820924Z     IN POBJECT_ATTRIBUTES ObjectAttributes,
windows	Build the native Windows release provider and TypeScript	2026-08-28T05:15:39.3822573Z     OUT PIO_STATUS_BLOCK IoStatusBlock,
windows	Build the native Windows release provider and TypeScript	2026-08-28T05:15:39.3824219Z     IN PLARGE_INTEGER AllocationSize OPTIONAL,
windows	Build the native Windows release provider and TypeScript	2026-08-28T05:15:39.3825811Z     IN ULONG FileAttributes,
windows	Build the native Windows release provider and TypeScript	2026-08-28T05:15:39.3827432Z     IN ULONG ShareAccess,
windows	Build the native Windows release provider and TypeScript	2026-08-28T05:15:39.3829022Z     IN ULONG CreateDisposition,
windows	Build the native Windows release provider and TypeScript	2026-08-28T05:15:39.3830594Z     IN ULONG CreateOptions,
windows	Build the native Windows release provider and TypeScript	2026-08-28T05:15:39.3832147Z     IN PVOID EaBuffer OPTIONAL,
windows	Build the native Windows release provider and TypeScript	2026-08-28T05:15:39.3833766Z     IN ULONG EaLength
windows	Build the native Windows release provider and TypeScript	2026-08-28T05:15:39.3835337Z     );
windows	Build the native Windows release provider and TypeScript	2026-08-28T05:15:39.3836603Z 
windows	Build the native Windows release provider and TypeScript	2026-08-28T05:15:39.3838303Z //
windows	Build the native Windows release provider and TypeScript	2026-08-28T05:15:39.3839713Z // use the Win32 API instead
windows	Build the native Windows release provider and TypeScript	2026-08-28T05:15:39.3841271Z //     CreateFile
windows	Build the native Windows release provider and TypeScript	2026-08-28T05:15:39.3843715Z //
windows	Build the native Windows release provider and TypeScript	2026-08-28T05:15:39.3845252Z __kernel_entry NTSTATUS
windows	Build the native Windows release provider and TypeScript	2026-08-28T05:15:39.3847124Z NTAPI
windows	Build the native Windows release provider and TypeScript	2026-08-28T05:15:39.3849366Z NtOpenFile (
windows	Build the native Windows release provider and TypeScript	2026-08-28T05:15:39.3851885Z     OUT PHANDLE FileHandle,
windows	Build the native Windows release provider and TypeScript	2026-08-28T05:15:39.3854250Z     IN ACCESS_MASK DesiredAccess,
windows	Build the native Windows release provider and TypeScript	2026-08-28T05:15:39.3856605Z     IN POBJECT_ATTRIBUTES ObjectAttributes,
windows	Build the native Windows release provider and TypeScript	2026-08-28T05:15:39.3858933Z     OUT PIO_STATUS_BLOCK IoStatusBlock,
windows	Build the native Windows release provider and TypeScript	2026-08-28T05:15:39.3861122Z     IN ULONG ShareAccess,
windows	Build the native Windows release provider and TypeScript	2026-08-28T05:15:39.3863011Z     IN ULONG OpenOptions
windows	Build the native Windows release provider and TypeScript	2026-08-28T05:15:39.3865083Z     );
windows	Build the native Windows release provider and TypeScript	2026-08-28T05:15:39.3866455Z 
windows	Build the native Windows release provider and TypeScript	2026-08-28T05:15:39.3867952Z //
windows	Build the native Windows release provider and TypeScript	2026-08-28T05:15:39.3869664Z --- um/winternl.h line 992 ---
windows	Build the native Windows release provider and TypeScript	2026-08-28T05:15:39.3871488Z #define FILE_CREATE                     0x00000002
windows	Build the native Windows release provider and TypeScript	2026-08-28T05:15:39.3873098Z #define FILE_OPEN_IF                    0x00000003
windows	Build the native Windows release provider and TypeScript	2026-08-28T05:15:39.3874806Z #define FILE_OVERWRITE                  0x00000004
windows	Build the native Windows release provider and TypeScript	2026-08-28T05:15:39.3876663Z #define FILE_OVERWRITE_IF               0x00000005
windows	Build the native Windows release provider and TypeScript	2026-08-28T05:15:39.3878293Z #define FILE_MAXIMUM_DISPOSITION        0x00000005
windows	Build the native Windows release provider and TypeScript	2026-08-28T05:15:39.3879705Z 
windows	Build the native Windows release provider and TypeScript	2026-08-28T05:15:39.3881220Z //
windows	Build the native Windows release provider and TypeScript	2026-08-28T05:15:39.3882593Z // Define the create/open option flags
windows	Build the native Windows release provider and TypeScript	2026-08-28T05:15:39.3884100Z //
windows	Build the native Windows release provider and TypeScript	2026-08-28T05:15:39.3885356Z 
windows	Build the native Windows release provider and TypeScript	2026-08-28T05:15:39.3886968Z #define FILE_DIRECTORY_FILE                     0x00000001
windows	Build the native Windows release provider and TypeScript	2026-08-28T05:15:39.3888535Z #define FILE_WRITE_THROUGH                      0x00000002
windows	Build the native Windows release provider and TypeScript	2026-08-28T05:15:39.3890221Z #define FILE_SEQUENTIAL_ONLY                    0x00000004
windows	Build the native Windows release provider and TypeScript	2026-08-28T05:15:39.3891856Z #define FILE_NO_INTERMEDIATE_BUFFERING          0x00000008
windows	Build the native Windows release provider and TypeScript	2026-08-28T05:15:39.3893198Z 
windows	Build the native Windows release provider and TypeScript	2026-08-28T05:15:39.3894885Z #define FILE_SYNCHRONOUS_IO_ALERT               0x00000010
windows	Build the native Windows release provider and TypeScript	2026-08-28T05:15:39.3896610Z #define FILE_SYNCHRONOUS_IO_NONALERT            0x00000020
windows	Build the native Windows release provider and TypeScript	2026-08-28T05:15:39.3898243Z #define FILE_NON_DIRECTORY_FILE                 0x00000040
windows	Build the native Windows release provider and TypeScript	2026-08-28T05:15:39.3899884Z #define FILE_CREATE_TREE_CONNECTION             0x00000080
windows	Build the native Windows release provider and TypeScript	2026-08-28T05:15:39.3901216Z 
windows	Build the native Windows release provider and TypeScript	2026-08-28T05:15:39.3903356Z #define FILE_COMPLETE_IF_OPLOCKED               0x00000100
windows	Build the native Windows release provider and TypeScript	2026-08-28T05:15:39.3905021Z #define FILE_NO_EA_KNOWLEDGE                    0x00000200
windows	Build the native Windows release provider and TypeScript	2026-08-28T05:15:39.3906642Z #define FILE_OPEN_REMOTE_INSTANCE               0x00000400
windows	Build the native Windows release provider and TypeScript	2026-08-28T05:15:39.3908250Z #define FILE_RANDOM_ACCESS                      0x00000800
windows	Build the native Windows release provider and TypeScript	2026-08-28T05:15:39.3909722Z 
windows	Build the native Windows release provider and TypeScript	2026-08-28T05:15:39.3911409Z #define FILE_DELETE_ON_CLOSE                    0x00001000
windows	Build the native Windows release provider and TypeScript	2026-08-28T05:15:39.3912962Z #define FILE_OPEN_BY_FILE_ID                    0x00002000
windows	Build the native Windows release provider and TypeScript	2026-08-28T05:15:39.3914497Z #define FILE_OPEN_FOR_BACKUP_INTENT             0x00004000
windows	Build the native Windows release provider and TypeScript	2026-08-28T05:15:39.3916566Z #define FILE_NO_COMPRESSION                     0x00008000
windows	Build the native Windows release provider and TypeScript	2026-08-28T05:15:39.3917954Z 
windows	Build the native Windows release provider and TypeScript	2026-08-28T05:15:39.3919520Z #if (_WIN32_WINNT >= _WIN32_WINNT_WIN7)
windows	Build the native Windows release provider and TypeScript	2026-08-28T05:15:39.3921061Z --- um/winternl.h line 1007 ---
windows	Build the native Windows release provider and TypeScript	2026-08-28T05:15:39.3922730Z #define FILE_SYNCHRONOUS_IO_ALERT               0x00000010
windows	Build the native Windows release provider and TypeScript	2026-08-28T05:15:39.3924321Z #define FILE_SYNCHRONOUS_IO_NONALERT            0x00000020
windows	Build the native Windows release provider and TypeScript	2026-08-28T05:15:39.3925935Z #define FILE_NON_DIRECTORY_FILE                 0x00000040
windows	Build the native Windows release provider and TypeScript	2026-08-28T05:15:39.3927329Z #define FILE_CREATE_TREE_CONNECTION             0x00000080
windows	Build the native Windows release provider and TypeScript	2026-08-28T05:15:39.3928934Z 
windows	Build the native Windows release provider and TypeScript	2026-08-28T05:15:39.3930676Z #define FILE_COMPLETE_IF_OPLOCKED               0x00000100
windows	Build the native Windows release provider and TypeScript	2026-08-28T05:15:39.3932278Z #define FILE_NO_EA_KNOWLEDGE                    0x00000200
windows	Build the native Windows release provider and TypeScript	2026-08-28T05:15:39.3933934Z #define FILE_OPEN_REMOTE_INSTANCE               0x00000400
windows	Build the native Windows release provider and TypeScript	2026-08-28T05:15:39.3935694Z #define FILE_RANDOM_ACCESS                      0x00000800
windows	Build the native Windows release provider and TypeScript	2026-08-28T05:15:39.3937117Z 
windows	Build the native Windows release provider and TypeScript	2026-08-28T05:15:39.3938800Z #define FILE_DELETE_ON_CLOSE                    0x00001000
windows	Build the native Windows release provider and TypeScript	2026-08-28T05:15:39.3940268Z #define FILE_OPEN_BY_FILE_ID                    0x00002000
windows	Build the native Windows release provider and TypeScript	2026-08-28T05:15:39.3941925Z #define FILE_OPEN_FOR_BACKUP_INTENT             0x00004000
windows	Build the native Windows release provider and TypeScript	2026-08-28T05:15:39.3943534Z #define FILE_NO_COMPRESSION                     0x00008000
windows	Build the native Windows release provider and TypeScript	2026-08-28T05:15:39.3944851Z 
windows	Build the native Windows release provider and TypeScript	2026-08-28T05:15:39.3946481Z #if (_WIN32_WINNT >= _WIN32_WINNT_WIN7)
windows	Build the native Windows release provider and TypeScript	2026-08-28T05:15:39.3948096Z #define FILE_OPEN_REQUIRING_OPLOCK              0x00010000
windows	Build the native Windows release provider and TypeScript	2026-08-28T05:15:39.3949842Z #endif
windows	Build the native Windows release provider and TypeScript	2026-08-28T05:15:39.3951289Z 
windows	Build the native Windows release provider and TypeScript	2026-08-28T05:15:39.3952950Z #define FILE_RESERVE_OPFILTER                   0x00100000
windows	Build the native Windows release provider and TypeScript	2026-08-28T05:15:39.3954526Z #define FILE_OPEN_REPARSE_POINT                 0x00200000
windows	Build the native Windows release provider and TypeScript	2026-08-28T05:15:39.3956430Z #define FILE_OPEN_NO_RECALL                     0x00400000
windows	Build the native Windows release provider and TypeScript	2026-08-28T05:15:39.3957778Z #define FILE_OPEN_FOR_FREE_SPACE_QUERY          0x00800000
windows	Build the native Windows release provider and TypeScript	2026-08-28T05:15:39.3959097Z 
windows	Build the native Windows release provider and TypeScript	2026-08-28T05:15:39.3960752Z #define FILE_VALID_OPTION_FLAGS                 0x00ffffff
windows	Build the native Windows release provider and TypeScript	2026-08-28T05:15:39.3962303Z #define FILE_VALID_PIPE_OPTION_FLAGS            0x00000032
windows	Build the native Windows release provider and TypeScript	2026-08-28T05:15:39.3963907Z #define FILE_VALID_MAILSLOT_OPTION_FLAGS        0x00000032
windows	Build the native Windows release provider and TypeScript	2026-08-28T05:15:39.3965485Z #define FILE_VALID_SET_FLAGS                    0x00000036
windows	Build the native Windows release provider and TypeScript	2026-08-28T05:15:39.3966818Z 
windows	Build the native Windows release provider and TypeScript	2026-08-28T05:15:39.3968365Z //
windows	Build the native Windows release provider and TypeScript	2026-08-28T05:15:39.3970161Z // Define the I/O status information return values for NtCreateFile/NtOpenFile
windows	Build the native Windows release provider and TypeScript	2026-08-28T05:15:39.3971392Z --- um/winternl.h line 1026 ---
windows	Build the native Windows release provider and TypeScript	2026-08-28T05:15:39.3972994Z #define FILE_RESERVE_OPFILTER                   0x00100000
windows	Build the native Windows release provider and TypeScript	2026-08-28T05:15:39.3974638Z #define FILE_OPEN_REPARSE_POINT                 0x00200000
windows	Build the native Windows release provider and TypeScript	2026-08-28T05:15:39.3976519Z #define FILE_OPEN_NO_RECALL                     0x00400000
windows	Build the native Windows release provider and TypeScript	2026-08-28T05:15:39.3977876Z #define FILE_OPEN_FOR_FREE_SPACE_QUERY          0x00800000
windows	Build the native Windows release provider and TypeScript	2026-08-28T05:15:39.3979165Z 
windows	Build the native Windows release provider and TypeScript	2026-08-28T05:15:39.3980819Z #define FILE_VALID_OPTION_FLAGS                 0x00ffffff
windows	Build the native Windows release provider and TypeScript	2026-08-28T05:15:39.3982323Z #define FILE_VALID_PIPE_OPTION_FLAGS            0x00000032
windows	Build the native Windows release provider and TypeScript	2026-08-28T05:15:39.3983922Z #define FILE_VALID_MAILSLOT_OPTION_FLAGS        0x00000032
windows	Build the native Windows release provider and TypeScript	2026-08-28T05:15:39.3985505Z #define FILE_VALID_SET_FLAGS                    0x00000036
windows	Build the native Windows release provider and TypeScript	2026-08-28T05:15:39.3986875Z 
windows	Build the native Windows release provider and TypeScript	2026-08-28T05:15:39.3988386Z //
windows	Build the native Windows release provider and TypeScript	2026-08-28T05:15:39.3990364Z // Define the I/O status information return values for NtCreateFile/NtOpenFile
windows	Build the native Windows release provider and TypeScript	2026-08-28T05:15:39.3991281Z //
windows	Build the native Windows release provider and TypeScript	2026-08-28T05:15:39.3992924Z 
windows	Build the native Windows release provider and TypeScript	2026-08-28T05:15:39.3995353Z #define FILE_SUPERSEDED                 0x00000000
windows	Build the native Windows release provider and TypeScript	2026-08-28T05:15:39.3997315Z #define FILE_OPENED                     0x00000001
windows	Build the native Windows release provider and TypeScript	2026-08-28T05:15:39.3999469Z #define FILE_CREATED                    0x00000002
windows	Build the native Windows release provider and TypeScript	2026-08-28T05:15:39.4001243Z #define FILE_OVERWRITTEN                0x00000003
windows	Build the native Windows release provider and TypeScript	2026-08-28T05:15:39.4002383Z #define FILE_EXISTS                     0x00000004
windows	Build the native Windows release provider and TypeScript	2026-08-28T05:15:39.4004742Z #define FILE_DOES_NOT_EXIST             0x00000005
windows	Build the native Windows release provider and TypeScript	2026-08-28T05:15:39.4005947Z 
windows	Build the native Windows release provider and TypeScript	2026-08-28T05:15:39.4008179Z #ifndef __os_arm64x_get_x64_information
windows	Build the native Windows release provider and TypeScript	2026-08-28T05:15:39.4010844Z #define __os_arm64x_get_x64_information __os_arm64x_rdtsc
windows	Build the native Windows release provider and TypeScript	2026-08-28T05:15:39.4013163Z #endif
windows	Build the native Windows release provider and TypeScript	2026-08-28T05:15:39.4014697Z #ifndef __os_arm64x_set_x64_information
windows	Build the native Windows release provider and TypeScript	2026-08-28T05:15:39.4016596Z #define __os_arm64x_set_x64_information __os_arm64x_cpuidex
windows	Build the native Windows release provider and TypeScript	2026-08-28T05:15:39.4017943Z #endif
windows	Build the native Windows release provider and TypeScript	2026-08-28T05:15:39.4019171Z 
windows	Build the native Windows release provider and TypeScript	2026-08-28T05:15:39.4020855Z #ifdef __cplusplus
windows	Build the native Windows release provider and TypeScript	2026-08-28T05:15:39.4022461Z }
windows	Build the native Windows release provider and TypeScript	2026-08-28T05:15:39.4023929Z #endif
windows	Build the native Windows release provider and TypeScript	2026-08-28T05:15:39.4025320Z --- um/winternl.h line 1036 ---
windows	Build the native Windows release provider and TypeScript	2026-08-28T05:15:39.4027135Z //
windows	Build the native Windows release provider and TypeScript	2026-08-28T05:15:39.4028713Z // Define the I/O status information return values for NtCreateFile/NtOpenFile
windows	Build the native Windows release provider and TypeScript	2026-08-28T05:15:39.4030352Z //
windows	Build the native Windows release provider and TypeScript	2026-08-28T05:15:39.4031683Z 
windows	Build the native Windows release provider and TypeScript	2026-08-28T05:15:39.4033579Z #define FILE_SUPERSEDED                 0x00000000
windows	Build the native Windows release provider and TypeScript	2026-08-28T05:15:39.4035136Z #define FILE_OPENED                     0x00000001
windows	Build the native Windows release provider and TypeScript	2026-08-28T05:15:39.4036797Z #define FILE_CREATED                    0x00000002
windows	Build the native Windows release provider and TypeScript	2026-08-28T05:15:39.4038469Z #define FILE_OVERWRITTEN                0x00000003
windows	Build the native Windows release provider and TypeScript	2026-08-28T05:15:39.4040021Z #define FILE_EXISTS                     0x00000004
windows	Build the native Windows release provider and TypeScript	2026-08-28T05:15:39.4041632Z #define FILE_DOES_NOT_EXIST             0x00000005
windows	Build the native Windows release provider and TypeScript	2026-08-28T05:15:39.4042998Z 
windows	Build the native Windows release provider and TypeScript	2026-08-28T05:15:39.4044606Z #ifndef __os_arm64x_get_x64_information
windows	Build the native Windows release provider and TypeScript	2026-08-28T05:15:39.4046231Z #define __os_arm64x_get_x64_information __os_arm64x_rdtsc
windows	Build the native Windows release provider and TypeScript	2026-08-28T05:15:39.4047763Z #endif
windows	Build the native Windows release provider and TypeScript	2026-08-28T05:15:39.4049441Z #ifndef __os_arm64x_set_x64_information
windows	Build the native Windows release provider and TypeScript	2026-08-28T05:15:39.4051177Z #define __os_arm64x_set_x64_information __os_arm64x_cpuidex
windows	Build the native Windows release provider and TypeScript	2026-08-28T05:15:39.4052826Z #endif
windows	Build the native Windows release provider and TypeScript	2026-08-28T05:15:39.4054615Z 
windows	Build the native Windows release provider and TypeScript	2026-08-28T05:15:39.4056343Z #ifdef __cplusplus
windows	Build the native Windows release provider and TypeScript	2026-08-28T05:15:39.4057859Z }
windows	Build the native Windows release provider and TypeScript	2026-08-28T05:15:39.4059314Z #endif
windows	Build the native Windows release provider and TypeScript	2026-08-28T05:15:39.4060503Z 
windows	Build the native Windows release provider and TypeScript	2026-08-28T05:15:39.4061991Z #endif // (_WIN32_WINNT >= 0x0500)
windows	Build the native Windows release provider and TypeScript	2026-08-28T05:15:39.4063318Z 
windows	Build the native Windows release provider and TypeScript	2026-08-28T05:15:39.4064730Z 
windows	Build the native Windows release provider and TypeScript	2026-08-28T05:15:39.4066363Z #endif /* WINAPI_FAMILY_PARTITION(WINAPI_PARTITION_DESKTOP | WINAPI_PARTITION_SYSTEM) */
windows	Build the native Windows release provider and TypeScript	2026-08-28T05:15:39.4067646Z #pragma endregion
windows	Build the native Windows release provider and TypeScript	2026-08-28T05:15:39.4069041Z 
windows	Build the native Windows release provider and TypeScript	2026-08-28T05:15:39.4070517Z #endif // _WINTERNL_
windows	Build the native Windows release provider and TypeScript	2026-08-28T05:15:39.4072096Z --- um/WinBase.h line 9104 ---
windows	Build the native Windows release provider and TypeScript	2026-08-28T05:15:39.4073949Z #if (_WIN32_WINNT >= _WIN32_WINNT_WIN10_RS1)
windows	Build the native Windows release provider and TypeScript	2026-08-28T05:15:39.4075596Z #define FILE_RENAME_FLAG_REPLACE_IF_EXISTS                  0x00000001
windows	Build the native Windows release provider and TypeScript	2026-08-28T05:15:39.4077201Z #define FILE_RENAME_FLAG_POSIX_SEMANTICS                    0x00000002
windows	Build the native Windows release provider and TypeScript	2026-08-28T05:15:39.4078676Z #endif
windows	Build the native Windows release provider and TypeScript	2026-08-28T05:15:39.4079929Z 
windows	Build the native Windows release provider and TypeScript	2026-08-28T05:15:39.4081379Z #if (_WIN32_WINNT >= _WIN32_WINNT_WIN10_RS3)
windows	Build the native Windows release provider and TypeScript	2026-08-28T05:15:39.4083005Z #define FILE_RENAME_FLAG_SUPPRESS_PIN_STATE_INHERITANCE     0x00000004
windows	Build the native Windows release provider and TypeScript	2026-08-28T05:15:39.4084487Z #endif
windows	Build the native Windows release provider and TypeScript	2026-08-28T05:15:39.4085719Z 
windows	Build the native Windows release provider and TypeScript	2026-08-28T05:15:39.4087170Z typedef struct _FILE_RENAME_INFO {
windows	Build the native Windows release provider and TypeScript	2026-08-28T05:15:39.4088796Z #if (_WIN32_WINNT >= _WIN32_WINNT_WIN10_RS1)
windows	Build the native Windows release provider and TypeScript	2026-08-28T05:15:39.4090290Z     union {
windows	Build the native Windows release provider and TypeScript	2026-08-28T05:15:39.4091805Z         BOOLEAN ReplaceIfExists;  // FileRenameInfo
windows	Build the native Windows release provider and TypeScript	2026-08-28T05:15:39.4093849Z         DWORD Flags;              // FileRenameInfoEx
windows	Build the native Windows release provider and TypeScript	2026-08-28T05:15:39.4095614Z     } DUMMYUNIONNAME;
windows	Build the native Windows release provider and TypeScript	2026-08-28T05:15:39.4097635Z #else
windows	Build the native Windows release provider and TypeScript	2026-08-28T05:15:39.4100075Z     BOOLEAN ReplaceIfExists;
windows	Build the native Windows release provider and TypeScript	2026-08-28T05:15:39.4102341Z #endif
windows	Build the native Windows release provider and TypeScript	2026-08-28T05:15:39.4104646Z     HANDLE RootDirectory;
windows	Build the native Windows release provider and TypeScript	2026-08-28T05:15:39.4106965Z     DWORD FileNameLength;
windows	Build the native Windows release provider and TypeScript	2026-08-28T05:15:39.4109304Z     WCHAR FileName[1];
windows	Build the native Windows release provider and TypeScript	2026-08-28T05:15:39.4111978Z } FILE_RENAME_INFO, *PFILE_RENAME_INFO;
windows	Build the native Windows release provider and TypeScript	2026-08-28T05:15:39.4113427Z 
windows	Build the native Windows release provider and TypeScript	2026-08-28T05:15:39.4115662Z typedef struct _FILE_ALLOCATION_INFO {
windows	Build the native Windows release provider and TypeScript	2026-08-28T05:15:39.4117117Z     LARGE_INTEGER AllocationSize;
windows	Build the native Windows release provider and TypeScript	2026-08-28T05:15:39.4118774Z } FILE_ALLOCATION_INFO, *PFILE_ALLOCATION_INFO;
windows	Build the native Windows release provider and TypeScript	2026-08-28T05:15:39.4120083Z 
windows	Build the native Windows release provider and TypeScript	2026-08-28T05:15:39.4121772Z typedef struct _FILE_END_OF_FILE_INFO {
windows	Build the native Windows release provider and TypeScript	2026-08-28T05:15:39.4123272Z     LARGE_INTEGER EndOfFile;
windows	Build the native Windows release provider and TypeScript	2026-08-28T05:15:39.4124755Z } FILE_END_OF_FILE_INFO, *PFILE_END_OF_FILE_INFO;
windows	Build the native Windows release provider and TypeScript	2026-08-28T05:15:39.4126074Z 
windows	Build the native Windows release provider and TypeScript	2026-08-28T05:15:39.4127672Z --- um/WinBase.h line 9105 ---
windows	Build the native Windows release provider and TypeScript	2026-08-28T05:15:39.4129569Z #define FILE_RENAME_FLAG_REPLACE_IF_EXISTS                  0x00000001
windows	Build the native Windows release provider and TypeScript	2026-08-28T05:15:39.4131380Z #define FILE_RENAME_FLAG_POSIX_SEMANTICS                    0x00000002
windows	Build the native Windows release provider and TypeScript	2026-08-28T05:15:39.4132797Z #endif
windows	Build the native Windows release provider and TypeScript	2026-08-28T05:15:39.4134516Z 
windows	Build the native Windows release provider and TypeScript	2026-08-28T05:15:39.4136179Z #if (_WIN32_WINNT >= _WIN32_WINNT_WIN10_RS3)
windows	Build the native Windows release provider and TypeScript	2026-08-28T05:15:39.4137852Z #define FILE_RENAME_FLAG_SUPPRESS_PIN_STATE_INHERITANCE     0x00000004
windows	Build the native Windows release provider and TypeScript	2026-08-28T05:15:39.4139325Z #endif
windows	Build the native Windows release provider and TypeScript	2026-08-28T05:15:39.4140746Z 
windows	Build the native Windows release provider and TypeScript	2026-08-28T05:15:39.4142296Z typedef struct _FILE_RENAME_INFO {
windows	Build the native Windows release provider and TypeScript	2026-08-28T05:15:39.4143852Z #if (_WIN32_WINNT >= _WIN32_WINNT_WIN10_RS1)
windows	Build the native Windows release provider and TypeScript	2026-08-28T05:15:39.4145458Z     union {
windows	Build the native Windows release provider and TypeScript	2026-08-28T05:15:39.4146920Z         BOOLEAN ReplaceIfExists;  // FileRenameInfo
windows	Build the native Windows release provider and TypeScript	2026-08-28T05:15:39.4148555Z         DWORD Flags;              // FileRenameInfoEx
windows	Build the native Windows release provider and TypeScript	2026-08-28T05:15:39.4150166Z     } DUMMYUNIONNAME;
windows	Build the native Windows release provider and TypeScript	2026-08-28T05:15:39.4152408Z #else
windows	Build the native Windows release provider and TypeScript	2026-08-28T05:15:39.4153561Z     BOOLEAN ReplaceIfExists;
windows	Build the native Windows release provider and TypeScript	2026-08-28T05:15:39.4155235Z #endif
windows	Build the native Windows release provider and TypeScript	2026-08-28T05:15:39.4156785Z     HANDLE RootDirectory;
windows	Build the native Windows release provider and TypeScript	2026-08-28T05:15:39.4158545Z     DWORD FileNameLength;
windows	Build the native Windows release provider and TypeScript	2026-08-28T05:15:39.4160107Z     WCHAR FileName[1];
windows	Build the native Windows release provider and TypeScript	2026-08-28T05:15:39.4161570Z } FILE_RENAME_INFO, *PFILE_RENAME_INFO;
windows	Build the native Windows release provider and TypeScript	2026-08-28T05:15:39.4162990Z 
windows	Build the native Windows release provider and TypeScript	2026-08-28T05:15:39.4164608Z typedef struct _FILE_ALLOCATION_INFO {
windows	Build the native Windows release provider and TypeScript	2026-08-28T05:15:39.4166107Z     LARGE_INTEGER AllocationSize;
windows	Build the native Windows release provider and TypeScript	2026-08-28T05:15:39.4167750Z } FILE_ALLOCATION_INFO, *PFILE_ALLOCATION_INFO;
windows	Build the native Windows release provider and TypeScript	2026-08-28T05:15:39.4169236Z 
windows	Build the native Windows release provider and TypeScript	2026-08-28T05:15:39.4170811Z typedef struct _FILE_END_OF_FILE_INFO {
windows	Build the native Windows release provider and TypeScript	2026-08-28T05:15:39.4172312Z     LARGE_INTEGER EndOfFile;
windows	Build the native Windows release provider and TypeScript	2026-08-28T05:15:39.4174074Z } FILE_END_OF_FILE_INFO, *PFILE_END_OF_FILE_INFO;
windows	Build the native Windows release provider and TypeScript	2026-08-28T05:15:39.4175378Z 
windows	Build the native Windows release provider and TypeScript	2026-08-28T05:15:39.4176968Z typedef struct _FILE_STREAM_INFO {
windows	Build the native Windows release provider and TypeScript	2026-08-28T05:15:39.4178637Z --- um/WinBase.h line 9109 ---
windows	Build the native Windows release provider and TypeScript	2026-08-28T05:15:39.4180202Z #if (_WIN32_WINNT >= _WIN32_WINNT_WIN10_RS3)
windows	Build the native Windows release provider and TypeScript	2026-08-28T05:15:39.4181863Z #define FILE_RENAME_FLAG_SUPPRESS_PIN_STATE_INHERITANCE     0x00000004
windows	Build the native Windows release provider and TypeScript	2026-08-28T05:15:39.4183801Z #endif
windows	Build the native Windows release provider and TypeScript	2026-08-28T05:15:39.4185284Z 
windows	Build the native Windows release provider and TypeScript	2026-08-28T05:15:39.4187899Z typedef struct _FILE_RENAME_INFO {
windows	Build the native Windows release provider and TypeScript	2026-08-28T05:15:39.4188704Z #if (_WIN32_WINNT >= _WIN32_WINNT_WIN10_RS1)
windows	Build the native Windows release provider and TypeScript	2026-08-28T05:15:39.4190721Z     union {
windows	Build the native Windows release provider and TypeScript	2026-08-28T05:15:39.4192249Z         BOOLEAN ReplaceIfExists;  // FileRenameInfo
windows	Build the native Windows release provider and TypeScript	2026-08-28T05:15:39.4194267Z         DWORD Flags;              // FileRenameInfoEx
windows	Build the native Windows release provider and TypeScript	2026-08-28T05:15:39.4195927Z     } DUMMYUNIONNAME;
windows	Build the native Windows release provider and TypeScript	2026-08-28T05:15:39.4197945Z #else
windows	Build the native Windows release provider and TypeScript	2026-08-28T05:15:39.4200542Z     BOOLEAN ReplaceIfExists;
windows	Build the native Windows release provider and TypeScript	2026-08-28T05:15:39.4202767Z #endif
windows	Build the native Windows release provider and TypeScript	2026-08-28T05:15:39.4205280Z     HANDLE RootDirectory;
windows	Build the native Windows release provider and TypeScript	2026-08-28T05:15:39.4207671Z     DWORD FileNameLength;
windows	Build the native Windows release provider and TypeScript	2026-08-28T05:15:39.4210259Z     WCHAR FileName[1];
windows	Build the native Windows release provider and TypeScript	2026-08-28T05:15:39.4212732Z } FILE_RENAME_INFO, *PFILE_RENAME_INFO;
windows	Build the native Windows release provider and TypeScript	2026-08-28T05:15:39.4214869Z 
windows	Build the native Windows release provider and TypeScript	2026-08-28T05:15:39.4217224Z typedef struct _FILE_ALLOCATION_INFO {
windows	Build the native Windows release provider and TypeScript	2026-08-28T05:15:39.4218709Z     LARGE_INTEGER AllocationSize;
windows	Build the native Windows release provider and TypeScript	2026-08-28T05:15:39.4220493Z } FILE_ALLOCATION_INFO, *PFILE_ALLOCATION_INFO;
windows	Build the native Windows release provider and TypeScript	2026-08-28T05:15:39.4221850Z 
windows	Build the native Windows release provider and TypeScript	2026-08-28T05:15:39.4223478Z typedef struct _FILE_END_OF_FILE_INFO {
windows	Build the native Windows release provider and TypeScript	2026-08-28T05:15:39.4224995Z     LARGE_INTEGER EndOfFile;
windows	Build the native Windows release provider and TypeScript	2026-08-28T05:15:39.4226623Z } FILE_END_OF_FILE_INFO, *PFILE_END_OF_FILE_INFO;
windows	Build the native Windows release provider and TypeScript	2026-08-28T05:15:39.4228115Z 
windows	Build the native Windows release provider and TypeScript	2026-08-28T05:15:39.4229877Z typedef struct _FILE_STREAM_INFO {
windows	Build the native Windows release provider and TypeScript	2026-08-28T05:15:39.4231451Z     DWORD NextEntryOffset;
windows	Build the native Windows release provider and TypeScript	2026-08-28T05:15:39.4233065Z     DWORD StreamNameLength;
windows	Build the native Windows release provider and TypeScript	2026-08-28T05:15:39.4234663Z     LARGE_INTEGER StreamSize;
windows	Build the native Windows release provider and TypeScript	2026-08-28T05:15:39.4236260Z     LARGE_INTEGER StreamAllocationSize;
windows	Build the native Windows release provider and TypeScript	2026-08-28T05:15:39.4237795Z --- um/WinBase.h line 9112 ---
windows	Build the native Windows release provider and TypeScript	2026-08-28T05:15:39.4239194Z 
windows	Build the native Windows release provider and TypeScript	2026-08-28T05:15:39.4240753Z typedef struct _FILE_RENAME_INFO {
windows	Build the native Windows release provider and TypeScript	2026-08-28T05:15:39.4242283Z #if (_WIN32_WINNT >= _WIN32_WINNT_WIN10_RS1)
windows	Build the native Windows release provider and TypeScript	2026-08-28T05:15:39.4243847Z     union {
windows	Build the native Windows release provider and TypeScript	2026-08-28T05:15:39.4245304Z         BOOLEAN ReplaceIfExists;  // FileRenameInfo
windows	Build the native Windows release provider and TypeScript	2026-08-28T05:15:39.4246792Z         DWORD Flags;              // FileRenameInfoEx
windows	Build the native Windows release provider and TypeScript	2026-08-28T05:15:39.4248925Z     } DUMMYUNIONNAME;
windows	Build the native Windows release provider and TypeScript	2026-08-28T05:15:39.4250278Z #else
windows	Build the native Windows release provider and TypeScript	2026-08-28T05:15:39.4251734Z     BOOLEAN ReplaceIfExists;
windows	Build the native Windows release provider and TypeScript	2026-08-28T05:15:39.4253214Z #endif
windows	Build the native Windows release provider and TypeScript	2026-08-28T05:15:39.4255533Z     HANDLE RootDirectory;
windows	Build the native Windows release provider and TypeScript	2026-08-28T05:15:39.4257979Z     DWORD FileNameLength;
windows	Build the native Windows release provider and TypeScript	2026-08-28T05:15:39.4260240Z     WCHAR FileName[1];
windows	Build the native Windows release provider and TypeScript	2026-08-28T05:15:39.4262453Z } FILE_RENAME_INFO, *PFILE_RENAME_INFO;
windows	Build the native Windows release provider and TypeScript	2026-08-28T05:15:39.4264610Z 
windows	Build the native Windows release provider and TypeScript	2026-08-28T05:15:39.4266789Z typedef struct _FILE_ALLOCATION_INFO {
windows	Build the native Windows release provider and TypeScript	2026-08-28T05:15:39.4269144Z     LARGE_INTEGER AllocationSize;
windows	Build the native Windows release provider and TypeScript	2026-08-28T05:15:39.4271181Z } FILE_ALLOCATION_INFO, *PFILE_ALLOCATION_INFO;
windows	Build the native Windows release provider and TypeScript	2026-08-28T05:15:39.4272993Z 
windows	Build the native Windows release provider and TypeScript	2026-08-28T05:15:39.4274625Z typedef struct _FILE_END_OF_FILE_INFO {
windows	Build the native Windows release provider and TypeScript	2026-08-28T05:15:39.4276305Z     LARGE_INTEGER EndOfFile;
windows	Build the native Windows release provider and TypeScript	2026-08-28T05:15:39.4277959Z } FILE_END_OF_FILE_INFO, *PFILE_END_OF_FILE_INFO;
windows	Build the native Windows release provider and TypeScript	2026-08-28T05:15:39.4279362Z 
windows	Build the native Windows release provider and TypeScript	2026-08-28T05:15:39.4281150Z typedef struct _FILE_STREAM_INFO {
windows	Build the native Windows release provider and TypeScript	2026-08-28T05:15:39.4282734Z     DWORD NextEntryOffset;
windows	Build the native Windows release provider and TypeScript	2026-08-28T05:15:39.4284388Z     DWORD StreamNameLength;
windows	Build the native Windows release provider and TypeScript	2026-08-28T05:15:39.4285978Z     LARGE_INTEGER StreamSize;
windows	Build the native Windows release provider and TypeScript	2026-08-28T05:15:39.4287872Z     LARGE_INTEGER StreamAllocationSize;
windows	Build the native Windows release provider and TypeScript	2026-08-28T05:15:39.4289407Z     WCHAR StreamName[1];
windows	Build the native Windows release provider and TypeScript	2026-08-28T05:15:39.4290970Z } FILE_STREAM_INFO, *PFILE_STREAM_INFO;
windows	Build the native Windows release provider and TypeScript	2026-08-28T05:15:39.4292405Z 
windows	Build the native Windows release provider and TypeScript	2026-08-28T05:15:39.4293953Z --- um/WinBase.h line 9116 ---
windows	Build the native Windows release provider and TypeScript	2026-08-28T05:15:39.4295563Z         BOOLEAN ReplaceIfExists;  // FileRenameInfo
windows	Build the native Windows release provider and TypeScript	2026-08-28T05:15:39.4297150Z         DWORD Flags;              // FileRenameInfoEx
windows	Build the native Windows release provider and TypeScript	2026-08-28T05:15:39.4298677Z     } DUMMYUNIONNAME;
windows	Build the native Windows release provider and TypeScript	2026-08-28T05:15:39.4300256Z #else
windows	Build the native Windows release provider and TypeScript	2026-08-28T05:15:39.4301679Z     BOOLEAN ReplaceIfExists;
windows	Build the native Windows release provider and TypeScript	2026-08-28T05:15:39.4303175Z #endif
windows	Build the native Windows release provider and TypeScript	2026-08-28T05:15:39.4304633Z     HANDLE RootDirectory;
windows	Build the native Windows release provider and TypeScript	2026-08-28T05:15:39.4306644Z     DWORD FileNameLength;
windows	Build the native Windows release provider and TypeScript	2026-08-28T05:15:39.4309103Z     WCHAR FileName[1];
windows	Build the native Windows release provider and TypeScript	2026-08-28T05:15:39.4310859Z } FILE_RENAME_INFO, *PFILE_RENAME_INFO;
windows	Build the native Windows release provider and TypeScript	2026-08-28T05:15:39.4312572Z 
windows	Build the native Windows release provider and TypeScript	2026-08-28T05:15:39.4315347Z typedef struct _FILE_ALLOCATION_INFO {
windows	Build the native Windows release provider and TypeScript	2026-08-28T05:15:39.4317555Z     LARGE_INTEGER AllocationSize;
windows	Build the native Windows release provider and TypeScript	2026-08-28T05:15:39.4319963Z } FILE_ALLOCATION_INFO, *PFILE_ALLOCATION_INFO;
windows	Build the native Windows release provider and TypeScript	2026-08-28T05:15:39.4322007Z 
windows	Build the native Windows release provider and TypeScript	2026-08-28T05:15:39.4324343Z typedef struct _FILE_END_OF_FILE_INFO {
windows	Build the native Windows release provider and TypeScript	2026-08-28T05:15:39.4326655Z     LARGE_INTEGER EndOfFile;
windows	Build the native Windows release provider and TypeScript	2026-08-28T05:15:39.4329732Z } FILE_END_OF_FILE_INFO, *PFILE_END_OF_FILE_INFO;
windows	Build the native Windows release provider and TypeScript	2026-08-28T05:15:39.4331553Z 
windows	Build the native Windows release provider and TypeScript	2026-08-28T05:15:39.4333177Z typedef struct _FILE_STREAM_INFO {
windows	Build the native Windows release provider and TypeScript	2026-08-28T05:15:39.4334743Z     DWORD NextEntryOffset;
windows	Build the native Windows release provider and TypeScript	2026-08-28T05:15:39.4336378Z     DWORD StreamNameLength;
windows	Build the native Windows release provider and TypeScript	2026-08-28T05:15:39.4337969Z     LARGE_INTEGER StreamSize;
windows	Build the native Windows release provider and TypeScript	2026-08-28T05:15:39.4339591Z     LARGE_INTEGER StreamAllocationSize;
windows	Build the native Windows release provider and TypeScript	2026-08-28T05:15:39.4341189Z     WCHAR StreamName[1];
windows	Build the native Windows release provider and TypeScript	2026-08-28T05:15:39.4342762Z } FILE_STREAM_INFO, *PFILE_STREAM_INFO;
windows	Build the native Windows release provider and TypeScript	2026-08-28T05:15:39.4344169Z 
windows	Build the native Windows release provider and TypeScript	2026-08-28T05:15:39.4345990Z typedef struct _FILE_COMPRESSION_INFO {
windows	Build the native Windows release provider and TypeScript	2026-08-28T05:15:39.4348168Z     LARGE_INTEGER CompressedFileSize;
windows	Build the native Windows release provider and TypeScript	2026-08-28T05:15:39.4349745Z     WORD CompressionFormat;
windows	Build the native Windows release provider and TypeScript	2026-08-28T05:15:39.4351362Z     UCHAR CompressionUnitShift;
windows	Build the native Windows release provider and TypeScript	2026-08-28T05:15:39.4353056Z --- um/WinBase.h line 9156 ---
windows	Build the native Windows release provider and TypeScript	2026-08-28T05:15:39.4354427Z 
windows	Build the native Windows release provider and TypeScript	2026-08-28T05:15:39.4355994Z typedef struct _FILE_DISPOSITION_INFO {
windows	Build the native Windows release provider and TypeScript	2026-08-28T05:15:39.4357497Z     BOOLEAN DeleteFile;
windows	Build the native Windows release provider and TypeScript	2026-08-28T05:15:39.4359119Z } FILE_DISPOSITION_INFO, *PFILE_DISPOSITION_INFO;
windows	Build the native Windows release provider and TypeScript	2026-08-28T05:15:39.4360510Z 
windows	Build the native Windows release provider and TypeScript	2026-08-28T05:15:39.4362036Z #if (_WIN32_WINNT >= _WIN32_WINNT_WIN10_RS1)
windows	Build the native Windows release provider and TypeScript	2026-08-28T05:15:39.4363649Z #define FILE_DISPOSITION_FLAG_DO_NOT_DELETE              0x00000000
windows	Build the native Windows release provider and TypeScript	2026-08-28T05:15:39.4365265Z #define FILE_DISPOSITION_FLAG_DELETE                     0x00000001
windows	Build the native Windows release provider and TypeScript	2026-08-28T05:15:39.4366971Z #define FILE_DISPOSITION_FLAG_POSIX_SEMANTICS            0x00000002
windows	Build the native Windows release provider and TypeScript	2026-08-28T05:15:39.4368844Z #define FILE_DISPOSITION_FLAG_FORCE_IMAGE_SECTION_CHECK  0x00000004
windows	Build the native Windows release provider and TypeScript	2026-08-28T05:15:39.4370449Z #define FILE_DISPOSITION_FLAG_ON_CLOSE                   0x00000008
windows	Build the native Windows release provider and TypeScript	2026-08-28T05:15:39.4372143Z #if (_WIN32_WINNT >= _WIN32_WINNT_WIN10_RS5)
windows	Build the native Windows release provider and TypeScript	2026-08-28T05:15:39.4374018Z #define FILE_DISPOSITION_FLAG_IGNORE_READONLY_ATTRIBUTE  0x00000010
windows	Build the native Windows release provider and TypeScript	2026-08-28T05:15:39.4375863Z #endif
windows	Build the native Windows release provider and TypeScript	2026-08-28T05:15:39.4377382Z 
windows	Build the native Windows release provider and TypeScript	2026-08-28T05:15:39.4379914Z typedef struct _FILE_DISPOSITION_INFO_EX {
windows	Build the native Windows release provider and TypeScript	2026-08-28T05:15:39.4382058Z     DWORD Flags;
windows	Build the native Windows release provider and TypeScript	2026-08-28T05:15:39.4384430Z } FILE_DISPOSITION_INFO_EX, *PFILE_DISPOSITION_INFO_EX;
windows	Build the native Windows release provider and TypeScript	2026-08-28T05:15:39.4386997Z #endif
windows	Build the native Windows release provider and TypeScript	2026-08-28T05:15:39.4388742Z 
windows	Build the native Windows release provider and TypeScript	2026-08-28T05:15:39.4390942Z typedef struct _FILE_ID_BOTH_DIR_INFO {
windows	Build the native Windows release provider and TypeScript	2026-08-28T05:15:39.4392552Z     DWORD NextEntryOffset;
windows	Build the native Windows release provider and TypeScript	2026-08-28T05:15:39.4394825Z     DWORD FileIndex;
windows	Build the native Windows release provider and TypeScript	2026-08-28T05:15:39.4396290Z     LARGE_INTEGER CreationTime;
windows	Build the native Windows release provider and TypeScript	2026-08-28T05:15:39.4397788Z     LARGE_INTEGER LastAccessTime;
windows	Build the native Windows release provider and TypeScript	2026-08-28T05:15:39.4399393Z     LARGE_INTEGER LastWriteTime;
windows	Build the native Windows release provider and TypeScript	2026-08-28T05:15:39.4400909Z     LARGE_INTEGER ChangeTime;
windows	Build the native Windows release provider and TypeScript	2026-08-28T05:15:39.4402442Z     LARGE_INTEGER EndOfFile;
windows	Build the native Windows release provider and TypeScript	2026-08-28T05:15:39.4403878Z     LARGE_INTEGER AllocationSize;
windows	Build the native Windows release provider and TypeScript	2026-08-28T05:15:39.4405413Z     DWORD FileAttributes;
windows	Build the native Windows release provider and TypeScript	2026-08-28T05:15:39.4407014Z     DWORD FileNameLength;
windows	Build the native Windows release provider and TypeScript	2026-08-28T05:15:39.4408749Z --- um/WinBase.h line 9170 ---
windows	Build the native Windows release provider and TypeScript	2026-08-28T05:15:39.4410062Z 
windows	Build the native Windows release provider and TypeScript	2026-08-28T05:15:39.4411679Z typedef struct _FILE_DISPOSITION_INFO_EX {
windows	Build the native Windows release provider and TypeScript	2026-08-28T05:15:39.4413204Z     DWORD Flags;
windows	Build the native Windows release provider and TypeScript	2026-08-28T05:15:39.4414705Z } FILE_DISPOSITION_INFO_EX, *PFILE_DISPOSITION_INFO_EX;
windows	Build the native Windows release provider and TypeScript	2026-08-28T05:15:39.4416186Z #endif
windows	Build the native Windows release provider and TypeScript	2026-08-28T05:15:39.4417427Z 
windows	Build the native Windows release provider and TypeScript	2026-08-28T05:15:39.4418958Z typedef struct _FILE_ID_BOTH_DIR_INFO {
windows	Build the native Windows release provider and TypeScript	2026-08-28T05:15:39.4420466Z     DWORD NextEntryOffset;
windows	Build the native Windows release provider and TypeScript	2026-08-28T05:15:39.4422038Z     DWORD FileIndex;
windows	Build the native Windows release provider and TypeScript	2026-08-28T05:15:39.4423661Z     LARGE_INTEGER CreationTime;
windows	Build the native Windows release provider and TypeScript	2026-08-28T05:15:39.4425329Z     LARGE_INTEGER LastAccessTime;
windows	Build the native Windows release provider and TypeScript	2026-08-28T05:15:39.4427126Z     LARGE_INTEGER LastWriteTime;
windows	Build the native Windows release provider and TypeScript	2026-08-28T05:15:39.4428900Z     LARGE_INTEGER ChangeTime;
windows	Build the native Windows release provider and TypeScript	2026-08-28T05:15:39.4430873Z     LARGE_INTEGER EndOfFile;
windows	Build the native Windows release provider and TypeScript	2026-08-28T05:15:39.4432390Z     LARGE_INTEGER AllocationSize;
windows	Build the native Windows release provider and TypeScript	2026-08-28T05:15:39.4434017Z     DWORD FileAttributes;
windows	Build the native Windows release provider and TypeScript	2026-08-28T05:15:39.4435446Z     DWORD FileNameLength;
windows	Build the native Windows release provider and TypeScript	2026-08-28T05:15:39.4436989Z     DWORD EaSize;
windows	Build the native Windows release provider and TypeScript	2026-08-28T05:15:39.4438352Z     CCHAR ShortNameLength;
windows	Build the native Windows release provider and TypeScript	2026-08-28T05:15:39.4439880Z     WCHAR ShortName[12];
windows	Build the native Windows release provider and TypeScript	2026-08-28T05:15:39.4441448Z     LARGE_INTEGER FileId;
windows	Build the native Windows release provider and TypeScript	2026-08-28T05:15:39.4443052Z     WCHAR FileName[1];
windows	Build the native Windows release provider and TypeScript	2026-08-28T05:15:39.4444737Z } FILE_ID_BOTH_DIR_INFO, *PFILE_ID_BOTH_DIR_INFO;
windows	Build the native Windows release provider and TypeScript	2026-08-28T05:15:39.4446288Z 
windows	Build the native Windows release provider and TypeScript	2026-08-28T05:15:39.4447679Z typedef struct _FILE_FULL_DIR_INFO {
windows	Build the native Windows release provider and TypeScript	2026-08-28T05:15:39.4449387Z     ULONG NextEntryOffset;
windows	Build the native Windows release provider and TypeScript	2026-08-28T05:15:39.4450920Z     ULONG FileIndex;
windows	Build the native Windows release provider and TypeScript	2026-08-28T05:15:39.4452364Z     LARGE_INTEGER CreationTime;
windows	Build the native Windows release provider and TypeScript	2026-08-28T05:15:39.4453936Z     LARGE_INTEGER LastAccessTime;
windows	Build the native Windows release provider and TypeScript	2026-08-28T05:15:39.4455547Z     LARGE_INTEGER LastWriteTime;
windows	Build the native Windows release provider and TypeScript	2026-08-28T05:15:39.4457130Z     LARGE_INTEGER ChangeTime;
windows	Build the native Windows release provider and TypeScript	2026-08-28T05:15:39.4458731Z --- um/WinBase.h line 9259 ---
windows	Build the native Windows release provider and TypeScript	2026-08-28T05:15:39.4460302Z //
windows	Build the native Windows release provider and TypeScript	2026-08-28T05:15:39.4461778Z typedef struct _FILE_ID_INFO {
windows	Build the native Windows release provider and TypeScript	2026-08-28T05:15:39.4463318Z     ULONGLONG VolumeSerialNumber;
windows	Build the native Windows release provider and TypeScript	2026-08-28T05:15:39.4464905Z     FILE_ID_128 FileId;
windows	Build the native Windows release provider and TypeScript	2026-08-28T05:15:39.4466509Z } FILE_ID_INFO, *PFILE_ID_INFO;
windows	Build the native Windows release provider and TypeScript	2026-08-28T05:15:39.4468350Z 
windows	Build the native Windows release provider and TypeScript	2026-08-28T05:15:39.4469804Z //
windows	Build the native Windows release provider and TypeScript	2026-08-28T05:15:39.4472183Z //  Structure definition for FileIdExtdDirectoryInfo
windows	Build the native Windows release provider and TypeScript	2026-08-28T05:15:39.4474403Z //
windows	Build the native Windows release provider and TypeScript	2026-08-28T05:15:39.4477320Z typedef struct _FILE_ID_EXTD_DIR_INFO {
windows	Build the native Windows release provider and TypeScript	2026-08-28T05:15:39.4479523Z     ULONG NextEntryOffset;
windows	Build the native Windows release provider and TypeScript	2026-08-28T05:15:39.4481810Z     ULONG FileIndex;
windows	Build the native Windows release provider and TypeScript	2026-08-28T05:15:39.4484026Z     LARGE_INTEGER CreationTime;
windows	Build the native Windows release provider and TypeScript	2026-08-28T05:15:39.4486296Z     LARGE_INTEGER LastAccessTime;
windows	Build the native Windows release provider and TypeScript	2026-08-28T05:15:39.4488707Z     LARGE_INTEGER LastWriteTime;
windows	Build the native Windows release provider and TypeScript	2026-08-28T05:15:39.4491121Z     LARGE_INTEGER ChangeTime;
windows	Build the native Windows release provider and TypeScript	2026-08-28T05:15:39.4492749Z     LARGE_INTEGER EndOfFile;
windows	Build the native Windows release provider and TypeScript	2026-08-28T05:15:39.4494101Z     LARGE_INTEGER AllocationSize;
windows	Build the native Windows release provider and TypeScript	2026-08-28T05:15:39.4495744Z     ULONG FileAttributes;
windows	Build the native Windows release provider and TypeScript	2026-08-28T05:15:39.4497390Z     ULONG FileNameLength;
windows	Build the native Windows release provider and TypeScript	2026-08-28T05:15:39.4498800Z     ULONG EaSize;
windows	Build the native Windows release provider and TypeScript	2026-08-28T05:15:39.4500580Z     ULONG ReparsePointTag;
windows	Build the native Windows release provider and TypeScript	2026-08-28T05:15:39.4502210Z     FILE_ID_128 FileId;
windows	Build the native Windows release provider and TypeScript	2026-08-28T05:15:39.4503653Z     WCHAR FileName[1];
windows	Build the native Windows release provider and TypeScript	2026-08-28T05:15:39.4505207Z } FILE_ID_EXTD_DIR_INFO, *PFILE_ID_EXTD_DIR_INFO;
windows	Build the native Windows release provider and TypeScript	2026-08-28T05:15:39.4506962Z 
windows	Build the native Windows release provider and TypeScript	2026-08-28T05:15:39.4508581Z #endif
windows	Build the native Windows release provider and TypeScript	2026-08-28T05:15:39.4510051Z 
windows	Build the native Windows release provider and TypeScript	2026-08-28T05:15:39.4511675Z //
windows	Build the native Windows release provider and TypeScript	2026-08-28T05:15:39.4513316Z // File Remote protocol info (FileRemoteProtocolInfo)
windows	Build the native Windows release provider and TypeScript	2026-08-28T05:15:39.4514855Z //
windows	Build the native Windows release provider and TypeScript	2026-08-28T05:15:39.4516415Z --- um/fileapi.h line 889 ---
windows	Build the native Windows release provider and TypeScript	2026-08-28T05:15:39.4517901Z WINAPI
windows	Build the native Windows release provider and TypeScript	2026-08-28T05:15:39.4519358Z GetVolumeInformationByHandleW(
windows	Build the native Windows release provider and TypeScript	2026-08-28T05:15:39.4520863Z     _In_ HANDLE hFile,
windows	Build the native Windows release provider and TypeScript	2026-08-28T05:15:39.4522379Z     _Out_writes_opt_(nVolumeNameSize) LPWSTR lpVolumeNameBuffer,
windows	Build the native Windows release provider and TypeScript	2026-08-28T05:15:39.4523849Z     _In_ DWORD nVolumeNameSize,
windows	Build the native Windows release provider and TypeScript	2026-08-28T05:15:39.4525492Z     _Out_opt_ LPDWORD lpVolumeSerialNumber,
windows	Build the native Windows release provider and TypeScript	2026-08-28T05:15:39.4527290Z     _Out_opt_ LPDWORD lpMaximumComponentLength,
windows	Build the native Windows release provider and TypeScript	2026-08-28T05:15:39.4529232Z     _Out_opt_ LPDWORD lpFileSystemFlags,
windows	Build the native Windows release provider and TypeScript	2026-08-28T05:15:39.4531205Z     _Out_writes_opt_(nFileSystemNameSize) LPWSTR lpFileSystemNameBuffer,
windows	Build the native Windows release provider and TypeScript	2026-08-28T05:15:39.4533052Z     _In_ DWORD nFileSystemNameSize
windows	Build the native Windows release provider and TypeScript	2026-08-28T05:15:39.4534843Z     );
windows	Build the native Windows release provider and TypeScript	2026-08-28T05:15:39.4536979Z 
windows	Build the native Windows release provider and TypeScript	2026-08-28T05:15:39.4539347Z #endif /* _WIN32_WINNT >=  0x0600 */
windows	Build the native Windows release provider and TypeScript	2026-08-28T05:15:39.4541434Z 
windows	Build the native Windows release provider and TypeScript	2026-08-28T05:15:39.4543803Z WINBASEAPI
windows	Build the native Windows release provider and TypeScript	2026-08-28T05:15:39.4546837Z BOOL
windows	Build the native Windows release provider and TypeScript	2026-08-28T05:15:39.4548792Z WINAPI
windows	Build the native Windows release provider and TypeScript	2026-08-28T05:15:39.4550877Z GetVolumeInformationW(
windows	Build the native Windows release provider and TypeScript	2026-08-28T05:15:39.4552715Z     _In_opt_ LPCWSTR lpRootPathName,
windows	Build the native Windows release provider and TypeScript	2026-08-28T05:15:39.4555057Z     _Out_writes_opt_(nVolumeNameSize) LPWSTR lpVolumeNameBuffer,
windows	Build the native Windows release provider and TypeScript	2026-08-28T05:15:39.4557226Z     _In_ DWORD nVolumeNameSize,
windows	Build the native Windows release provider and TypeScript	2026-08-28T05:15:39.4558601Z     _Out_opt_ LPDWORD lpVolumeSerialNumber,
windows	Build the native Windows release provider and TypeScript	2026-08-28T05:15:39.4560173Z     _Out_opt_ LPDWORD lpMaximumComponentLength,
windows	Build the native Windows release provider and TypeScript	2026-08-28T05:15:39.4561859Z     _Out_opt_ LPDWORD lpFileSystemFlags,
windows	Build the native Windows release provider and TypeScript	2026-08-28T05:15:39.4563641Z     _Out_writes_opt_(nFileSystemNameSize) LPWSTR lpFileSystemNameBuffer,
windows	Build the native Windows release provider and TypeScript	2026-08-28T05:15:39.4565366Z     _In_ DWORD nFileSystemNameSize
windows	Build the native Windows release provider and TypeScript	2026-08-28T05:15:39.4567090Z     );
windows	Build the native Windows release provider and TypeScript	2026-08-28T05:15:39.4568270Z 
windows	Build the native Windows release provider and TypeScript	2026-08-28T05:15:39.4569874Z #ifdef UNICODE
windows	Build the native Windows release provider and TypeScript	2026-08-28T05:15:39.4571559Z #define GetVolumeInformation  GetVolumeInformationW
windows	Build the native Windows release provider and TypeScript	2026-08-28T05:15:39.4573245Z #endif
windows	Build the native Windows release provider and TypeScript	2026-08-28T05:15:46.9957504Z contained-fs.cc
windows	Build the native Windows release provider and TypeScript	2026-08-28T05:15:51.4811375Z D:\a\exspecso\exspecso\native\contained-fs.cc(75): warning C4267: 'argument': conversion from 'size_t' to 'uint32_t', possible loss of data
windows	Build the native Windows release provider and TypeScript	2026-08-28T05:15:55.7511864Z    Creating library C:\Users\RUNNER~1\AppData\Local\Temp\exspecso-native-build-ymvMqK\contained-fs.lib and object C:\Users\RUNNER~1\AppData\Local\Temp\exspecso-native-build-ymvMqK\contained-fs.exp
windows	Build the native Windows release provider and TypeScript	2026-08-28T05:15:55.8364435Z Microsoft (R) COFF/PE Dumper Version 14.44.35228.0
windows	Build the native Windows release provider and TypeScript	2026-08-28T05:15:55.8365206Z Copyright (C) Microsoft Corporation.  All rights reserved.
windows	Build the native Windows release provider and TypeScript	2026-08-28T05:15:55.8365625Z 
windows	Build the native Windows release provider and TypeScript	2026-08-28T05:15:55.8365662Z 
windows	Build the native Windows release provider and TypeScript	2026-08-28T05:15:55.8365989Z Dump of file D:\a\exspecso\exspecso\dist\native\win32-x64\contained-fs.node
windows	Build the native Windows release provider and TypeScript	2026-08-28T05:15:55.8366498Z 
windows	Build the native Windows release provider and TypeScript	2026-08-28T05:15:55.8366612Z File Type: DLL
windows	Build the native Windows release provider and TypeScript	2026-08-28T05:15:55.8366796Z 
windows	Build the native Windows release provider and TypeScript	2026-08-28T05:15:55.8366946Z   Image has the following dependencies:
windows	Build the native Windows release provider and TypeScript	2026-08-28T05:15:55.8367600Z 
windows	Build the native Windows release provider and TypeScript	2026-08-28T05:15:55.8367712Z     node.exe
windows	Build the native Windows release provider and TypeScript	2026-08-28T05:15:55.8367989Z     KERNEL32.dll
windows	Build the native Windows release provider and TypeScript	2026-08-28T05:15:55.8368177Z 
windows	Build the native Windows release provider and TypeScript	2026-08-28T05:15:55.8368288Z   Summary
windows	Build the native Windows release provider and TypeScript	2026-08-28T05:15:55.8368433Z 
windows	Build the native Windows release provider and TypeScript	2026-08-28T05:15:55.8368545Z         2000 .data
windows	Build the native Windows release provider and TypeScript	2026-08-28T05:15:55.8368822Z         1000 .fptable
windows	Build the native Windows release provider and TypeScript	2026-08-28T05:15:55.8369126Z         2000 .pdata
windows	Build the native Windows release provider and TypeScript	2026-08-28T05:15:55.8369408Z        10000 .rdata
windows	Build the native Windows release provider and TypeScript	2026-08-28T05:15:55.8369673Z         1000 .reloc
windows	Build the native Windows release provider and TypeScript	2026-08-28T05:15:55.8369949Z        1A000 .text
windows	Build the native Windows release provider and TypeScript	2026-08-28T05:15:55.8370133Z 
windows	Build the native Windows release provider and TypeScript	2026-08-28T05:15:55.8709365Z {"variant":"release","target":"win32-x64","binary":"D:\\a\\exspecso\\exspecso\\dist\\native\\win32-x64\\contained-fs.node","sha256":"8af80541f6e26df13f8994e05ba4426cd359e50a4d17614a15ab05e40db999d7","buildCommit":"7cf156797d9b15a0e4e4aa69571b97ecb3f9fe25"}
windows	Build the native Windows release provider and TypeScript	2026-08-28T05:15:57.1403550Z 
windows	Build the native Windows release provider and TypeScript	2026-08-28T05:15:57.1404554Z > exspecso@0.1.0 build
windows	Build the native Windows release provider and TypeScript	2026-08-28T05:15:57.1405356Z > tsc -p tsconfig.json
windows	Build the native Windows release provider and TypeScript	2026-08-28T05:15:57.1405614Z 
windows	Prove native Windows provider parity	﻿2026-08-28T05:15:57.6763933Z ##[group]Run npm test -- --run tests/unit/contained-fs.test.ts --testTimeout 30000 --reporter=default --reporter=json --outputFile=windows-provider-results.json
windows	Prove native Windows provider parity	2026-08-28T05:15:57.6765212Z [36;1mnpm test -- --run tests/unit/contained-fs.test.ts --testTimeout 30000 --reporter=default --reporter=json --outputFile=windows-provider-results.json[0m
windows	Prove native Windows provider parity	2026-08-28T05:15:57.6870657Z shell: C:\Program Files\PowerShell\7\pwsh.EXE -command ". '{0}'"
windows	Prove native Windows provider parity	2026-08-28T05:15:57.6871022Z env:
windows	Prove native Windows provider parity	2026-08-28T05:15:57.6871295Z   EXSPECSO_NODE_HEADERS: D:\a\_temp\node-v20.19.0-headers.tar.gz
windows	Prove native Windows provider parity	2026-08-28T05:15:57.6871640Z   EXSPECSO_NODE_LIB: D:\a\_temp\node.lib
windows	Prove native Windows provider parity	2026-08-28T05:15:57.6871881Z ##[endgroup]
windows	Prove native Windows provider parity	2026-08-28T05:15:58.4890883Z 
windows	Prove native Windows provider parity	2026-08-28T05:15:58.4891403Z > exspecso@0.1.0 test
windows	Prove native Windows provider parity	2026-08-28T05:15:58.4892790Z > vitest --run tests/unit/contained-fs.test.ts --testTimeout 30000 --reporter=default --reporter=json --outputFile=windows-provider-results.json
windows	Prove native Windows provider parity	2026-08-28T05:15:58.4893814Z 
windows	Prove native Windows provider parity	2026-08-28T05:15:59.0030684Z 
windows	Prove native Windows provider parity	2026-08-28T05:15:59.0035766Z [1m[30m[46m RUN [49m[39m[22m [36mv4.1.11 [39m[90mD:/a/exspecso/exspecso[39m
windows	Prove native Windows provider parity	2026-08-28T05:15:59.0036569Z 
windows	Prove native Windows provider parity	2026-08-28T05:16:08.8434612Z  [32m✓[39m tests/unit/contained-fs.test.ts [2m([22m[2m11 tests[22m[2m)[22m[33m 9447[2mms[22m[39m
windows	Prove native Windows provider parity	2026-08-28T05:16:08.8436193Z      [33m[2m✓[22m[39m NP-01 rejects invalid components and wrong types without creating entries [33m 3355[2mms[22m[39m
windows	Prove native Windows provider parity	2026-08-28T05:16:08.8437556Z      [33m[2m✓[22m[39m NP-01 rejects symlink directories and file leaves [33m 585[2mms[22m[39m
windows	Prove native Windows provider parity	2026-08-28T05:16:08.8438789Z      [33m[2m✓[22m[39m NP-02 replaces an entry without modifying its hardlink alias [33m 584[2mms[22m[39m
windows	Prove native Windows provider parity	2026-08-28T05:16:08.8440268Z      [33m[2m✓[22m[39m NP-02 binds a moved directory object and never follows its substituted name (limitation) [33m 567[2mms[22m[39m
windows	Prove native Windows provider parity	2026-08-28T05:16:08.8441939Z      [33m[2m✓[22m[39m NP-03 rejects replacement with a file from a different parent and closes idempotently [33m 578[2mms[22m[39m
windows	Prove native Windows provider parity	2026-08-28T05:16:08.8443536Z      [33m[2m✓[22m[39m NP-01 creates exclusively and removes only the named file or empty directory [33m 565[2mms[22m[39m
windows	Prove native Windows provider parity	2026-08-28T05:16:08.8445289Z      [33m[2m✓[22m[39m NP-03 rejects writes through a read-only capability and invalid buffers [33m 570[2mms[22m[39m
windows	Prove native Windows provider parity	2026-08-28T05:16:08.8446809Z      [33m[2m✓[22m[39m W-01 rejects junctions, alternate streams, device aliases and wrong entry kinds [33m 572[2mms[22m[39m
windows	Prove native Windows provider parity	2026-08-28T05:16:08.8448467Z      [33m[2m✓[22m[39m W-02 replaces with an open reader while preserving the old object and full identity observation [33m 600[2mms[22m[39m
windows	Prove native Windows provider parity	2026-08-28T05:16:08.8450109Z      [33m[2m✓[22m[39m W-02 rejects a substituted private sibling without replacing the intended target [33m 595[2mms[22m[39m
windows	Prove native Windows provider parity	2026-08-28T05:16:08.8451571Z      [33m[2m✓[22m[39m W-02 reports a real sharing conflict without modifying either file [33m 873[2mms[22m[39m
windows	Prove native Windows provider parity	2026-08-28T05:16:08.8497571Z 
windows	Prove native Windows provider parity	2026-08-28T05:16:08.8503581Z [2m Test Files [22m [1m[32m1 passed[39m[22m[90m (1)[39m
windows	Prove native Windows provider parity	2026-08-28T05:16:08.8505611Z [2m      Tests [22m [1m[32m11 passed[39m[22m[90m (11)[39m
windows	Prove native Windows provider parity	2026-08-28T05:16:08.8507328Z [2m   Start at [22m 05:15:59
windows	Prove native Windows provider parity	2026-08-28T05:16:08.8510999Z [2m   Duration [22m 9.84s[2m (transform 118ms, setup 0ms, import 151ms, tests 9.45s, environment 0ms)[22m
windows	Prove native Windows provider parity	2026-08-28T05:16:08.8514371Z 
windows	Prove native Windows provider parity	2026-08-28T05:16:08.8544356Z JSON report written to D:/a/exspecso/exspecso/windows-provider-results.json
windows	Preserve actual Windows observations	﻿2026-08-28T05:16:09.0343734Z Node 20 is being deprecated. This workflow is running with Node 24 by default. If you need to temporarily use Node 20, you can set the ACTIONS_ALLOW_USE_UNSECURE_NODE_VERSION=true environment variable. For more information see: https://github.blog/changelog/2025-09-19-deprecation-of-node-20-on-github-actions-runners/
windows	Preserve actual Windows observations	2026-08-28T05:16:09.0351137Z ##[group]Run actions/upload-artifact@ea165f8d65b6e75b540449e92b4886f43607fa02
windows	Preserve actual Windows observations	2026-08-28T05:16:09.0351580Z with:
windows	Preserve actual Windows observations	2026-08-28T05:16:09.0351792Z   name: containment-windows-parity
windows	Preserve actual Windows observations	2026-08-28T05:16:09.0352206Z   path: windows-preflight/
windows	Preserve actual Windows observations	windows-provider-results.json
windows	Preserve actual Windows observations	dist/native/
windows	Preserve actual Windows observations	
windows	Preserve actual Windows observations	2026-08-28T05:16:09.0352605Z   if-no-files-found: error
windows	Preserve actual Windows observations	2026-08-28T05:16:09.0352823Z   retention-days: 7
windows	Preserve actual Windows observations	2026-08-28T05:16:09.0353021Z   compression-level: 6
windows	Preserve actual Windows observations	2026-08-28T05:16:09.0353218Z   overwrite: false
windows	Preserve actual Windows observations	2026-08-28T05:16:09.0353416Z   include-hidden-files: false
windows	Preserve actual Windows observations	2026-08-28T05:16:09.0353632Z env:
windows	Preserve actual Windows observations	2026-08-28T05:16:09.0353886Z   EXSPECSO_NODE_HEADERS: D:\a\_temp\node-v20.19.0-headers.tar.gz
windows	Preserve actual Windows observations	2026-08-28T05:16:09.0354290Z   EXSPECSO_NODE_LIB: D:\a\_temp\node.lib
windows	Preserve actual Windows observations	2026-08-28T05:16:09.0354552Z ##[endgroup]
windows	Preserve actual Windows observations	2026-08-28T05:16:09.2711311Z (node:6884) [DEP0040] DeprecationWarning: The `punycode` module is deprecated. Please use a userland alternative instead.
windows	Preserve actual Windows observations	2026-08-28T05:16:09.2712340Z (Use `node --trace-deprecation ...` to show where the warning was created)
windows	Preserve actual Windows observations	2026-08-28T05:16:09.2824351Z Multiple search paths detected. Calculating the least common ancestor of all paths
windows	Preserve actual Windows observations	2026-08-28T05:16:09.2828603Z The least common ancestor is D:\a\exspecso\exspecso. This will be the root directory of the artifact
windows	Preserve actual Windows observations	2026-08-28T05:16:09.2829634Z With the provided path, there will be 6 files uploaded
windows	Preserve actual Windows observations	2026-08-28T05:16:09.2836045Z Artifact name is valid!
windows	Preserve actual Windows observations	2026-08-28T05:16:09.2837601Z Root directory input is valid!
windows	Preserve actual Windows observations	2026-08-28T05:16:09.5158364Z Beginning upload of artifact content to blob storage
windows	Preserve actual Windows observations	2026-08-28T05:16:09.5595600Z (node:6884) [DEP0169] DeprecationWarning: `url.parse()` behavior is not standardized and prone to errors that have security implications. Use the WHATWG URL API instead. CVEs are not issued for `url.parse()` vulnerabilities.
windows	Preserve actual Windows observations	2026-08-28T05:16:09.6164904Z Uploaded bytes 94918
windows	Preserve actual Windows observations	2026-08-28T05:16:09.6360261Z Finished uploading artifact content to blob storage!
windows	Preserve actual Windows observations	2026-08-28T05:16:09.6361782Z SHA256 digest of uploaded artifact zip is 34471afd85fe6ae29a9523930a75ee31a82821b59e38e738a99fcd591e86eb2a
windows	Preserve actual Windows observations	2026-08-28T05:16:09.6363027Z Finalizing artifact upload
windows	Preserve actual Windows observations	2026-08-28T05:16:09.8416381Z Artifact containment-windows-parity.zip successfully finalized. Artifact ID 9675133059
windows	Preserve actual Windows observations	2026-08-28T05:16:09.8417783Z Artifact containment-windows-parity has been successfully uploaded! Final size is 94918 bytes. Artifact ID is 9675133059
windows	Preserve actual Windows observations	2026-08-28T05:16:09.8429701Z Artifact download URL: https://github.com/ishk-sftckz/exspecso/actions/runs/33144205797/artifacts/9675133059
windows	Complete job	﻿2026-08-28T05:16:09.8718039Z Cleaning up orphan processes
windows	Complete job	2026-08-28T05:16:09.8934556Z Terminate orphan process: pid (7012) (vctip)
windows	Complete job	2026-08-28T05:16:09.8966053Z ##[warning]Node.js 20 is deprecated. The following actions target Node.js 20 but are being forced to run on Node.js 24: actions/upload-artifact@ea165f8d65b6e75b540449e92b4886f43607fa02. For more information see: https://github.blog/changelog/2025-09-19-deprecation-of-node-20-on-github-actions-runners/
