macos	Set up job	﻿2026-08-28T05:26:58.0226390Z Current runner version: '2.336.0'
macos	Set up job	2026-08-28T05:26:58.0243230Z ##[group]Runner Image Provisioner
macos	Set up job	2026-08-28T05:26:58.0243840Z Hosted Compute Agent
macos	Set up job	2026-08-28T05:26:58.0244220Z Version: 20260707.563
macos	Set up job	2026-08-28T05:26:58.0244710Z Commit: 02667638d2b423fbc733a8e32a88b44996a3ba6e
macos	Set up job	2026-08-28T05:26:58.0245190Z Build Date: 2026-07-07T19:33:50Z
macos	Set up job	2026-08-28T05:26:58.0245800Z Worker ID: {3ef80db8-df72-486e-8f35-161ea402f31a}
macos	Set up job	2026-08-28T05:26:58.0246320Z Azure Region: westus
macos	Set up job	2026-08-28T05:26:58.0246700Z ##[endgroup]
macos	Set up job	2026-08-28T05:26:58.0247990Z ##[group]Operating System
macos	Set up job	2026-08-28T05:26:58.0248410Z macOS
macos	Set up job	2026-08-28T05:26:58.0248760Z 15.7.7
macos	Set up job	2026-08-28T05:26:58.0249140Z 24G720
macos	Set up job	2026-08-28T05:26:58.0249480Z ##[endgroup]
macos	Set up job	2026-08-28T05:26:58.0249860Z ##[group]Runner Image
macos	Set up job	2026-08-28T05:26:58.0250320Z Image: macos-15-arm64
macos	Set up job	2026-08-28T05:26:58.0250720Z Version: 20260727.0256.1
macos	Set up job	2026-08-28T05:26:58.0251450Z Included Software: https://github.com/actions/runner-images/blob/macos-15-arm64/20260727.0256/images/macos/macos-15-arm64-Readme.md
macos	Set up job	2026-08-28T05:26:58.0252580Z Image Release: https://github.com/actions/runner-images/releases/tag/macos-15-arm64%2F20260727.0256
macos	Set up job	2026-08-28T05:26:58.0253250Z ##[endgroup]
macos	Set up job	2026-08-28T05:26:58.0253930Z ##[group]GITHUB_TOKEN Permissions
macos	Set up job	2026-08-28T05:26:58.0255080Z Metadata: read
macos	Set up job	2026-08-28T05:26:58.0255440Z ##[endgroup]
macos	Set up job	2026-08-28T05:26:58.0256920Z Secret source: Actions
macos	Set up job	2026-08-28T05:26:58.0257600Z Prepare workflow directory
macos	Set up job	2026-08-28T05:26:58.0686740Z Prepare all required actions
macos	Set up job	2026-08-28T05:26:58.0717310Z Getting action download info
macos	Set up job	2026-08-28T05:26:58.2126740Z Download action repository 'actions/upload-artifact@ea165f8d65b6e75b540449e92b4886f43607fa02' (SHA:ea165f8d65b6e75b540449e92b4886f43607fa02)
macos	Set up job	2026-08-28T05:26:58.7321210Z Complete job name: macos
macos	Fetch this exact public task snapshot	﻿2026-08-28T05:26:58.7757350Z ##[group]Run git init .
macos	Fetch this exact public task snapshot	2026-08-28T05:26:58.7757870Z [36;1mgit init .[0m
macos	Fetch this exact public task snapshot	2026-08-28T05:26:58.7758500Z [36;1mgit remote add origin https://github.com/ishk-sftckz/exspecso.git[0m
macos	Fetch this exact public task snapshot	2026-08-28T05:26:58.7759130Z [36;1mgit fetch --depth=1 origin "$GITHUB_SHA"[0m
macos	Fetch this exact public task snapshot	2026-08-28T05:26:58.7759600Z [36;1mgit checkout --detach FETCH_HEAD[0m
macos	Fetch this exact public task snapshot	2026-08-28T05:26:58.7798370Z shell: /bin/bash --noprofile --norc -e -o pipefail {0}
macos	Fetch this exact public task snapshot	2026-08-28T05:26:58.7799060Z env:
macos	Fetch this exact public task snapshot	2026-08-28T05:26:58.7799570Z   DEVELOPER_DIR: /Applications/Xcode_16.4.app/Contents/Developer
macos	Fetch this exact public task snapshot	2026-08-28T05:26:58.7800100Z ##[endgroup]
macos	Fetch this exact public task snapshot	2026-08-28T05:26:58.8798280Z hint: Using 'master' as the name for the initial branch. This default branch name
macos	Fetch this exact public task snapshot	2026-08-28T05:26:58.8799410Z hint: will change to "main" in Git 3.0. To configure the initial branch name
macos	Fetch this exact public task snapshot	2026-08-28T05:26:58.8800160Z hint: to use in all of your new repositories, which will suppress this warning,
macos	Fetch this exact public task snapshot	2026-08-28T05:26:58.8800720Z hint: call:
macos	Fetch this exact public task snapshot	2026-08-28T05:26:58.8801050Z hint:
macos	Fetch this exact public task snapshot	2026-08-28T05:26:58.8801530Z hint: 	git config --global init.defaultBranch <name>
macos	Fetch this exact public task snapshot	2026-08-28T05:26:58.8802110Z hint:
macos	Fetch this exact public task snapshot	2026-08-28T05:26:58.8802630Z hint: Names commonly chosen instead of 'master' are 'main', 'trunk' and
macos	Fetch this exact public task snapshot	2026-08-28T05:26:58.8803330Z hint: 'development'. The just-created branch can be renamed via this command:
macos	Fetch this exact public task snapshot	2026-08-28T05:26:58.8803930Z hint:
macos	Fetch this exact public task snapshot	2026-08-28T05:26:58.8804310Z hint: 	git branch -m <name>
macos	Fetch this exact public task snapshot	2026-08-28T05:26:58.8804680Z hint:
macos	Fetch this exact public task snapshot	2026-08-28T05:26:58.8805160Z hint: Disable this message with "git config set advice.defaultBranchName false"
macos	Fetch this exact public task snapshot	2026-08-28T05:26:58.8805890Z Initialized empty Git repository in /Users/runner/work/exspecso/exspecso/.git/
macos	Fetch this exact public task snapshot	2026-08-28T05:26:59.7305450Z From https://github.com/ishk-sftckz/exspecso
macos	Fetch this exact public task snapshot	2026-08-28T05:26:59.7308500Z  * branch            8ec34a671091d340d351257cb2706cf20b9e2d63 -> FETCH_HEAD
macos	Fetch this exact public task snapshot	2026-08-28T05:26:59.7585350Z HEAD is now at 8ec34a6 test(01-10): preserve LF inputs and observe historical process exit
macos	Verify the approved runner and fetch checksum-verified Node inputs	﻿2026-08-28T05:26:59.7692880Z ##[group]Run node --input-type=module <<'NODE'
macos	Verify the approved runner and fetch checksum-verified Node inputs	2026-08-28T05:26:59.7694170Z [36;1mnode --input-type=module <<'NODE'[0m
macos	Verify the approved runner and fetch checksum-verified Node inputs	2026-08-28T05:26:59.7695290Z [36;1mimport { createHash } from 'node:crypto';[0m
macos	Verify the approved runner and fetch checksum-verified Node inputs	2026-08-28T05:26:59.7696690Z [36;1mimport { writeFileSync, appendFileSync } from 'node:fs';[0m
macos	Verify the approved runner and fetch checksum-verified Node inputs	2026-08-28T05:26:59.7698510Z [36;1mimport { execFileSync } from 'node:child_process';[0m
macos	Verify the approved runner and fetch checksum-verified Node inputs	2026-08-28T05:26:59.7699650Z [36;1mimport { join } from 'node:path';[0m
macos	Verify the approved runner and fetch checksum-verified Node inputs	2026-08-28T05:26:59.7702340Z [36;1mif (process.arch !== 'arm64' || process.env.ImageVersion !== '20260727.0256.1') throw new Error('Runner CPU/image drift: ' + JSON.stringify({arch: process.arch, image: process.env.ImageVersion}));[0m
macos	Verify the approved runner and fetch checksum-verified Node inputs	2026-08-28T05:26:59.7705240Z [36;1mconst base = 'https://nodejs.org/dist/v20.19.0/';[0m
macos	Verify the approved runner and fetch checksum-verified Node inputs	2026-08-28T05:26:59.7706520Z [36;1mconst sumsResponse = await fetch(base + 'SHASUMS256.txt');[0m
macos	Verify the approved runner and fetch checksum-verified Node inputs	2026-08-28T05:26:59.7707980Z [36;1mif (!sumsResponse.ok) throw new Error('Cannot fetch Node checksums');[0m
macos	Verify the approved runner and fetch checksum-verified Node inputs	2026-08-28T05:26:59.7709340Z [36;1mconst sums = await sumsResponse.text();[0m
macos	Verify the approved runner and fetch checksum-verified Node inputs	2026-08-28T05:26:59.7710780Z [36;1mfor (const name of ['node-v20.19.0-darwin-arm64.tar.gz', 'node-v20.19.0-headers.tar.gz']) {[0m
macos	Verify the approved runner and fetch checksum-verified Node inputs	2026-08-28T05:26:59.7712300Z [36;1m  const response = await fetch(base + name);[0m
macos	Verify the approved runner and fetch checksum-verified Node inputs	2026-08-28T05:26:59.7713530Z [36;1m  if (!response.ok) throw new Error('Cannot fetch ' + name);[0m
macos	Verify the approved runner and fetch checksum-verified Node inputs	2026-08-28T05:26:59.7714780Z [36;1m  const bytes = Buffer.from(await response.arrayBuffer());[0m
macos	Verify the approved runner and fetch checksum-verified Node inputs	2026-08-28T05:26:59.7716160Z [36;1m  const sha256 = createHash('sha256').update(bytes).digest('hex');[0m
macos	Verify the approved runner and fetch checksum-verified Node inputs	2026-08-28T05:26:59.7718110Z [36;1m  const expected = sums.split('\n').map(line => line.trim().split(/\s+/)).find(parts => parts[1] === name)?.[0];[0m
macos	Verify the approved runner and fetch checksum-verified Node inputs	2026-08-28T05:26:59.7720680Z [36;1m  if (sha256 !== expected) throw new Error('Node input hash mismatch: ' + name);[0m
macos	Verify the approved runner and fetch checksum-verified Node inputs	2026-08-28T05:26:59.7722520Z [36;1m  writeFileSync(join(process.env.RUNNER_TEMP, name), bytes);[0m
macos	Verify the approved runner and fetch checksum-verified Node inputs	2026-08-28T05:26:59.7724000Z [36;1m  console.log(JSON.stringify({name, sha256}));[0m
macos	Verify the approved runner and fetch checksum-verified Node inputs	2026-08-28T05:26:59.7725130Z [36;1m}[0m
macos	Verify the approved runner and fetch checksum-verified Node inputs	2026-08-28T05:26:59.7726700Z [36;1mexecFileSync('tar', ['-xzf', join(process.env.RUNNER_TEMP, 'node-v20.19.0-darwin-arm64.tar.gz'), '-C', process.env.RUNNER_TEMP]);[0m
macos	Verify the approved runner and fetch checksum-verified Node inputs	2026-08-28T05:26:59.7729690Z [36;1mappendFileSync(process.env.GITHUB_PATH, join(process.env.RUNNER_TEMP, 'node-v20.19.0-darwin-arm64', 'bin') + '\n');[0m
macos	Verify the approved runner and fetch checksum-verified Node inputs	2026-08-28T05:26:59.7732430Z [36;1mappendFileSync(process.env.GITHUB_ENV, 'EXSPECSO_NODE_HEADERS=' + join(process.env.RUNNER_TEMP, 'node-v20.19.0-headers.tar.gz') + '\n');[0m
macos	Verify the approved runner and fetch checksum-verified Node inputs	2026-08-28T05:26:59.7734720Z [36;1mconsole.log(JSON.stringify({image: process.env.ImageVersion, arch: process.arch}));[0m
macos	Verify the approved runner and fetch checksum-verified Node inputs	2026-08-28T05:26:59.7736020Z [36;1mNODE[0m
macos	Verify the approved runner and fetch checksum-verified Node inputs	2026-08-28T05:26:59.7772060Z shell: /bin/bash --noprofile --norc -e -o pipefail {0}
macos	Verify the approved runner and fetch checksum-verified Node inputs	2026-08-28T05:26:59.7773040Z env:
macos	Verify the approved runner and fetch checksum-verified Node inputs	2026-08-28T05:26:59.7773920Z   DEVELOPER_DIR: /Applications/Xcode_16.4.app/Contents/Developer
macos	Verify the approved runner and fetch checksum-verified Node inputs	2026-08-28T05:26:59.7774970Z ##[endgroup]
macos	Verify the approved runner and fetch checksum-verified Node inputs	2026-08-28T05:27:00.8149220Z {"name":"node-v20.19.0-darwin-arm64.tar.gz","sha256":"c016cd1975a264a29dc1b07c6fbe60d5df0a0c2beb4113c0450e3d998d1a0d9c"}
macos	Verify the approved runner and fetch checksum-verified Node inputs	2026-08-28T05:27:00.8957360Z {"name":"node-v20.19.0-headers.tar.gz","sha256":"800194e32cef4ee77f5a2e8c0e5dd2b4acb38b39ef2ea544929c181b949494bb"}
macos	Verify the approved runner and fetch checksum-verified Node inputs	2026-08-28T05:27:02.4370340Z {"image":"20260727.0256.1","arch":"arm64"}
macos	Install locked development dependencies without lifecycle scripts	﻿2026-08-28T05:27:02.4530890Z ##[group]Run npm ci --ignore-scripts
macos	Install locked development dependencies without lifecycle scripts	2026-08-28T05:27:02.4559870Z [36;1mnpm ci --ignore-scripts[0m
macos	Install locked development dependencies without lifecycle scripts	2026-08-28T05:27:02.4604360Z shell: /bin/bash -e {0}
macos	Install locked development dependencies without lifecycle scripts	2026-08-28T05:27:02.4604590Z env:
macos	Install locked development dependencies without lifecycle scripts	2026-08-28T05:27:02.4604890Z   DEVELOPER_DIR: /Applications/Xcode_16.4.app/Contents/Developer
macos	Install locked development dependencies without lifecycle scripts	2026-08-28T05:27:02.4605320Z   EXSPECSO_NODE_HEADERS: /Users/runner/work/_temp/node-v20.19.0-headers.tar.gz
macos	Install locked development dependencies without lifecycle scripts	2026-08-28T05:27:02.4605740Z ##[endgroup]
macos	Install locked development dependencies without lifecycle scripts	2026-08-28T05:27:04.0617370Z 
macos	Install locked development dependencies without lifecycle scripts	2026-08-28T05:27:04.0618140Z added 75 packages, and audited 76 packages in 1s
macos	Install locked development dependencies without lifecycle scripts	2026-08-28T05:27:04.0619790Z 
macos	Install locked development dependencies without lifecycle scripts	2026-08-28T05:27:04.0620000Z 20 packages are looking for funding
macos	Install locked development dependencies without lifecycle scripts	2026-08-28T05:27:04.0620250Z   run `npm fund` for details
macos	Install locked development dependencies without lifecycle scripts	2026-08-28T05:27:04.0622630Z 
macos	Install locked development dependencies without lifecycle scripts	2026-08-28T05:27:04.0622730Z found 0 vulnerabilities
macos	Build the release provider and TypeScript	﻿2026-08-28T05:27:04.0713420Z ##[group]Run node native/build.mjs --variant release --target darwin-arm64 --out . --headers "$EXSPECSO_NODE_HEADERS"
macos	Build the release provider and TypeScript	2026-08-28T05:27:04.0714740Z [36;1mnode native/build.mjs --variant release --target darwin-arm64 --out . --headers "$EXSPECSO_NODE_HEADERS"[0m
macos	Build the release provider and TypeScript	2026-08-28T05:27:04.0715240Z [36;1mnpm run build[0m
macos	Build the release provider and TypeScript	2026-08-28T05:27:04.0751680Z shell: /bin/bash -e {0}
macos	Build the release provider and TypeScript	2026-08-28T05:27:04.0751920Z env:
macos	Build the release provider and TypeScript	2026-08-28T05:27:04.0752160Z   DEVELOPER_DIR: /Applications/Xcode_16.4.app/Contents/Developer
macos	Build the release provider and TypeScript	2026-08-28T05:27:04.0752640Z   EXSPECSO_NODE_HEADERS: /Users/runner/work/_temp/node-v20.19.0-headers.tar.gz
macos	Build the release provider and TypeScript	2026-08-28T05:27:04.0753000Z ##[endgroup]
macos	Build the release provider and TypeScript	2026-08-28T05:27:09.3612950Z {"variant":"release","target":"darwin-arm64","binary":"/Users/runner/work/exspecso/exspecso/dist/native/darwin-arm64/contained-fs.node","sha256":"0f96f9185b7caedb8f355c7a8440b074e8b0c6f51c6efc99e1c46b6e4ede990e","buildCommit":"8ec34a671091d340d351257cb2706cf20b9e2d63"}
macos	Build the release provider and TypeScript	2026-08-28T05:27:09.7151270Z 
macos	Build the release provider and TypeScript	2026-08-28T05:27:09.7177170Z > exspecso@0.1.0 build
macos	Build the release provider and TypeScript	2026-08-28T05:27:09.7191820Z > tsc -p tsconfig.json
macos	Build the release provider and TypeScript	2026-08-28T05:27:09.7206490Z 
macos	Run the provider and installed tracer tests	﻿2026-08-28T05:27:09.9052530Z ##[group]Run npm test -- --run tests/unit/contained-fs.test.ts tests/integration/init-codex-tracer.test.ts --testTimeout 60000 --reporter=default --reporter=json --outputFile=tracer-results.json
macos	Run the provider and installed tracer tests	2026-08-28T05:27:09.9053820Z [36;1mnpm test -- --run tests/unit/contained-fs.test.ts tests/integration/init-codex-tracer.test.ts --testTimeout 60000 --reporter=default --reporter=json --outputFile=tracer-results.json[0m
macos	Run the provider and installed tracer tests	2026-08-28T05:27:09.9089530Z shell: /bin/bash -e {0}
macos	Run the provider and installed tracer tests	2026-08-28T05:27:09.9089770Z env:
macos	Run the provider and installed tracer tests	2026-08-28T05:27:09.9090020Z   DEVELOPER_DIR: /Applications/Xcode_16.4.app/Contents/Developer
macos	Run the provider and installed tracer tests	2026-08-28T05:27:09.9090450Z   EXSPECSO_NODE_HEADERS: /Users/runner/work/_temp/node-v20.19.0-headers.tar.gz
macos	Run the provider and installed tracer tests	2026-08-28T05:27:09.9090910Z ##[endgroup]
macos	Run the provider and installed tracer tests	2026-08-28T05:27:10.0434240Z 
macos	Run the provider and installed tracer tests	2026-08-28T05:27:10.0434790Z > exspecso@0.1.0 test
macos	Run the provider and installed tracer tests	2026-08-28T05:27:10.0435790Z > vitest --run tests/unit/contained-fs.test.ts tests/integration/init-codex-tracer.test.ts --testTimeout 60000 --reporter=default --reporter=json --outputFile=tracer-results.json
macos	Run the provider and installed tracer tests	2026-08-28T05:27:10.0436580Z 
macos	Run the provider and installed tracer tests	2026-08-28T05:27:10.3044880Z 
macos	Run the provider and installed tracer tests	2026-08-28T05:27:10.3051190Z [1m[30m[46m RUN [49m[39m[22m [36mv4.1.11 [39m[90m/Users/runner/work/exspecso/exspecso[39m
macos	Run the provider and installed tracer tests	2026-08-28T05:27:10.3053270Z 
macos	Run the provider and installed tracer tests	2026-08-28T05:27:10.7267390Z  [32m✓[39m tests/unit/contained-fs.test.ts [2m([22m[2m10 tests[22m[2m)[22m[32m 242[2mms[22m[39m
macos	Run the provider and installed tracer tests	2026-08-28T05:27:17.5610560Z [90mstdout[2m | tests/integration/init-codex-tracer.test.ts[2m > [22m[2mpacked Codex initializer tracer[2m > [22m[2mcontained promotion tracer reaches the native leaf substitution boundary
macos	Run the provider and installed tracer tests	2026-08-28T05:27:17.5619610Z [22m[39m{"family":"TR-01","site":"leaf","mode":"instrumented","limitation":false,"provider":"/private/var/folders/_5/zjnzxgh147qcg3bb5cg2wvqw0000gn/T/exspecso-test-install-Vb58L7/runner/node_modules/exspecso/dist/native/darwin-arm64/contained-fs.node","providerSHA256":"e86700d99e1a83cda4765612b43f374f479143f760e34b1b8308aef33e05af93","tarballSHA256":"788a26e66bdfdefa7179f54539dfa4af0e8a9497dadf2edfc6c8e00fd460dbd6","provenance":{"buildCommit":"8ec34a671091d340d351257cb2706cf20b9e2d63","variant":"test","sources":{"native/contained-fs.cc":"f4d3532be4e1df6a561f26c78f02b6b72ac911752952018925fb70f982e6d3bc","native/contained-fs-posix.cc":"e1f4a20784d71345143e763da09652cebcfca1ea8f912aa425a45f731b422fdf","native/contained-fs-win.cc":"58d2e4633842f6e8fc2ec5799d4767eb6bf3cf6ad66d07369f7294b8844009d8","native/build.mjs":"4036a919bbb5b115ffe23ed16377fb5568dbdf7ef3094774ff49e38d2098432b","native/windows-preflight.ps1":"03ca2bffed190f0b194d21064db49dda7f2a954abdae17348049e0beb4cca23c"},"headerHash":"800194e32cef4ee77f5a2e8c0e5dd2b4acb38b39ef2ea544929c181b949494bb","compiler":"/Applications/Xcode_16.4.app/Contents/Developer/Toolchains/XcodeDefault.xctoolchain/usr/bin/clang++","compilerVersion":"Apple clang version 17.0.0 (clang-1700.0.13.5)\nTarget: arm64-apple-darwin24.6.0\nThread model: posix\nInstalledDir: /Applications/Xcode_16.4.app/Contents/Developer/Toolchains/XcodeDefault.xctoolchain/usr/bin","sdkVersion":"15.5","xcode":"Xcode 16.4\nBuild version 16F6","osVersion":"15.7.7","osBuild":"24G720","args":["-std=c++17","-O2","-Wall","-Wextra","-fvisibility=hidden","-bundle","-undefined","dynamic_lookup","-isysroot","/Applications/Xcode_16.4.app/Contents/Developer/Platforms/MacOSX.platform/Developer/SDKs/MacOSX15.5.sdk","-mmacosx-version-min=15.7.7","-DNAPI_VERSION=8","-DNODE_GYP_MODULE_NAME=contained_fs","-I","/var/folders/_5/zjnzxgh147qcg3bb5cg2wvqw0000gn/T/exspecso-native-build-r7IuAs/node-v20.19.0/include/node","-DEXSPECSO_CONTAINMENT_TEST=1","/Users/runner/work/exspecso/exspecso/native/contained-fs.cc","-o","/var/folders/_5/zjnzxgh147qcg3bb5cg2wvqw0000gn/T/exspecso-test-install-Vb58L7/package/dist/native/darwin-arm64/contained-fs.node"],"binarySHA256":"e86700d99e1a83cda4765612b43f374f479143f760e34b1b8308aef33e05af93"},"reached":{"operation":"replace:before","pid":8274,"providerPath":"/private/var/folders/_5/zjnzxgh147qcg3bb5cg2wvqw0000gn/T/exspecso-test-install-Vb58L7/runner/node_modules/exspecso/dist/native/darwin-arm64/contained-fs.node"},"exitCode":1}
macos	Run the provider and installed tracer tests	2026-08-28T05:27:17.5739370Z 
macos	Run the provider and installed tracer tests	2026-08-28T05:27:21.8867640Z [90mstdout[2m | tests/integration/init-codex-tracer.test.ts[2m > [22m[2mpacked Codex initializer tracer[2m > [22m[2mcontained promotion tracer reaches the native parent substitution boundary
macos	Run the provider and installed tracer tests	2026-08-28T05:27:21.8876990Z [22m[39m{"family":"TR-01","site":"parent","mode":"instrumented","limitation":true,"provider":"/private/var/folders/_5/zjnzxgh147qcg3bb5cg2wvqw0000gn/T/exspecso-test-install-F1rixi/runner/node_modules/exspecso/dist/native/darwin-arm64/contained-fs.node","providerSHA256":"e86700d99e1a83cda4765612b43f374f479143f760e34b1b8308aef33e05af93","tarballSHA256":"c962c8c3faade1fe2a4c31bd294f9b75611c86bbeaa99d4206e8f969cc26608f","provenance":{"buildCommit":"8ec34a671091d340d351257cb2706cf20b9e2d63","variant":"test","sources":{"native/contained-fs.cc":"f4d3532be4e1df6a561f26c78f02b6b72ac911752952018925fb70f982e6d3bc","native/contained-fs-posix.cc":"e1f4a20784d71345143e763da09652cebcfca1ea8f912aa425a45f731b422fdf","native/contained-fs-win.cc":"58d2e4633842f6e8fc2ec5799d4767eb6bf3cf6ad66d07369f7294b8844009d8","native/build.mjs":"4036a919bbb5b115ffe23ed16377fb5568dbdf7ef3094774ff49e38d2098432b","native/windows-preflight.ps1":"03ca2bffed190f0b194d21064db49dda7f2a954abdae17348049e0beb4cca23c"},"headerHash":"800194e32cef4ee77f5a2e8c0e5dd2b4acb38b39ef2ea544929c181b949494bb","compiler":"/Applications/Xcode_16.4.app/Contents/Developer/Toolchains/XcodeDefault.xctoolchain/usr/bin/clang++","compilerVersion":"Apple clang version 17.0.0 (clang-1700.0.13.5)\nTarget: arm64-apple-darwin24.6.0\nThread model: posix\nInstalledDir: /Applications/Xcode_16.4.app/Contents/Developer/Toolchains/XcodeDefault.xctoolchain/usr/bin","sdkVersion":"15.5","xcode":"Xcode 16.4\nBuild version 16F6","osVersion":"15.7.7","osBuild":"24G720","args":["-std=c++17","-O2","-Wall","-Wextra","-fvisibility=hidden","-bundle","-undefined","dynamic_lookup","-isysroot","/Applications/Xcode_16.4.app/Contents/Developer/Platforms/MacOSX.platform/Developer/SDKs/MacOSX15.5.sdk","-mmacosx-version-min=15.7.7","-DNAPI_VERSION=8","-DNODE_GYP_MODULE_NAME=contained_fs","-I","/var/folders/_5/zjnzxgh147qcg3bb5cg2wvqw0000gn/T/exspecso-native-build-tit1vU/node-v20.19.0/include/node","-DEXSPECSO_CONTAINMENT_TEST=1","/Users/runner/work/exspecso/exspecso/native/contained-fs.cc","-o","/var/folders/_5/zjnzxgh147qcg3bb5cg2wvqw0000gn/T/exspecso-test-install-F1rixi/package/dist/native/darwin-arm64/contained-fs.node"],"binarySHA256":"e86700d99e1a83cda4765612b43f374f479143f760e34b1b8308aef33e05af93"},"reached":{"operation":"replace:before","pid":8555,"providerPath":"/private/var/folders/_5/zjnzxgh147qcg3bb5cg2wvqw0000gn/T/exspecso-test-install-F1rixi/runner/node_modules/exspecso/dist/native/darwin-arm64/contained-fs.node"},"exitCode":0}
macos	Run the provider and installed tracer tests	2026-08-28T05:27:21.8978690Z 
macos	Run the provider and installed tracer tests	2026-08-28T05:27:25.9246110Z [90mstdout[2m | tests/integration/init-codex-tracer.test.ts[2m > [22m[2mpacked Codex initializer tracer[2m > [22m[2mcontained promotion tracer reaches the native ancestor substitution boundary
macos	Run the provider and installed tracer tests	2026-08-28T05:27:25.9256480Z [22m[39m{"family":"TR-01","site":"ancestor","mode":"instrumented","limitation":true,"provider":"/private/var/folders/_5/zjnzxgh147qcg3bb5cg2wvqw0000gn/T/exspecso-test-install-eSin7z/runner/node_modules/exspecso/dist/native/darwin-arm64/contained-fs.node","providerSHA256":"e86700d99e1a83cda4765612b43f374f479143f760e34b1b8308aef33e05af93","tarballSHA256":"3cbcaa25a5d93febfd5270db05331dc23843b357ab5f76eba6114d6169040b19","provenance":{"buildCommit":"8ec34a671091d340d351257cb2706cf20b9e2d63","variant":"test","sources":{"native/contained-fs.cc":"f4d3532be4e1df6a561f26c78f02b6b72ac911752952018925fb70f982e6d3bc","native/contained-fs-posix.cc":"e1f4a20784d71345143e763da09652cebcfca1ea8f912aa425a45f731b422fdf","native/contained-fs-win.cc":"58d2e4633842f6e8fc2ec5799d4767eb6bf3cf6ad66d07369f7294b8844009d8","native/build.mjs":"4036a919bbb5b115ffe23ed16377fb5568dbdf7ef3094774ff49e38d2098432b","native/windows-preflight.ps1":"03ca2bffed190f0b194d21064db49dda7f2a954abdae17348049e0beb4cca23c"},"headerHash":"800194e32cef4ee77f5a2e8c0e5dd2b4acb38b39ef2ea544929c181b949494bb","compiler":"/Applications/Xcode_16.4.app/Contents/Developer/Toolchains/XcodeDefault.xctoolchain/usr/bin/clang++","compilerVersion":"Apple clang version 17.0.0 (clang-1700.0.13.5)\nTarget: arm64-apple-darwin24.6.0\nThread model: posix\nInstalledDir: /Applications/Xcode_16.4.app/Contents/Developer/Toolchains/XcodeDefault.xctoolchain/usr/bin","sdkVersion":"15.5","xcode":"Xcode 16.4\nBuild version 16F6","osVersion":"15.7.7","osBuild":"24G720","args":["-std=c++17","-O2","-Wall","-Wextra","-fvisibility=hidden","-bundle","-undefined","dynamic_lookup","-isysroot","/Applications/Xcode_16.4.app/Contents/Developer/Platforms/MacOSX.platform/Developer/SDKs/MacOSX15.5.sdk","-mmacosx-version-min=15.7.7","-DNAPI_VERSION=8","-DNODE_GYP_MODULE_NAME=contained_fs","-I","/var/folders/_5/zjnzxgh147qcg3bb5cg2wvqw0000gn/T/exspecso-native-build-EnfQwA/node-v20.19.0/include/node","-DEXSPECSO_CONTAINMENT_TEST=1","/Users/runner/work/exspecso/exspecso/native/contained-fs.cc","-o","/var/folders/_5/zjnzxgh147qcg3bb5cg2wvqw0000gn/T/exspecso-test-install-eSin7z/package/dist/native/darwin-arm64/contained-fs.node"],"binarySHA256":"e86700d99e1a83cda4765612b43f374f479143f760e34b1b8308aef33e05af93"},"reached":{"operation":"replace:before","pid":8672,"providerPath":"/private/var/folders/_5/zjnzxgh147qcg3bb5cg2wvqw0000gn/T/exspecso-test-install-eSin7z/runner/node_modules/exspecso/dist/native/darwin-arm64/contained-fs.node"},"exitCode":0}
macos	Run the provider and installed tracer tests	2026-08-28T05:27:25.9370060Z 
macos	Run the provider and installed tracer tests	2026-08-28T05:27:36.2478930Z  [32m✓[39m tests/integration/init-codex-tracer.test.ts [2m([22m[2m11 tests[22m[2m)[22m[33m 25723[2mms[22m[39m
macos	Run the provider and installed tracer tests	2026-08-28T05:27:36.2488160Z      [33m[2m✓[22m[39m contained promotion tracer rejects a missing installed provider before any project mutation [33m 3214[2mms[22m[39m
macos	Run the provider and installed tracer tests	2026-08-28T05:27:36.2523620Z      [33m[2m✓[22m[39m contained promotion tracer reaches the native leaf substitution boundary [33m 3917[2mms[22m[39m
macos	Run the provider and installed tracer tests	2026-08-28T05:27:36.2530900Z      [33m[2m✓[22m[39m contained promotion tracer reaches the native parent substitution boundary [33m 4331[2mms[22m[39m
macos	Run the provider and installed tracer tests	2026-08-28T05:27:36.2534800Z      [33m[2m✓[22m[39m contained promotion tracer reaches the native ancestor substitution boundary [33m 4020[2mms[22m[39m
macos	Run the provider and installed tracer tests	2026-08-28T05:27:36.2536040Z      [33m[2m✓[22m[39m contained promotion tracer preserves an external hardlink during an additive rerun [33m 2537[2mms[22m[39m
macos	Run the provider and installed tracer tests	2026-08-28T05:27:36.2551150Z      [33m[2m✓[22m[39m creates only the canonical foundation and Codex adapter [33m 1307[2mms[22m[39m
macos	Run the provider and installed tracer tests	2026-08-28T05:27:36.2553420Z      [33m[2m✓[22m[39m returns an error before writing when the selected agent is unsupported [33m 1365[2mms[22m[39m
macos	Run the provider and installed tracer tests	2026-08-28T05:27:36.2554990Z      [33m[2m✓[22m[39m initializes at the nearest containing Git root from a deep nested cwd [33m 1418[2mms[22m[39m
macos	Run the provider and installed tracer tests	2026-08-28T05:27:36.2555750Z      [33m[2m✓[22m[39m uses a nested Git repository instead of its parent repository [33m 2120[2mms[22m[39m
macos	Run the provider and installed tracer tests	2026-08-28T05:27:36.2557240Z      [33m[2m✓[22m[39m reports a repairable no-repository diagnostic without writes [33m 1489[2mms[22m[39m
macos	Run the provider and installed tracer tests	2026-08-28T05:27:36.2557710Z 
macos	Run the provider and installed tracer tests	2026-08-28T05:27:36.2558150Z [2m Test Files [22m [1m[32m2 passed[39m[22m[90m (2)[39m
macos	Run the provider and installed tracer tests	2026-08-28T05:27:36.2558720Z [2m      Tests [22m [1m[32m21 passed[39m[22m[90m (21)[39m
macos	Run the provider and installed tracer tests	2026-08-28T05:27:36.2559300Z [2m   Start at [22m 05:27:10
macos	Run the provider and installed tracer tests	2026-08-28T05:27:36.2559940Z [2m   Duration [22m 25.92s[2m (transform 128ms, setup 0ms, import 158ms, tests 25.97s, environment 0ms)[22m
macos	Run the provider and installed tracer tests	2026-08-28T05:27:36.2560360Z 
macos	Run the provider and installed tracer tests	2026-08-28T05:27:36.2560650Z JSON report written to /Users/runner/work/exspecso/exspecso/tracer-results.json
macos	Record the historical installed CLI race RED	﻿2026-08-28T05:27:36.2739850Z ##[group]Run status=0
macos	Record the historical installed CLI race RED	2026-08-28T05:27:36.2740160Z [36;1mstatus=0[0m
macos	Record the historical installed CLI race RED	2026-08-28T05:27:36.2740830Z [36;1mnpm test -- --run tests/integration/init-codex-tracer.test.ts -t 'native (leaf|parent|ancestor) substitution' --reporter=default --reporter=json --outputFile=historical-red-results.json || status=$?[0m
macos	Record the historical installed CLI race RED	2026-08-28T05:27:36.2741480Z [36;1mtest "$status" = 1[0m
macos	Record the historical installed CLI race RED	2026-08-28T05:27:36.2742250Z [36;1mnode -e "const r=require('./historical-red-results.json');const a=r.testResults.flatMap(t=>t.assertionResults).filter(t=>t.status==='failed');if(a.length!==3||a.some(t=>!t.failureMessages.join('').includes('external sentinel')))process.exit(1)"[0m
macos	Record the historical installed CLI race RED	2026-08-28T05:27:36.2775680Z shell: /bin/bash -e {0}
macos	Record the historical installed CLI race RED	2026-08-28T05:27:36.2775950Z env:
macos	Record the historical installed CLI race RED	2026-08-28T05:27:36.2776320Z   DEVELOPER_DIR: /Applications/Xcode_16.4.app/Contents/Developer
macos	Record the historical installed CLI race RED	2026-08-28T05:27:36.2776800Z   EXSPECSO_NODE_HEADERS: /Users/runner/work/_temp/node-v20.19.0-headers.tar.gz
macos	Record the historical installed CLI race RED	2026-08-28T05:27:36.2777210Z   EXSPECSO_RUN_VULNERABLE_TRACER: 1
macos	Record the historical installed CLI race RED	2026-08-28T05:27:36.2777510Z ##[endgroup]
macos	Record the historical installed CLI race RED	2026-08-28T05:27:36.4456260Z 
macos	Record the historical installed CLI race RED	2026-08-28T05:27:36.4456770Z > exspecso@0.1.0 test
macos	Record the historical installed CLI race RED	2026-08-28T05:27:36.4457570Z > vitest --run tests/integration/init-codex-tracer.test.ts -t native (leaf|parent|ancestor) substitution --reporter=default --reporter=json --outputFile=historical-red-results.json
macos	Record the historical installed CLI race RED	2026-08-28T05:27:36.4458180Z 
macos	Record the historical installed CLI race RED	2026-08-28T05:27:36.6479080Z 
macos	Record the historical installed CLI race RED	2026-08-28T05:27:36.6480850Z [1m[30m[46m RUN [49m[39m[22m [36mv4.1.11 [39m[90m/Users/runner/work/exspecso/exspecso[39m
macos	Record the historical installed CLI race RED	2026-08-28T05:27:36.6481200Z 
macos	Record the historical installed CLI race RED	2026-08-28T05:27:38.0931940Z [90mstdout[2m | tests/integration/init-codex-tracer.test.ts[2m > [22m[2mpacked Codex initializer tracer[2m > [22m[2mcontained promotion tracer reaches the native leaf substitution boundary
macos	Record the historical installed CLI race RED	2026-08-28T05:27:38.0940200Z [22m[39m{"family":"TR-01-RED","site":"leaf","mode":"instrumented historical CLI","baselineCommit":"bbe2e5db32e06bc66f7c9e1a87252270f174d9a3","sources":{"src/adapters/managed-file.ts":"8a2a9f7735e52aa04bfb797b65018b66993d073e606be05763f7c5a35df73bb4","src/adapters/registry.ts":"5d8edc0e43b6a80022d73c3cd34ee26322067a89ecf74ca9e4378f156d0e3fc3","src/artifacts/resolve.ts":"19e60702c1d48e603ffdaee80a56c7f4a70cc390301545660dc135ba6d80144e","src/artifacts/schema.ts":"09bf30f719384b35f9937005c72e2537b5b6a34220ccc14c57e39dfbe090e68a","src/artifacts/templates.ts":"d061abd013474d038057484746a39c600092ef236d468defcda7eaca5f4e86d6","src/artifacts/validate.ts":"48a956d7a8001f7b00eae23ee988c5619967ae0939eb615cf04f62811b3cad50","src/cli/arguments.ts":"c2d569ff84de1f6f161bb79d14b53798d370e1f575eb1545f80f576d1d914d59","src/cli/main.ts":"c5bbead2ea830229fc131ab6e15dfa2ceeb714956996769f5f568bacc5f944e9","src/errors/diagnostic.ts":"f666742ec3416a7c1c3d2e955b6a1d9ddf90cf7e2719f8950d1ea98dddb846c9","src/filesystem/git-root.ts":"dd50a498e4d6ad37fdf95c32694a24750003cd526eb288648bc836336280abc4","src/filesystem/ownership.ts":"9c7dc436adc20542cc4349a00f4ce1775e6029b3a242587c0ae45964da37b790","src/filesystem/recovery.ts":"88990271a38aa1f4093b8b6d3645824bf3dbc417426cd8dad94b6cab58696e84","src/filesystem/safe-path.ts":"3e39230fff11ee50c63f71f2596e88c6eee1b8db7c1829282c84c4ad28aab65b","src/filesystem/transaction.ts":"a66b886b425ccd9d2cb762bc90aab5a292f393ffa1a3474c666539c4a755ed8f","src/init/completion.ts":"502f4dd63861ca5d25d57cce1988e4325e245d8ff5ad5283b5335b71868a3071","src/init/plan.ts":"f759506c81bd9d171028f35166be66a3135cf2e5444cae0bbbe25ab7cdc5d244","src/init/run-init.ts":"0cd02a1d7d5aa5972a9efaffc83c27b0c9a72546aecf5ea78783ab157768a80c","src/init/runtime-selection.ts":"86150991e73d9cb8deaf45fee97349c56db87a9f7c180c6f0df9b7fb4b0d13f7"},"instrumentedModuleSHA256":"954b31a088f9d26b1d9fa047d00284c882ac4f6b84414d16fbef4cb0b03193bb","tarballSHA256":"06ede5e2c0caf255c27795de4dbf8b93beb50d16c25ab261c9af0758d40c9ee7","reached":{"operation":"copy:before","pid":9193,"module":"file:///private/var/folders/_5/zjnzxgh147qcg3bb5cg2wvqw0000gn/T/exspecso-historical-install-eTIs0J/runner/node_modules/exspecso/dist/filesystem/transaction.js"},"exitCode":0,"externalChanged":true}
macos	Record the historical installed CLI race RED	2026-08-28T05:27:38.0998570Z 
macos	Record the historical installed CLI race RED	2026-08-28T05:27:39.4868780Z [90mstdout[2m | tests/integration/init-codex-tracer.test.ts[2m > [22m[2mpacked Codex initializer tracer[2m > [22m[2mcontained promotion tracer reaches the native parent substitution boundary
macos	Record the historical installed CLI race RED	2026-08-28T05:27:39.4983930Z [22m[39m{"family":"TR-01-RED","site":"parent","mode":"instrumented historical CLI","baselineCommit":"bbe2e5db32e06bc66f7c9e1a87252270f174d9a3","sources":{"src/adapters/managed-file.ts":"8a2a9f7735e52aa04bfb797b65018b66993d073e606be05763f7c5a35df73bb4","src/adapters/registry.ts":"5d8edc0e43b6a80022d73c3cd34ee26322067a89ecf74ca9e4378f156d0e3fc3","src/artifacts/resolve.ts":"19e60702c1d48e603ffdaee80a56c7f4a70cc390301545660dc135ba6d80144e","src/artifacts/schema.ts":"09bf30f719384b35f9937005c72e2537b5b6a34220ccc14c57e39dfbe090e68a","src/artifacts/templates.ts":"d061abd013474d038057484746a39c600092ef236d468defcda7eaca5f4e86d6","src/artifacts/validate.ts":"48a956d7a8001f7b00eae23ee988c5619967ae0939eb615cf04f62811b3cad50","src/cli/arguments.ts":"c2d569ff84de1f6f161bb79d14b53798d370e1f575eb1545f80f576d1d914d59","src/cli/main.ts":"c5bbead2ea830229fc131ab6e15dfa2ceeb714956996769f5f568bacc5f944e9","src/errors/diagnostic.ts":"f666742ec3416a7c1c3d2e955b6a1d9ddf90cf7e2719f8950d1ea98dddb846c9","src/filesystem/git-root.ts":"dd50a498e4d6ad37fdf95c32694a24750003cd526eb288648bc836336280abc4","src/filesystem/ownership.ts":"9c7dc436adc20542cc4349a00f4ce1775e6029b3a242587c0ae45964da37b790","src/filesystem/recovery.ts":"88990271a38aa1f4093b8b6d3645824bf3dbc417426cd8dad94b6cab58696e84","src/filesystem/safe-path.ts":"3e39230fff11ee50c63f71f2596e88c6eee1b8db7c1829282c84c4ad28aab65b","src/filesystem/transaction.ts":"a66b886b425ccd9d2cb762bc90aab5a292f393ffa1a3474c666539c4a755ed8f","src/init/completion.ts":"502f4dd63861ca5d25d57cce1988e4325e245d8ff5ad5283b5335b71868a3071","src/init/plan.ts":"f759506c81bd9d171028f35166be66a3135cf2e5444cae0bbbe25ab7cdc5d244","src/init/run-init.ts":"0cd02a1d7d5aa5972a9efaffc83c27b0c9a72546aecf5ea78783ab157768a80c","src/init/runtime-selection.ts":"86150991e73d9cb8deaf45fee97349c56db87a9f7c180c6f0df9b7fb4b0d13f7"},"instrumentedModuleSHA256":"954b31a088f9d26b1d9fa047d00284c882ac4f6b84414d16fbef4cb0b03193bb","tarballSHA256":"06ede5e2c0caf255c27795de4dbf8b93beb50d16c25ab261c9af0758d40c9ee7","reached":{"operation":"copy:before","pid":9204,"module":"file:///private/var/folders/_5/zjnzxgh147qcg3bb5cg2wvqw0000gn/T/exspecso-historical-install-bbIEQk/runner/node_modules/exspecso/dist/filesystem/transaction.js"},"exitCode":0,"externalChanged":true}
macos	Record the historical installed CLI race RED	2026-08-28T05:27:39.5082680Z 
macos	Record the historical installed CLI race RED	2026-08-28T05:27:41.1966290Z [90mstdout[2m | tests/integration/init-codex-tracer.test.ts[2m > [22m[2mpacked Codex initializer tracer[2m > [22m[2mcontained promotion tracer reaches the native ancestor substitution boundary
macos	Record the historical installed CLI race RED	2026-08-28T05:27:41.1975520Z [22m[39m{"family":"TR-01-RED","site":"ancestor","mode":"instrumented historical CLI","baselineCommit":"bbe2e5db32e06bc66f7c9e1a87252270f174d9a3","sources":{"src/adapters/managed-file.ts":"8a2a9f7735e52aa04bfb797b65018b66993d073e606be05763f7c5a35df73bb4","src/adapters/registry.ts":"5d8edc0e43b6a80022d73c3cd34ee26322067a89ecf74ca9e4378f156d0e3fc3","src/artifacts/resolve.ts":"19e60702c1d48e603ffdaee80a56c7f4a70cc390301545660dc135ba6d80144e","src/artifacts/schema.ts":"09bf30f719384b35f9937005c72e2537b5b6a34220ccc14c57e39dfbe090e68a","src/artifacts/templates.ts":"d061abd013474d038057484746a39c600092ef236d468defcda7eaca5f4e86d6","src/artifacts/validate.ts":"48a956d7a8001f7b00eae23ee988c5619967ae0939eb615cf04f62811b3cad50","src/cli/arguments.ts":"c2d569ff84de1f6f161bb79d14b53798d370e1f575eb1545f80f576d1d914d59","src/cli/main.ts":"c5bbead2ea830229fc131ab6e15dfa2ceeb714956996769f5f568bacc5f944e9","src/errors/diagnostic.ts":"f666742ec3416a7c1c3d2e955b6a1d9ddf90cf7e2719f8950d1ea98dddb846c9","src/filesystem/git-root.ts":"dd50a498e4d6ad37fdf95c32694a24750003cd526eb288648bc836336280abc4","src/filesystem/ownership.ts":"9c7dc436adc20542cc4349a00f4ce1775e6029b3a242587c0ae45964da37b790","src/filesystem/recovery.ts":"88990271a38aa1f4093b8b6d3645824bf3dbc417426cd8dad94b6cab58696e84","src/filesystem/safe-path.ts":"3e39230fff11ee50c63f71f2596e88c6eee1b8db7c1829282c84c4ad28aab65b","src/filesystem/transaction.ts":"a66b886b425ccd9d2cb762bc90aab5a292f393ffa1a3474c666539c4a755ed8f","src/init/completion.ts":"502f4dd63861ca5d25d57cce1988e4325e245d8ff5ad5283b5335b71868a3071","src/init/plan.ts":"f759506c81bd9d171028f35166be66a3135cf2e5444cae0bbbe25ab7cdc5d244","src/init/run-init.ts":"0cd02a1d7d5aa5972a9efaffc83c27b0c9a72546aecf5ea78783ab157768a80c","src/init/runtime-selection.ts":"86150991e73d9cb8deaf45fee97349c56db87a9f7c180c6f0df9b7fb4b0d13f7"},"instrumentedModuleSHA256":"954b31a088f9d26b1d9fa047d00284c882ac4f6b84414d16fbef4cb0b03193bb","tarballSHA256":"06ede5e2c0caf255c27795de4dbf8b93beb50d16c25ab261c9af0758d40c9ee7","reached":{"operation":"copy:before","pid":9221,"module":"file:///private/var/folders/_5/zjnzxgh147qcg3bb5cg2wvqw0000gn/T/exspecso-historical-install-v1Rwk5/runner/node_modules/exspecso/dist/filesystem/transaction.js"},"exitCode":0,"externalChanged":true}
macos	Record the historical installed CLI race RED	2026-08-28T05:27:41.1983530Z 
macos	Record the historical installed CLI race RED	2026-08-28T05:27:41.2361500Z  [31m❯[39m tests/integration/init-codex-tracer.test.ts [2m([22m[2m11 tests[22m[2m | [22m[31m3 failed[39m[2m | [22m[33m8 skipped[39m[2m)[22m[33m 4439[2mms[22m[39m
macos	Record the historical installed CLI race RED	2026-08-28T05:27:41.2362640Z      [2m[90m↓[39m[22m contained promotion tracer rejects a missing installed provider before any project mutation
macos	Record the historical installed CLI race RED	2026-08-28T05:27:41.2363510Z [31m     [31m×[31m contained promotion tracer reaches the native leaf substitution boundary[39m[33m 1347[2mms[22m[39m
macos	Record the historical installed CLI race RED	2026-08-28T05:27:41.2364310Z [31m     [31m×[31m contained promotion tracer reaches the native parent substitution boundary[39m[33m 1394[2mms[22m[39m
macos	Record the historical installed CLI race RED	2026-08-28T05:27:41.2365140Z [31m     [31m×[31m contained promotion tracer reaches the native ancestor substitution boundary[39m[33m 1697[2mms[22m[39m
macos	Record the historical installed CLI race RED	2026-08-28T05:27:41.2365990Z      [2m[90m↓[39m[22m contained promotion tracer preserves an external hardlink during an additive rerun
macos	Record the historical installed CLI race RED	2026-08-28T05:27:41.2366540Z      [2m[90m↓[39m[22m creates only the canonical foundation and Codex adapter
macos	Record the historical installed CLI race RED	2026-08-28T05:27:41.2367340Z      [2m[90m↓[39m[22m returns an error before writing when the selected agent is unsupported
macos	Record the historical installed CLI race RED	2026-08-28T05:27:41.2368580Z      [2m[90m↓[39m[22m resolves the containing Git root before initialization
macos	Record the historical installed CLI race RED	2026-08-28T05:27:41.2369260Z      [2m[90m↓[39m[22m initializes at the nearest containing Git root from a deep nested cwd
macos	Record the historical installed CLI race RED	2026-08-28T05:27:41.2369820Z      [2m[90m↓[39m[22m uses a nested Git repository instead of its parent repository
macos	Record the historical installed CLI race RED	2026-08-28T05:27:41.2370370Z      [2m[90m↓[39m[22m reports a repairable no-repository diagnostic without writes
macos	Record the historical installed CLI race RED	2026-08-28T05:27:41.2391250Z 
macos	Record the historical installed CLI race RED	2026-08-28T05:27:41.2392020Z [31m⎯⎯⎯⎯⎯⎯⎯[39m[1m[41m Failed Tests 3 [49m[22m[31m⎯⎯⎯⎯⎯⎯⎯[39m
macos	Record the historical installed CLI race RED	2026-08-28T05:27:41.2392430Z 
macos	Record the historical installed CLI race RED	2026-08-28T05:27:41.2393180Z [41m[1m FAIL [22m[49m tests/integration/init-codex-tracer.test.ts[2m > [22mpacked Codex initializer tracer[2m > [22mcontained promotion tracer reaches the native leaf substitution boundary
macos	Record the historical installed CLI race RED	2026-08-28T05:27:41.2394760Z [41m[1m FAIL [22m[49m tests/integration/init-codex-tracer.test.ts[2m > [22mpacked Codex initializer tracer[2m > [22mcontained promotion tracer reaches the native parent substitution boundary
macos	Record the historical installed CLI race RED	2026-08-28T05:27:41.2396610Z [41m[1m FAIL [22m[49m tests/integration/init-codex-tracer.test.ts[2m > [22mpacked Codex initializer tracer[2m > [22mcontained promotion tracer reaches the native ancestor substitution boundary
macos	Record the historical installed CLI race RED	2026-08-28T05:27:41.2398010Z [31m[1mAssertionError[22m: expected '<!-- exspecso:managed template-versio…' to be 'external sentinel\n' // Object.is equality[39m
macos	Record the historical installed CLI race RED	2026-08-28T05:27:41.2398440Z 
macos	Record the historical installed CLI race RED	2026-08-28T05:27:41.2398560Z [32m- Expected[39m
macos	Record the historical installed CLI race RED	2026-08-28T05:27:41.2398910Z [31m+ Received[39m
macos	Record the historical installed CLI race RED	2026-08-28T05:27:41.2399100Z 
macos	Record the historical installed CLI race RED	2026-08-28T05:27:41.2399230Z [32m- external sentinel[39m
macos	Record the historical installed CLI race RED	2026-08-28T05:27:41.2399920Z [31m+ <!-- exspecso:managed template-version=1 original-body-sha256=b1a9d929f72767a90863bbe15f1023926b0a704e80d4f3ec0f1c313dd48e88ac -->[39m
macos	Record the historical installed CLI race RED	2026-08-28T05:27:41.2400980Z [31m+ ---[39m
macos	Record the historical installed CLI race RED	2026-08-28T05:27:41.2401290Z [31m+ name: exspecso-start[39m
macos	Record the historical installed CLI race RED	2026-08-28T05:27:41.2401810Z [31m+ description: Begin Exspecso project orientation from the canonical repository artifacts.[39m
macos	Record the historical installed CLI race RED	2026-08-28T05:27:41.2402280Z [31m+ ---[39m
macos	Record the historical installed CLI race RED	2026-08-28T05:27:41.2402560Z [31m+[39m
macos	Record the historical installed CLI race RED	2026-08-28T05:27:41.2402840Z [31m+ # Exspecso Start[39m
macos	Record the historical installed CLI race RED	2026-08-28T05:27:41.2403090Z [31m+[39m
macos	Record the historical installed CLI race RED	2026-08-28T05:27:41.2404590Z [31m+ Use the repository's canonical Exspecso artifacts to begin project orientation in OpenAI Codex. The portable operation identity is `exspecso-start`, documented as `/exspecso-start`; invoke it here as `$exspecso-start`. Preserve approved intent, surface uncertainty for human resolution, and write only the artifacts required by the approved workflow.[39m
macos	Record the historical installed CLI race RED	2026-08-28T05:27:41.2405710Z 
macos	Record the historical installed CLI race RED	2026-08-28T05:27:41.2405710Z 
macos	Record the historical installed CLI race RED	2026-08-28T05:27:41.2405950Z [36m [2m❯[22m tests/integration/init-codex-tracer.test.ts:[2m96:31[22m[39m
macos	Record the historical installed CLI race RED	2026-08-28T05:27:41.2433140Z 
macos	Record the historical installed CLI race RED	2026-08-28T05:27:41.2444960Z 
macos	Record the historical installed CLI race RED	2026-08-28T05:27:41.2444970Z 
macos	Record the historical installed CLI race RED	2026-08-28T05:27:41.2445700Z [31m[2m⎯⎯⎯⎯⎯⎯⎯⎯⎯⎯⎯⎯⎯⎯⎯⎯⎯⎯⎯⎯⎯⎯⎯⎯[1/3]⎯[22m[39m
macos	Record the historical installed CLI race RED	2026-08-28T05:27:41.2446680Z [2m Test Files [22m [1m[31m1 failed[39m[22m[90m (1)[39m
macos	Record the historical installed CLI race RED	2026-08-28T05:27:41.2447980Z 
macos	Record the historical installed CLI race RED	2026-08-28T05:27:41.2448280Z [2m      Tests [22m [1m[31m3 failed[39m[22m[2m | [22m[33m8 skipped[39m[90m (11)[39m
macos	Record the historical installed CLI race RED	2026-08-28T05:27:41.2449180Z [2m   Start at [22m 05:27:36
macos	Record the historical installed CLI race RED	2026-08-28T05:27:41.2449930Z [2m   Duration [22m 4.58s[2m (transform 43ms, setup 0ms, import 57ms, tests 4.44s, environment 0ms)[22m
macos	Record the historical installed CLI race RED	2026-08-28T05:27:41.2450390Z 
macos	Record the historical installed CLI race RED	2026-08-28T05:27:41.2461150Z JSON report written to /Users/runner/work/exspecso/exspecso/historical-red-results.json
macos	Run the existing regression suite with the host provider	﻿2026-08-28T05:27:41.2911320Z ##[group]Run npm test -- --run --testTimeout 60000 --reporter=default --reporter=json --outputFile=regression-results.json
macos	Run the existing regression suite with the host provider	2026-08-28T05:27:41.2912030Z [36;1mnpm test -- --run --testTimeout 60000 --reporter=default --reporter=json --outputFile=regression-results.json[0m
macos	Run the existing regression suite with the host provider	2026-08-28T05:27:41.2943130Z shell: /bin/bash -e {0}
macos	Run the existing regression suite with the host provider	2026-08-28T05:27:41.2943330Z env:
macos	Run the existing regression suite with the host provider	2026-08-28T05:27:41.2943660Z   DEVELOPER_DIR: /Applications/Xcode_16.4.app/Contents/Developer
macos	Run the existing regression suite with the host provider	2026-08-28T05:27:41.2944110Z   EXSPECSO_NODE_HEADERS: /Users/runner/work/_temp/node-v20.19.0-headers.tar.gz
macos	Run the existing regression suite with the host provider	2026-08-28T05:27:41.2944520Z ##[endgroup]
macos	Run the existing regression suite with the host provider	2026-08-28T05:27:41.4371350Z 
macos	Run the existing regression suite with the host provider	2026-08-28T05:27:41.4472490Z > exspecso@0.1.0 test
macos	Run the existing regression suite with the host provider	2026-08-28T05:27:41.4573750Z > vitest --run --testTimeout 60000 --reporter=default --reporter=json --outputFile=regression-results.json
macos	Run the existing regression suite with the host provider	2026-08-28T05:27:41.4673860Z 
macos	Run the existing regression suite with the host provider	2026-08-28T05:27:41.7316620Z 
macos	Run the existing regression suite with the host provider	2026-08-28T05:27:41.7331960Z [1m[30m[46m RUN [49m[39m[22m [36mv4.1.11 [39m[90m/Users/runner/work/exspecso/exspecso[39m
macos	Run the existing regression suite with the host provider	2026-08-28T05:27:41.7332790Z 
macos	Run the existing regression suite with the host provider	2026-08-28T05:27:44.9379490Z  [32m✓[39m tests/integration/transaction-recovery.test.ts [2m([22m[2m15 tests[22m[2m)[22m[33m 2914[2mms[22m[39m
macos	Run the existing regression suite with the host provider	2026-08-28T05:27:44.9387500Z      [33m[2m✓[22m[39m reclaims ownership only after a killed process has actually exited [33m 629[2mms[22m[39m
macos	Run the existing regression suite with the host provider	2026-08-28T05:27:44.9389620Z      [33m[2m✓[22m[39m recovers every promotion step after injected exception and controlled interruption without accepting a mixed set [33m 476[2mms[22m[39m
macos	Run the existing regression suite with the host provider	2026-08-28T05:27:44.9427050Z      [33m[2m✓[22m[39m recovers every promotion step after an externally killed CLI child [33m 1316[2mms[22m[39m
macos	Run the existing regression suite with the host provider	2026-08-28T05:27:45.2566270Z  [32m✓[39m tests/unit/artifacts.test.ts [2m([22m[2m11 tests[22m[2m)[22m[32m 179[2mms[22m[39m
macos	Run the existing regression suite with the host provider	2026-08-28T05:27:45.6421090Z  [32m✓[39m tests/unit/contained-fs.test.ts [2m([22m[2m10 tests[22m[2m)[22m[32m 270[2mms[22m[39m
macos	Run the existing regression suite with the host provider	2026-08-28T05:27:45.8921490Z  [32m✓[39m tests/integration/validation-errors.test.ts [2m([22m[2m9 tests[22m[2m)[22m[32m 99[2mms[22m[39m
macos	Run the existing regression suite with the host provider	2026-08-28T05:27:46.6603040Z  [32m✓[39m tests/integration/init-rerun.test.ts [2m([22m[2m10 tests[22m[2m)[22m[33m 607[2mms[22m[39m
macos	Run the existing regression suite with the host provider	2026-08-28T05:27:46.8036760Z  [32m✓[39m tests/unit/runtime-selection.test.ts [2m([22m[2m5 tests[22m[2m)[22m[32m 4[2mms[22m[39m
macos	Run the existing regression suite with the host provider	2026-08-28T05:27:47.0493380Z  [32m✓[39m tests/unit/adapters.test.ts [2m([22m[2m5 tests[22m[2m)[22m[32m 5[2mms[22m[39m
macos	Run the existing regression suite with the host provider	2026-08-28T05:27:47.3487720Z  [32m✓[39m tests/integration/minimal-artifacts.test.ts [2m([22m[2m1 test[22m[2m)[22m[32m 141[2mms[22m[39m
macos	Run the existing regression suite with the host provider	2026-08-28T05:27:49.7043210Z [90mstdout[2m | tests/integration/init-codex-tracer.test.ts[2m > [22m[2mpacked Codex initializer tracer[2m > [22m[2mcontained promotion tracer reaches the native leaf substitution boundary
macos	Run the existing regression suite with the host provider	2026-08-28T05:27:49.7155860Z [22m[39m{"family":"TR-01","site":"leaf","mode":"instrumented","limitation":false,"provider":"/private/var/folders/_5/zjnzxgh147qcg3bb5cg2wvqw0000gn/T/exspecso-test-install-WVStwA/runner/node_modules/exspecso/dist/native/darwin-arm64/contained-fs.node","providerSHA256":"e86700d99e1a83cda4765612b43f374f479143f760e34b1b8308aef33e05af93","tarballSHA256":"bb93008b000ec7adf2ec916abfc4cacc37be3cfc3113fdf3a002a8c7d083bf7e","provenance":{"buildCommit":"8ec34a671091d340d351257cb2706cf20b9e2d63","variant":"test","sources":{"native/contained-fs.cc":"f4d3532be4e1df6a561f26c78f02b6b72ac911752952018925fb70f982e6d3bc","native/contained-fs-posix.cc":"e1f4a20784d71345143e763da09652cebcfca1ea8f912aa425a45f731b422fdf","native/contained-fs-win.cc":"58d2e4633842f6e8fc2ec5799d4767eb6bf3cf6ad66d07369f7294b8844009d8","native/build.mjs":"4036a919bbb5b115ffe23ed16377fb5568dbdf7ef3094774ff49e38d2098432b","native/windows-preflight.ps1":"03ca2bffed190f0b194d21064db49dda7f2a954abdae17348049e0beb4cca23c"},"headerHash":"800194e32cef4ee77f5a2e8c0e5dd2b4acb38b39ef2ea544929c181b949494bb","compiler":"/Applications/Xcode_16.4.app/Contents/Developer/Toolchains/XcodeDefault.xctoolchain/usr/bin/clang++","compilerVersion":"Apple clang version 17.0.0 (clang-1700.0.13.5)\nTarget: arm64-apple-darwin24.6.0\nThread model: posix\nInstalledDir: /Applications/Xcode_16.4.app/Contents/Developer/Toolchains/XcodeDefault.xctoolchain/usr/bin","sdkVersion":"15.5","xcode":"Xcode 16.4\nBuild version 16F6","osVersion":"15.7.7","osBuild":"24G720","args":["-std=c++17","-O2","-Wall","-Wextra","-fvisibility=hidden","-bundle","-undefined","dynamic_lookup","-isysroot","/Applications/Xcode_16.4.app/Contents/Developer/Platforms/MacOSX.platform/Developer/SDKs/MacOSX15.5.sdk","-mmacosx-version-min=15.7.7","-DNAPI_VERSION=8","-DNODE_GYP_MODULE_NAME=contained_fs","-I","/var/folders/_5/zjnzxgh147qcg3bb5cg2wvqw0000gn/T/exspecso-native-build-ZjEBpX/node-v20.19.0/include/node","-DEXSPECSO_CONTAINMENT_TEST=1","/Users/runner/work/exspecso/exspecso/native/contained-fs.cc","-o","/var/folders/_5/zjnzxgh147qcg3bb5cg2wvqw0000gn/T/exspecso-test-install-WVStwA/package/dist/native/darwin-arm64/contained-fs.node"],"binarySHA256":"e86700d99e1a83cda4765612b43f374f479143f760e34b1b8308aef33e05af93"},"reached":{"operation":"replace:before","pid":9942,"providerPath":"/private/var/folders/_5/zjnzxgh147qcg3bb5cg2wvqw0000gn/T/exspecso-test-install-WVStwA/runner/node_modules/exspecso/dist/native/darwin-arm64/contained-fs.node"},"exitCode":1}
macos	Run the existing regression suite with the host provider	2026-08-28T05:27:49.7164360Z 
macos	Run the existing regression suite with the host provider	2026-08-28T05:27:53.5215780Z [90mstdout[2m | tests/integration/init-codex-tracer.test.ts[2m > [22m[2mpacked Codex initializer tracer[2m > [22m[2mcontained promotion tracer reaches the native parent substitution boundary
macos	Run the existing regression suite with the host provider	2026-08-28T05:27:53.5224830Z [22m[39m{"family":"TR-01","site":"parent","mode":"instrumented","limitation":true,"provider":"/private/var/folders/_5/zjnzxgh147qcg3bb5cg2wvqw0000gn/T/exspecso-test-install-dj0Ua2/runner/node_modules/exspecso/dist/native/darwin-arm64/contained-fs.node","providerSHA256":"e86700d99e1a83cda4765612b43f374f479143f760e34b1b8308aef33e05af93","tarballSHA256":"ca209e5c55a6f32e4446490d7f42e16aeeb26688573d574d5c788091d1e7eb42","provenance":{"buildCommit":"8ec34a671091d340d351257cb2706cf20b9e2d63","variant":"test","sources":{"native/contained-fs.cc":"f4d3532be4e1df6a561f26c78f02b6b72ac911752952018925fb70f982e6d3bc","native/contained-fs-posix.cc":"e1f4a20784d71345143e763da09652cebcfca1ea8f912aa425a45f731b422fdf","native/contained-fs-win.cc":"58d2e4633842f6e8fc2ec5799d4767eb6bf3cf6ad66d07369f7294b8844009d8","native/build.mjs":"4036a919bbb5b115ffe23ed16377fb5568dbdf7ef3094774ff49e38d2098432b","native/windows-preflight.ps1":"03ca2bffed190f0b194d21064db49dda7f2a954abdae17348049e0beb4cca23c"},"headerHash":"800194e32cef4ee77f5a2e8c0e5dd2b4acb38b39ef2ea544929c181b949494bb","compiler":"/Applications/Xcode_16.4.app/Contents/Developer/Toolchains/XcodeDefault.xctoolchain/usr/bin/clang++","compilerVersion":"Apple clang version 17.0.0 (clang-1700.0.13.5)\nTarget: arm64-apple-darwin24.6.0\nThread model: posix\nInstalledDir: /Applications/Xcode_16.4.app/Contents/Developer/Toolchains/XcodeDefault.xctoolchain/usr/bin","sdkVersion":"15.5","xcode":"Xcode 16.4\nBuild version 16F6","osVersion":"15.7.7","osBuild":"24G720","args":["-std=c++17","-O2","-Wall","-Wextra","-fvisibility=hidden","-bundle","-undefined","dynamic_lookup","-isysroot","/Applications/Xcode_16.4.app/Contents/Developer/Platforms/MacOSX.platform/Developer/SDKs/MacOSX15.5.sdk","-mmacosx-version-min=15.7.7","-DNAPI_VERSION=8","-DNODE_GYP_MODULE_NAME=contained_fs","-I","/var/folders/_5/zjnzxgh147qcg3bb5cg2wvqw0000gn/T/exspecso-native-build-eu9Fdj/node-v20.19.0/include/node","-DEXSPECSO_CONTAINMENT_TEST=1","/Users/runner/work/exspecso/exspecso/native/contained-fs.cc","-o","/var/folders/_5/zjnzxgh147qcg3bb5cg2wvqw0000gn/T/exspecso-test-install-dj0Ua2/package/dist/native/darwin-arm64/contained-fs.node"],"binarySHA256":"e86700d99e1a83cda4765612b43f374f479143f760e34b1b8308aef33e05af93"},"reached":{"operation":"replace:before","pid":10048,"providerPath":"/private/var/folders/_5/zjnzxgh147qcg3bb5cg2wvqw0000gn/T/exspecso-test-install-dj0Ua2/runner/node_modules/exspecso/dist/native/darwin-arm64/contained-fs.node"},"exitCode":0}
macos	Run the existing regression suite with the host provider	2026-08-28T05:27:53.5232490Z 
macos	Run the existing regression suite with the host provider	2026-08-28T05:27:57.6766340Z [90mstdout[2m | tests/integration/init-codex-tracer.test.ts[2m > [22m[2mpacked Codex initializer tracer[2m > [22m[2mcontained promotion tracer reaches the native ancestor substitution boundary
macos	Run the existing regression suite with the host provider	2026-08-28T05:27:57.6776150Z [22m[39m{"family":"TR-01","site":"ancestor","mode":"instrumented","limitation":true,"provider":"/private/var/folders/_5/zjnzxgh147qcg3bb5cg2wvqw0000gn/T/exspecso-test-install-zMfXQI/runner/node_modules/exspecso/dist/native/darwin-arm64/contained-fs.node","providerSHA256":"e86700d99e1a83cda4765612b43f374f479143f760e34b1b8308aef33e05af93","tarballSHA256":"32fc1100b94e798f76be04b42456b3cfe45ac63f457606abcf731a3199243432","provenance":{"buildCommit":"8ec34a671091d340d351257cb2706cf20b9e2d63","variant":"test","sources":{"native/contained-fs.cc":"f4d3532be4e1df6a561f26c78f02b6b72ac911752952018925fb70f982e6d3bc","native/contained-fs-posix.cc":"e1f4a20784d71345143e763da09652cebcfca1ea8f912aa425a45f731b422fdf","native/contained-fs-win.cc":"58d2e4633842f6e8fc2ec5799d4767eb6bf3cf6ad66d07369f7294b8844009d8","native/build.mjs":"4036a919bbb5b115ffe23ed16377fb5568dbdf7ef3094774ff49e38d2098432b","native/windows-preflight.ps1":"03ca2bffed190f0b194d21064db49dda7f2a954abdae17348049e0beb4cca23c"},"headerHash":"800194e32cef4ee77f5a2e8c0e5dd2b4acb38b39ef2ea544929c181b949494bb","compiler":"/Applications/Xcode_16.4.app/Contents/Developer/Toolchains/XcodeDefault.xctoolchain/usr/bin/clang++","compilerVersion":"Apple clang version 17.0.0 (clang-1700.0.13.5)\nTarget: arm64-apple-darwin24.6.0\nThread model: posix\nInstalledDir: /Applications/Xcode_16.4.app/Contents/Developer/Toolchains/XcodeDefault.xctoolchain/usr/bin","sdkVersion":"15.5","xcode":"Xcode 16.4\nBuild version 16F6","osVersion":"15.7.7","osBuild":"24G720","args":["-std=c++17","-O2","-Wall","-Wextra","-fvisibility=hidden","-bundle","-undefined","dynamic_lookup","-isysroot","/Applications/Xcode_16.4.app/Contents/Developer/Platforms/MacOSX.platform/Developer/SDKs/MacOSX15.5.sdk","-mmacosx-version-min=15.7.7","-DNAPI_VERSION=8","-DNODE_GYP_MODULE_NAME=contained_fs","-I","/var/folders/_5/zjnzxgh147qcg3bb5cg2wvqw0000gn/T/exspecso-native-build-CTEjCu/node-v20.19.0/include/node","-DEXSPECSO_CONTAINMENT_TEST=1","/Users/runner/work/exspecso/exspecso/native/contained-fs.cc","-o","/var/folders/_5/zjnzxgh147qcg3bb5cg2wvqw0000gn/T/exspecso-test-install-zMfXQI/package/dist/native/darwin-arm64/contained-fs.node"],"binarySHA256":"e86700d99e1a83cda4765612b43f374f479143f760e34b1b8308aef33e05af93"},"reached":{"operation":"replace:before","pid":10354,"providerPath":"/private/var/folders/_5/zjnzxgh147qcg3bb5cg2wvqw0000gn/T/exspecso-test-install-zMfXQI/runner/node_modules/exspecso/dist/native/darwin-arm64/contained-fs.node"},"exitCode":0}
macos	Run the existing regression suite with the host provider	2026-08-28T05:27:57.6784590Z 
macos	Run the existing regression suite with the host provider	2026-08-28T05:28:07.5962310Z  [32m✓[39m tests/integration/init-codex-tracer.test.ts [2m([22m[2m11 tests[22m[2m)[22m[33m 25683[2mms[22m[39m
macos	Run the existing regression suite with the host provider	2026-08-28T05:28:07.6064520Z      [33m[2m✓[22m[39m contained promotion tracer rejects a missing installed provider before any project mutation [33m 3720[2mms[22m[39m
macos	Run the existing regression suite with the host provider	2026-08-28T05:28:07.6134270Z      [33m[2m✓[22m[39m contained promotion tracer reaches the native leaf substitution boundary [33m 4158[2mms[22m[39m
macos	Run the existing regression suite with the host provider	2026-08-28T05:28:07.6135400Z      [33m[2m✓[22m[39m contained promotion tracer reaches the native parent substitution boundary [33m 3818[2mms[22m[39m
macos	Run the existing regression suite with the host provider	2026-08-28T05:28:07.6136760Z      [33m[2m✓[22m[39m contained promotion tracer reaches the native ancestor substitution boundary [33m 4145[2mms[22m[39m
macos	Run the existing regression suite with the host provider	2026-08-28T05:28:07.6138390Z      [33m[2m✓[22m[39m contained promotion tracer preserves an external hardlink during an additive rerun [33m 3347[2mms[22m[39m
macos	Run the existing regression suite with the host provider	2026-08-28T05:28:07.6139490Z      [33m[2m✓[22m[39m creates only the canonical foundation and Codex adapter [33m 1338[2mms[22m[39m
macos	Run the existing regression suite with the host provider	2026-08-28T05:28:07.6140330Z      [33m[2m✓[22m[39m returns an error before writing when the selected agent is unsupported [33m 1167[2mms[22m[39m
macos	Run the existing regression suite with the host provider	2026-08-28T05:28:07.6141360Z      [33m[2m✓[22m[39m initializes at the nearest containing Git root from a deep nested cwd [33m 1354[2mms[22m[39m
macos	Run the existing regression suite with the host provider	2026-08-28T05:28:07.6144770Z      [33m[2m✓[22m[39m uses a nested Git repository instead of its parent repository [33m 1432[2mms[22m[39m
macos	Run the existing regression suite with the host provider	2026-08-28T05:28:07.6145580Z      [33m[2m✓[22m[39m reports a repairable no-repository diagnostic without writes [33m 1199[2mms[22m[39m
macos	Run the existing regression suite with the host provider	2026-08-28T05:28:07.6146030Z 
macos	Run the existing regression suite with the host provider	2026-08-28T05:28:07.6146270Z [2m Test Files [22m [1m[32m9 passed[39m[22m[90m (9)[39m
macos	Run the existing regression suite with the host provider	2026-08-28T05:28:07.6146790Z [2m      Tests [22m [1m[32m77 passed[39m[22m[90m (77)[39m
macos	Run the existing regression suite with the host provider	2026-08-28T05:28:07.6147220Z [2m   Start at [22m 05:27:41
macos	Run the existing regression suite with the host provider	2026-08-28T05:28:07.6147750Z [2m   Duration [22m 25.85s[2m (transform 266ms, setup 0ms, import 624ms, tests 29.90s, environment 1ms)[22m
macos	Run the existing regression suite with the host provider	2026-08-28T05:28:07.6148230Z 
macos	Run the existing regression suite with the host provider	2026-08-28T05:28:07.6148540Z JSON report written to /Users/runner/work/exspecso/exspecso/regression-results.json
macos	Preserve the actual host binaries and test report	﻿2026-08-28T05:28:07.6333040Z Node 20 is being deprecated. This workflow is running with Node 24 by default. If you need to temporarily use Node 20, you can set the ACTIONS_ALLOW_USE_UNSECURE_NODE_VERSION=true environment variable. For more information see: https://github.blog/changelog/2025-09-19-deprecation-of-node-20-on-github-actions-runners/
macos	Preserve the actual host binaries and test report	2026-08-28T05:28:07.6337910Z ##[group]Run actions/upload-artifact@ea165f8d65b6e75b540449e92b4886f43607fa02
macos	Preserve the actual host binaries and test report	2026-08-28T05:28:07.6338260Z with:
macos	Preserve the actual host binaries and test report	2026-08-28T05:28:07.6338470Z   name: containment-posix-tracer
macos	Preserve the actual host binaries and test report	2026-08-28T05:28:07.6343140Z   path: dist/native/
macos	Preserve the actual host binaries and test report	tracer-results.json
macos	Preserve the actual host binaries and test report	regression-results.json
macos	Preserve the actual host binaries and test report	historical-red-results.json
macos	Preserve the actual host binaries and test report	
macos	Preserve the actual host binaries and test report	2026-08-28T05:28:07.6343610Z   if-no-files-found: warn
macos	Preserve the actual host binaries and test report	2026-08-28T05:28:07.6343790Z   retention-days: 7
macos	Preserve the actual host binaries and test report	2026-08-28T05:28:07.6343960Z   compression-level: 6
macos	Preserve the actual host binaries and test report	2026-08-28T05:28:07.6344110Z   overwrite: false
macos	Preserve the actual host binaries and test report	2026-08-28T05:28:07.6344320Z   include-hidden-files: false
macos	Preserve the actual host binaries and test report	2026-08-28T05:28:07.6344550Z env:
macos	Preserve the actual host binaries and test report	2026-08-28T05:28:07.6344840Z   DEVELOPER_DIR: /Applications/Xcode_16.4.app/Contents/Developer
macos	Preserve the actual host binaries and test report	2026-08-28T05:28:07.6345310Z   EXSPECSO_NODE_HEADERS: /Users/runner/work/_temp/node-v20.19.0-headers.tar.gz
macos	Preserve the actual host binaries and test report	2026-08-28T05:28:07.6345690Z ##[endgroup]
macos	Preserve the actual host binaries and test report	2026-08-28T05:28:08.0223410Z (node:10849) [DEP0040] DeprecationWarning: The `punycode` module is deprecated. Please use a userland alternative instead.
macos	Preserve the actual host binaries and test report	2026-08-28T05:28:08.0224120Z (Use `node --trace-deprecation ...` to show where the warning was created)
macos	Preserve the actual host binaries and test report	2026-08-28T05:28:08.0278150Z Multiple search paths detected. Calculating the least common ancestor of all paths
macos	Preserve the actual host binaries and test report	2026-08-28T05:28:08.0280740Z The least common ancestor is /Users/runner/work/exspecso/exspecso. This will be the root directory of the artifact
macos	Preserve the actual host binaries and test report	2026-08-28T05:28:08.0281550Z With the provided path, there will be 6 files uploaded
macos	Preserve the actual host binaries and test report	2026-08-28T05:28:08.0282790Z Artifact name is valid!
macos	Preserve the actual host binaries and test report	2026-08-28T05:28:08.0283090Z Root directory input is valid!
macos	Preserve the actual host binaries and test report	2026-08-28T05:28:08.2786830Z (node:10849) [DEP0169] DeprecationWarning: `url.parse()` behavior is not standardized and prone to errors that have security implications. Use the WHATWG URL API instead. CVEs are not issued for `url.parse()` vulnerabilities.
macos	Preserve the actual host binaries and test report	2026-08-28T05:28:08.2827260Z Beginning upload of artifact content to blob storage
macos	Preserve the actual host binaries and test report	2026-08-28T05:28:08.3117840Z Uploaded bytes 33232
macos	Preserve the actual host binaries and test report	2026-08-28T05:28:08.3255580Z Finished uploading artifact content to blob storage!
macos	Preserve the actual host binaries and test report	2026-08-28T05:28:08.3256350Z SHA256 digest of uploaded artifact zip is 4590577846a7a95f102d1e6b664af0fd3bebe86590ef13d721c8055e41aff72d
macos	Preserve the actual host binaries and test report	2026-08-28T05:28:08.3256930Z Finalizing artifact upload
macos	Preserve the actual host binaries and test report	2026-08-28T05:28:08.5337020Z Artifact containment-posix-tracer.zip successfully finalized. Artifact ID 9675349906
macos	Preserve the actual host binaries and test report	2026-08-28T05:28:08.5338020Z Artifact containment-posix-tracer has been successfully uploaded! Final size is 33232 bytes. Artifact ID is 9675349906
macos	Preserve the actual host binaries and test report	2026-08-28T05:28:08.5339160Z Artifact download URL: https://github.com/ishk-sftckz/exspecso/actions/runs/33144791900/artifacts/9675349906
macos	Complete job	﻿2026-08-28T05:28:08.5450250Z Cleaning up orphan processes
macos	Complete job	2026-08-28T05:28:09.7186450Z ##[warning]Node.js 20 is deprecated. The following actions target Node.js 20 but are being forced to run on Node.js 24: actions/upload-artifact@ea165f8d65b6e75b540449e92b4886f43607fa02. For more information see: https://github.blog/changelog/2025-09-19-deprecation-of-node-20-on-github-actions-runners/
windows	Set up job	﻿2026-08-28T05:27:01.1160502Z Current runner version: '2.336.0'
windows	Set up job	2026-08-28T05:27:01.1389746Z ##[group]Runner Image Provisioner
windows	Set up job	2026-08-28T05:27:01.1391076Z Hosted Compute Agent
windows	Set up job	2026-08-28T05:27:01.1392164Z Version: 20260819.586
windows	Set up job	2026-08-28T05:27:01.1393575Z Commit: 3cc4a88dfa507ef76119ad1bb3eccc6378bb2b76
windows	Set up job	2026-08-28T05:27:01.1394596Z Build Date: 2026-08-18T23:20:18Z
windows	Set up job	2026-08-28T05:27:01.1395276Z Worker ID: {bdb82e98-d435-446b-ac8b-17a03cc86b2a}
windows	Set up job	2026-08-28T05:27:01.1395942Z Azure Region: westus3
windows	Set up job	2026-08-28T05:27:01.1396521Z ##[endgroup]
windows	Set up job	2026-08-28T05:27:01.1397948Z ##[group]Operating System
windows	Set up job	2026-08-28T05:27:01.1398604Z Microsoft Windows Server 2025
windows	Set up job	2026-08-28T05:27:01.1399196Z 10.0.26100
windows	Set up job	2026-08-28T05:27:01.1399684Z Datacenter
windows	Set up job	2026-08-28T05:27:01.1400470Z ##[endgroup]
windows	Set up job	2026-08-28T05:27:01.1400991Z ##[group]Runner Image
windows	Set up job	2026-08-28T05:27:01.1401590Z Image: windows-2025-vs2026
windows	Set up job	2026-08-28T05:27:01.1402178Z Version: 20260824.214.3
windows	Set up job	2026-08-28T05:27:01.1403310Z Included Software: https://github.com/actions/runner-images/blob/win25-vs2026/20260824.214/images/windows/Windows2025-VS2026-Readme.md
windows	Set up job	2026-08-28T05:27:01.1405265Z Image Release: https://github.com/actions/runner-images/releases/tag/win25-vs2026%2F20260824.214
windows	Set up job	2026-08-28T05:27:01.1406206Z ##[endgroup]
windows	Set up job	2026-08-28T05:27:01.1407176Z ##[group]GITHUB_TOKEN Permissions
windows	Set up job	2026-08-28T05:27:01.1409173Z Metadata: read
windows	Set up job	2026-08-28T05:27:01.1409756Z ##[endgroup]
windows	Set up job	2026-08-28T05:27:01.1411943Z Secret source: Actions
windows	Set up job	2026-08-28T05:27:01.1413579Z Prepare workflow directory
windows	Set up job	2026-08-28T05:27:01.2254474Z Prepare all required actions
windows	Set up job	2026-08-28T05:27:01.2302615Z Getting action download info
windows	Set up job	2026-08-28T05:27:01.5106468Z Download action repository 'actions/upload-artifact@ea165f8d65b6e75b540449e92b4886f43607fa02' (SHA:ea165f8d65b6e75b540449e92b4886f43607fa02)
windows	Set up job	2026-08-28T05:27:02.0259917Z Complete job name: windows
windows	Fetch this exact public task snapshot	﻿2026-08-28T05:27:02.5707099Z ##[group]Run git init .
windows	Fetch this exact public task snapshot	2026-08-28T05:27:02.5707900Z [36;1mgit init .[0m
windows	Fetch this exact public task snapshot	2026-08-28T05:27:02.5708499Z [36;1mif ($LASTEXITCODE) { throw 'git init failed' }[0m
windows	Fetch this exact public task snapshot	2026-08-28T05:27:02.5709431Z [36;1mgit remote add origin https://github.com/ishk-sftckz/exspecso.git[0m
windows	Fetch this exact public task snapshot	2026-08-28T05:27:02.5710298Z [36;1mgit fetch --depth=1 origin $env:GITHUB_SHA[0m
windows	Fetch this exact public task snapshot	2026-08-28T05:27:02.5711045Z [36;1mif ($LASTEXITCODE) { throw 'git fetch failed' }[0m
windows	Fetch this exact public task snapshot	2026-08-28T05:27:02.5711730Z [36;1mgit config core.autocrlf false[0m
windows	Fetch this exact public task snapshot	2026-08-28T05:27:02.5712335Z [36;1mgit checkout --detach FETCH_HEAD[0m
windows	Fetch this exact public task snapshot	2026-08-28T05:27:02.5713025Z [36;1mif ($LASTEXITCODE) { throw 'git checkout failed' }[0m
windows	Fetch this exact public task snapshot	2026-08-28T05:27:02.7741008Z shell: C:\Program Files\PowerShell\7\pwsh.EXE -command ". '{0}'"
windows	Fetch this exact public task snapshot	2026-08-28T05:27:02.7742294Z ##[endgroup]
windows	Fetch this exact public task snapshot	2026-08-28T05:27:03.5925344Z Initialized empty Git repository in D:/a/exspecso/exspecso/.git/
windows	Fetch this exact public task snapshot	2026-08-28T05:27:05.1762108Z From https://github.com/ishk-sftckz/exspecso
windows	Fetch this exact public task snapshot	2026-08-28T05:27:05.1764393Z  * branch            8ec34a671091d340d351257cb2706cf20b9e2d63 -> FETCH_HEAD
windows	Fetch this exact public task snapshot	2026-08-28T05:27:05.3578392Z HEAD is now at 8ec34a6 test(01-10): preserve LF inputs and observe historical process exit
windows	Inspect the pinned native Windows SDK and toolchain	﻿2026-08-28T05:27:19.6126572Z ##[group]Run ./native/windows-preflight.ps1
windows	Inspect the pinned native Windows SDK and toolchain	2026-08-28T05:27:19.6127192Z [36;1m./native/windows-preflight.ps1[0m
windows	Inspect the pinned native Windows SDK and toolchain	2026-08-28T05:27:19.6237290Z shell: C:\Program Files\PowerShell\7\pwsh.EXE -command ". '{0}'"
windows	Inspect the pinned native Windows SDK and toolchain	2026-08-28T05:27:19.6237747Z ##[endgroup]
windows	Inspect the pinned native Windows SDK and toolchain	2026-08-28T05:27:23.0676038Z {
windows	Inspect the pinned native Windows SDK and toolchain	2026-08-28T05:27:23.0676570Z   "imageVersion": "20260824.214.3",
windows	Inspect the pinned native Windows SDK and toolchain	2026-08-28T05:27:23.0677300Z   "imageOS": "win25-vs2026",
windows	Inspect the pinned native Windows SDK and toolchain	2026-08-28T05:27:23.0677758Z   "architecture": "X64",
windows	Inspect the pinned native Windows SDK and toolchain	2026-08-28T05:27:23.0678263Z   "caption": "Microsoft Windows Server 2025 Datacenter",
windows	Inspect the pinned native Windows SDK and toolchain	2026-08-28T05:27:23.0678877Z   "version": "10.0.26100",
windows	Inspect the pinned native Windows SDK and toolchain	2026-08-28T05:27:23.0679259Z   "build": "26100",
windows	Inspect the pinned native Windows SDK and toolchain	2026-08-28T05:27:23.0679575Z   "ubr": 33296,
windows	Inspect the pinned native Windows SDK and toolchain	2026-08-28T05:27:23.0679915Z   "displayVersion": "24H2",
windows	Inspect the pinned native Windows SDK and toolchain	2026-08-28T05:27:23.0681358Z   "filesystem": "NTFS",
windows	Inspect the pinned native Windows SDK and toolchain	2026-08-28T05:27:23.0683375Z   "visualStudio": [
windows	Inspect the pinned native Windows SDK and toolchain	2026-08-28T05:27:23.0683784Z     {
windows	Inspect the pinned native Windows SDK and toolchain	2026-08-28T05:27:23.0684106Z       "installationVersion": "18.9.12112.369",
windows	Inspect the pinned native Windows SDK and toolchain	2026-08-28T05:27:23.0687037Z       "installationPath": "C:\\Program Files\\Microsoft Visual Studio\\18\\Enterprise"
windows	Inspect the pinned native Windows SDK and toolchain	2026-08-28T05:27:23.0687505Z     }
windows	Inspect the pinned native Windows SDK and toolchain	2026-08-28T05:27:23.0687667Z   ],
windows	Inspect the pinned native Windows SDK and toolchain	2026-08-28T05:27:23.0687834Z   "sdkVersion": "10.0.26100.0",
windows	Inspect the pinned native Windows SDK and toolchain	2026-08-28T05:27:23.0688065Z   "msvcVersion": "14.44.35207"
windows	Inspect the pinned native Windows SDK and toolchain	2026-08-28T05:27:23.0688268Z }
windows	Inspect the pinned native Windows SDK and toolchain	2026-08-28T05:27:23.5291311Z --- um/winternl.h line 213 ---
windows	Inspect the pinned native Windows SDK and toolchain	2026-08-28T05:27:23.5292244Z 
windows	Inspect the pinned native Windows SDK and toolchain	2026-08-28T05:27:23.5293354Z typedef struct _OBJECT_ATTRIBUTES {
windows	Inspect the pinned native Windows SDK and toolchain	2026-08-28T05:27:23.5295781Z     ULONG Length;
windows	Inspect the pinned native Windows SDK and toolchain	2026-08-28T05:27:23.5298923Z     HANDLE RootDirectory;
windows	Inspect the pinned native Windows SDK and toolchain	2026-08-28T05:27:23.5301428Z     PUNICODE_STRING ObjectName;
windows	Inspect the pinned native Windows SDK and toolchain	2026-08-28T05:27:23.5303415Z     ULONG Attributes;
windows	Inspect the pinned native Windows SDK and toolchain	2026-08-28T05:27:23.5305695Z     PVOID SecurityDescriptor;
windows	Inspect the pinned native Windows SDK and toolchain	2026-08-28T05:27:23.5307640Z     PVOID SecurityQualityOfService;
windows	Inspect the pinned native Windows SDK and toolchain	2026-08-28T05:27:23.5309696Z } OBJECT_ATTRIBUTES;
windows	Inspect the pinned native Windows SDK and toolchain	2026-08-28T05:27:23.5311890Z typedef OBJECT_ATTRIBUTES *POBJECT_ATTRIBUTES;
windows	Inspect the pinned native Windows SDK and toolchain	2026-08-28T05:27:23.5313578Z 
windows	Inspect the pinned native Windows SDK and toolchain	2026-08-28T05:27:23.5316350Z typedef struct _IO_STATUS_BLOCK {
windows	Inspect the pinned native Windows SDK and toolchain	2026-08-28T05:27:23.5317949Z #pragma warning(push)
windows	Inspect the pinned native Windows SDK and toolchain	2026-08-28T05:27:23.5320401Z #pragma warning(disable: 4201) // we'll always use the Microsoft compiler
windows	Inspect the pinned native Windows SDK and toolchain	2026-08-28T05:27:23.5322410Z     union {
windows	Inspect the pinned native Windows SDK and toolchain	2026-08-28T05:27:23.5324305Z         NTSTATUS Status;
windows	Inspect the pinned native Windows SDK and toolchain	2026-08-28T05:27:23.5326189Z         PVOID Pointer;
windows	Inspect the pinned native Windows SDK and toolchain	2026-08-28T05:27:23.5328110Z     } DUMMYUNIONNAME;
windows	Inspect the pinned native Windows SDK and toolchain	2026-08-28T05:27:23.5330454Z #pragma warning(pop)
windows	Inspect the pinned native Windows SDK and toolchain	2026-08-28T05:27:23.5332212Z 
windows	Inspect the pinned native Windows SDK and toolchain	2026-08-28T05:27:23.5334183Z     ULONG_PTR Information;
windows	Inspect the pinned native Windows SDK and toolchain	2026-08-28T05:27:23.5336125Z } IO_STATUS_BLOCK, *PIO_STATUS_BLOCK;
windows	Inspect the pinned native Windows SDK and toolchain	2026-08-28T05:27:23.5338159Z 
windows	Inspect the pinned native Windows SDK and toolchain	2026-08-28T05:27:23.5340273Z typedef
windows	Inspect the pinned native Windows SDK and toolchain	2026-08-28T05:27:23.5342155Z VOID
windows	Inspect the pinned native Windows SDK and toolchain	2026-08-28T05:27:23.5344268Z (NTAPI *PIO_APC_ROUTINE) (
windows	Inspect the pinned native Windows SDK and toolchain	2026-08-28T05:27:23.5346339Z     IN PVOID ApcContext,
windows	Inspect the pinned native Windows SDK and toolchain	2026-08-28T05:27:23.5348714Z     IN PIO_STATUS_BLOCK IoStatusBlock,
windows	Inspect the pinned native Windows SDK and toolchain	2026-08-28T05:27:23.5350867Z     IN ULONG Reserved
windows	Inspect the pinned native Windows SDK and toolchain	2026-08-28T05:27:23.5352872Z     );
windows	Inspect the pinned native Windows SDK and toolchain	2026-08-28T05:27:23.5355032Z 
windows	Inspect the pinned native Windows SDK and toolchain	2026-08-28T05:27:23.5356970Z --- um/winternl.h line 475 ---
windows	Inspect the pinned native Windows SDK and toolchain	2026-08-28T05:27:23.5359184Z NTAPI
windows	Inspect the pinned native Windows SDK and toolchain	2026-08-28T05:27:23.5361100Z NtCreateFile (
windows	Inspect the pinned native Windows SDK and toolchain	2026-08-28T05:27:23.5363084Z     OUT PHANDLE FileHandle,
windows	Inspect the pinned native Windows SDK and toolchain	2026-08-28T05:27:23.5365029Z     IN ACCESS_MASK DesiredAccess,
windows	Inspect the pinned native Windows SDK and toolchain	2026-08-28T05:27:23.5367305Z     IN POBJECT_ATTRIBUTES ObjectAttributes,
windows	Inspect the pinned native Windows SDK and toolchain	2026-08-28T05:27:23.5369260Z     OUT PIO_STATUS_BLOCK IoStatusBlock,
windows	Inspect the pinned native Windows SDK and toolchain	2026-08-28T05:27:23.5371150Z     IN PLARGE_INTEGER AllocationSize OPTIONAL,
windows	Inspect the pinned native Windows SDK and toolchain	2026-08-28T05:27:23.5373439Z     IN ULONG FileAttributes,
windows	Inspect the pinned native Windows SDK and toolchain	2026-08-28T05:27:23.5375295Z     IN ULONG ShareAccess,
windows	Inspect the pinned native Windows SDK and toolchain	2026-08-28T05:27:23.5377161Z     IN ULONG CreateDisposition,
windows	Inspect the pinned native Windows SDK and toolchain	2026-08-28T05:27:23.5379484Z     IN ULONG CreateOptions,
windows	Inspect the pinned native Windows SDK and toolchain	2026-08-28T05:27:23.5381311Z     IN PVOID EaBuffer OPTIONAL,
windows	Inspect the pinned native Windows SDK and toolchain	2026-08-28T05:27:23.5383186Z     IN ULONG EaLength
windows	Inspect the pinned native Windows SDK and toolchain	2026-08-28T05:27:23.5385098Z     );
windows	Inspect the pinned native Windows SDK and toolchain	2026-08-28T05:27:23.5386749Z 
windows	Inspect the pinned native Windows SDK and toolchain	2026-08-28T05:27:23.5388673Z //
windows	Inspect the pinned native Windows SDK and toolchain	2026-08-28T05:27:23.5390603Z // use the Win32 API instead
windows	Inspect the pinned native Windows SDK and toolchain	2026-08-28T05:27:23.5392474Z //     CreateFile
windows	Inspect the pinned native Windows SDK and toolchain	2026-08-28T05:27:23.5394398Z //
windows	Inspect the pinned native Windows SDK and toolchain	2026-08-28T05:27:23.5398456Z __kernel_entry NTSTATUS
windows	Inspect the pinned native Windows SDK and toolchain	2026-08-28T05:27:23.5398958Z NTAPI
windows	Inspect the pinned native Windows SDK and toolchain	2026-08-28T05:27:23.5400782Z NtOpenFile (
windows	Inspect the pinned native Windows SDK and toolchain	2026-08-28T05:27:23.5402694Z     OUT PHANDLE FileHandle,
windows	Inspect the pinned native Windows SDK and toolchain	2026-08-28T05:27:23.5404794Z     IN ACCESS_MASK DesiredAccess,
windows	Inspect the pinned native Windows SDK and toolchain	2026-08-28T05:27:23.5406738Z     IN POBJECT_ATTRIBUTES ObjectAttributes,
windows	Inspect the pinned native Windows SDK and toolchain	2026-08-28T05:27:23.5408698Z     OUT PIO_STATUS_BLOCK IoStatusBlock,
windows	Inspect the pinned native Windows SDK and toolchain	2026-08-28T05:27:23.5410663Z     IN ULONG ShareAccess,
windows	Inspect the pinned native Windows SDK and toolchain	2026-08-28T05:27:23.5412483Z     IN ULONG OpenOptions
windows	Inspect the pinned native Windows SDK and toolchain	2026-08-28T05:27:23.5414404Z     );
windows	Inspect the pinned native Windows SDK and toolchain	2026-08-28T05:27:23.5416212Z 
windows	Inspect the pinned native Windows SDK and toolchain	2026-08-28T05:27:23.5418191Z //
windows	Inspect the pinned native Windows SDK and toolchain	2026-08-28T05:27:23.5420072Z --- um/winternl.h line 992 ---
windows	Inspect the pinned native Windows SDK and toolchain	2026-08-28T05:27:23.5421958Z #define FILE_CREATE                     0x00000002
windows	Inspect the pinned native Windows SDK and toolchain	2026-08-28T05:27:23.5423778Z #define FILE_OPEN_IF                    0x00000003
windows	Inspect the pinned native Windows SDK and toolchain	2026-08-28T05:27:23.5425644Z #define FILE_OVERWRITE                  0x00000004
windows	Inspect the pinned native Windows SDK and toolchain	2026-08-28T05:27:23.5427535Z #define FILE_OVERWRITE_IF               0x00000005
windows	Inspect the pinned native Windows SDK and toolchain	2026-08-28T05:27:23.5429479Z #define FILE_MAXIMUM_DISPOSITION        0x00000005
windows	Inspect the pinned native Windows SDK and toolchain	2026-08-28T05:27:23.5431083Z 
windows	Inspect the pinned native Windows SDK and toolchain	2026-08-28T05:27:23.5432916Z //
windows	Inspect the pinned native Windows SDK and toolchain	2026-08-28T05:27:23.5434838Z // Define the create/open option flags
windows	Inspect the pinned native Windows SDK and toolchain	2026-08-28T05:27:23.5436868Z //
windows	Inspect the pinned native Windows SDK and toolchain	2026-08-28T05:27:23.5438549Z 
windows	Inspect the pinned native Windows SDK and toolchain	2026-08-28T05:27:23.5440396Z #define FILE_DIRECTORY_FILE                     0x00000001
windows	Inspect the pinned native Windows SDK and toolchain	2026-08-28T05:27:23.5442148Z #define FILE_WRITE_THROUGH                      0x00000002
windows	Inspect the pinned native Windows SDK and toolchain	2026-08-28T05:27:23.5444055Z #define FILE_SEQUENTIAL_ONLY                    0x00000004
windows	Inspect the pinned native Windows SDK and toolchain	2026-08-28T05:27:23.5445890Z #define FILE_NO_INTERMEDIATE_BUFFERING          0x00000008
windows	Inspect the pinned native Windows SDK and toolchain	2026-08-28T05:27:23.5447393Z 
windows	Inspect the pinned native Windows SDK and toolchain	2026-08-28T05:27:23.5449522Z #define FILE_SYNCHRONOUS_IO_ALERT               0x00000010
windows	Inspect the pinned native Windows SDK and toolchain	2026-08-28T05:27:23.5451282Z #define FILE_SYNCHRONOUS_IO_NONALERT            0x00000020
windows	Inspect the pinned native Windows SDK and toolchain	2026-08-28T05:27:23.5453159Z #define FILE_NON_DIRECTORY_FILE                 0x00000040
windows	Inspect the pinned native Windows SDK and toolchain	2026-08-28T05:27:23.5454966Z #define FILE_CREATE_TREE_CONNECTION             0x00000080
windows	Inspect the pinned native Windows SDK and toolchain	2026-08-28T05:27:23.5456786Z 
windows	Inspect the pinned native Windows SDK and toolchain	2026-08-28T05:27:23.5459091Z #define FILE_COMPLETE_IF_OPLOCKED               0x00000100
windows	Inspect the pinned native Windows SDK and toolchain	2026-08-28T05:27:23.5460758Z #define FILE_NO_EA_KNOWLEDGE                    0x00000200
windows	Inspect the pinned native Windows SDK and toolchain	2026-08-28T05:27:23.5462706Z #define FILE_OPEN_REMOTE_INSTANCE               0x00000400
windows	Inspect the pinned native Windows SDK and toolchain	2026-08-28T05:27:23.5464483Z #define FILE_RANDOM_ACCESS                      0x00000800
windows	Inspect the pinned native Windows SDK and toolchain	2026-08-28T05:27:23.5466039Z 
windows	Inspect the pinned native Windows SDK and toolchain	2026-08-28T05:27:23.5468093Z #define FILE_DELETE_ON_CLOSE                    0x00001000
windows	Inspect the pinned native Windows SDK and toolchain	2026-08-28T05:27:23.5469733Z #define FILE_OPEN_BY_FILE_ID                    0x00002000
windows	Inspect the pinned native Windows SDK and toolchain	2026-08-28T05:27:23.5471620Z #define FILE_OPEN_FOR_BACKUP_INTENT             0x00004000
windows	Inspect the pinned native Windows SDK and toolchain	2026-08-28T05:27:23.5473544Z #define FILE_NO_COMPRESSION                     0x00008000
windows	Inspect the pinned native Windows SDK and toolchain	2026-08-28T05:27:23.5475006Z 
windows	Inspect the pinned native Windows SDK and toolchain	2026-08-28T05:27:23.5477089Z #if (_WIN32_WINNT >= _WIN32_WINNT_WIN7)
windows	Inspect the pinned native Windows SDK and toolchain	2026-08-28T05:27:23.5478984Z --- um/winternl.h line 1007 ---
windows	Inspect the pinned native Windows SDK and toolchain	2026-08-28T05:27:23.5480916Z #define FILE_SYNCHRONOUS_IO_ALERT               0x00000010
windows	Inspect the pinned native Windows SDK and toolchain	2026-08-28T05:27:23.5482931Z #define FILE_SYNCHRONOUS_IO_NONALERT            0x00000020
windows	Inspect the pinned native Windows SDK and toolchain	2026-08-28T05:27:23.5484633Z #define FILE_NON_DIRECTORY_FILE                 0x00000040
windows	Inspect the pinned native Windows SDK and toolchain	2026-08-28T05:27:23.5486554Z #define FILE_CREATE_TREE_CONNECTION             0x00000080
windows	Inspect the pinned native Windows SDK and toolchain	2026-08-28T05:27:23.5488036Z 
windows	Inspect the pinned native Windows SDK and toolchain	2026-08-28T05:27:23.5490008Z #define FILE_COMPLETE_IF_OPLOCKED               0x00000100
windows	Inspect the pinned native Windows SDK and toolchain	2026-08-28T05:27:23.5491743Z #define FILE_NO_EA_KNOWLEDGE                    0x00000200
windows	Inspect the pinned native Windows SDK and toolchain	2026-08-28T05:27:23.5493466Z #define FILE_OPEN_REMOTE_INSTANCE               0x00000400
windows	Inspect the pinned native Windows SDK and toolchain	2026-08-28T05:27:23.5495385Z #define FILE_RANDOM_ACCESS                      0x00000800
windows	Inspect the pinned native Windows SDK and toolchain	2026-08-28T05:27:23.5497342Z 
windows	Inspect the pinned native Windows SDK and toolchain	2026-08-28T05:27:23.5499204Z #define FILE_DELETE_ON_CLOSE                    0x00001000
windows	Inspect the pinned native Windows SDK and toolchain	2026-08-28T05:27:23.5501000Z #define FILE_OPEN_BY_FILE_ID                    0x00002000
windows	Inspect the pinned native Windows SDK and toolchain	2026-08-28T05:27:23.5502579Z #define FILE_OPEN_FOR_BACKUP_INTENT             0x00004000
windows	Inspect the pinned native Windows SDK and toolchain	2026-08-28T05:27:23.5504682Z #define FILE_NO_COMPRESSION                     0x00008000
windows	Inspect the pinned native Windows SDK and toolchain	2026-08-28T05:27:23.5506100Z 
windows	Inspect the pinned native Windows SDK and toolchain	2026-08-28T05:27:23.5508209Z #if (_WIN32_WINNT >= _WIN32_WINNT_WIN7)
windows	Inspect the pinned native Windows SDK and toolchain	2026-08-28T05:27:23.5510155Z #define FILE_OPEN_REQUIRING_OPLOCK              0x00010000
windows	Inspect the pinned native Windows SDK and toolchain	2026-08-28T05:27:23.5511990Z #endif
windows	Inspect the pinned native Windows SDK and toolchain	2026-08-28T05:27:23.5513598Z 
windows	Inspect the pinned native Windows SDK and toolchain	2026-08-28T05:27:23.5515648Z #define FILE_RESERVE_OPFILTER                   0x00100000
windows	Inspect the pinned native Windows SDK and toolchain	2026-08-28T05:27:23.5517714Z #define FILE_OPEN_REPARSE_POINT                 0x00200000
windows	Inspect the pinned native Windows SDK and toolchain	2026-08-28T05:27:23.5519655Z #define FILE_OPEN_NO_RECALL                     0x00400000
windows	Inspect the pinned native Windows SDK and toolchain	2026-08-28T05:27:23.5521786Z #define FILE_OPEN_FOR_FREE_SPACE_QUERY          0x00800000
windows	Inspect the pinned native Windows SDK and toolchain	2026-08-28T05:27:23.5522922Z 
windows	Inspect the pinned native Windows SDK and toolchain	2026-08-28T05:27:23.5525064Z #define FILE_VALID_OPTION_FLAGS                 0x00ffffff
windows	Inspect the pinned native Windows SDK and toolchain	2026-08-28T05:27:23.5526940Z #define FILE_VALID_PIPE_OPTION_FLAGS            0x00000032
windows	Inspect the pinned native Windows SDK and toolchain	2026-08-28T05:27:23.5528879Z #define FILE_VALID_MAILSLOT_OPTION_FLAGS        0x00000032
windows	Inspect the pinned native Windows SDK and toolchain	2026-08-28T05:27:23.5530797Z #define FILE_VALID_SET_FLAGS                    0x00000036
windows	Inspect the pinned native Windows SDK and toolchain	2026-08-28T05:27:23.5532328Z 
windows	Inspect the pinned native Windows SDK and toolchain	2026-08-28T05:27:23.5534077Z //
windows	Inspect the pinned native Windows SDK and toolchain	2026-08-28T05:27:23.5536484Z // Define the I/O status information return values for NtCreateFile/NtOpenFile
windows	Inspect the pinned native Windows SDK and toolchain	2026-08-28T05:27:23.5538199Z --- um/winternl.h line 1026 ---
windows	Inspect the pinned native Windows SDK and toolchain	2026-08-28T05:27:23.5540113Z #define FILE_RESERVE_OPFILTER                   0x00100000
windows	Inspect the pinned native Windows SDK and toolchain	2026-08-28T05:27:23.5542009Z #define FILE_OPEN_REPARSE_POINT                 0x00200000
windows	Inspect the pinned native Windows SDK and toolchain	2026-08-28T05:27:23.5543774Z #define FILE_OPEN_NO_RECALL                     0x00400000
windows	Inspect the pinned native Windows SDK and toolchain	2026-08-28T05:27:23.5545498Z #define FILE_OPEN_FOR_FREE_SPACE_QUERY          0x00800000
windows	Inspect the pinned native Windows SDK and toolchain	2026-08-28T05:27:23.5546889Z 
windows	Inspect the pinned native Windows SDK and toolchain	2026-08-28T05:27:23.5548842Z #define FILE_VALID_OPTION_FLAGS                 0x00ffffff
windows	Inspect the pinned native Windows SDK and toolchain	2026-08-28T05:27:23.5550596Z #define FILE_VALID_PIPE_OPTION_FLAGS            0x00000032
windows	Inspect the pinned native Windows SDK and toolchain	2026-08-28T05:27:23.5552343Z #define FILE_VALID_MAILSLOT_OPTION_FLAGS        0x00000032
windows	Inspect the pinned native Windows SDK and toolchain	2026-08-28T05:27:23.5554835Z #define FILE_VALID_SET_FLAGS                    0x00000036
windows	Inspect the pinned native Windows SDK and toolchain	2026-08-28T05:27:23.5556270Z 
windows	Inspect the pinned native Windows SDK and toolchain	2026-08-28T05:27:23.5558036Z //
windows	Inspect the pinned native Windows SDK and toolchain	2026-08-28T05:27:23.5559979Z // Define the I/O status information return values for NtCreateFile/NtOpenFile
windows	Inspect the pinned native Windows SDK and toolchain	2026-08-28T05:27:23.5561353Z //
windows	Inspect the pinned native Windows SDK and toolchain	2026-08-28T05:27:23.5562838Z 
windows	Inspect the pinned native Windows SDK and toolchain	2026-08-28T05:27:23.5564466Z #define FILE_SUPERSEDED                 0x00000000
windows	Inspect the pinned native Windows SDK and toolchain	2026-08-28T05:27:23.5566104Z #define FILE_OPENED                     0x00000001
windows	Inspect the pinned native Windows SDK and toolchain	2026-08-28T05:27:23.5567746Z #define FILE_CREATED                    0x00000002
windows	Inspect the pinned native Windows SDK and toolchain	2026-08-28T05:27:23.5569420Z #define FILE_OVERWRITTEN                0x00000003
windows	Inspect the pinned native Windows SDK and toolchain	2026-08-28T05:27:23.5571229Z #define FILE_EXISTS                     0x00000004
windows	Inspect the pinned native Windows SDK and toolchain	2026-08-28T05:27:23.5572913Z #define FILE_DOES_NOT_EXIST             0x00000005
windows	Inspect the pinned native Windows SDK and toolchain	2026-08-28T05:27:23.5574321Z 
windows	Inspect the pinned native Windows SDK and toolchain	2026-08-28T05:27:23.5576284Z #ifndef __os_arm64x_get_x64_information
windows	Inspect the pinned native Windows SDK and toolchain	2026-08-28T05:27:23.5577974Z #define __os_arm64x_get_x64_information __os_arm64x_rdtsc
windows	Inspect the pinned native Windows SDK and toolchain	2026-08-28T05:27:23.5579553Z #endif
windows	Inspect the pinned native Windows SDK and toolchain	2026-08-28T05:27:23.5581311Z #ifndef __os_arm64x_set_x64_information
windows	Inspect the pinned native Windows SDK and toolchain	2026-08-28T05:27:23.5582957Z #define __os_arm64x_set_x64_information __os_arm64x_cpuidex
windows	Inspect the pinned native Windows SDK and toolchain	2026-08-28T05:27:23.5584596Z #endif
windows	Inspect the pinned native Windows SDK and toolchain	2026-08-28T05:27:23.5586043Z 
windows	Inspect the pinned native Windows SDK and toolchain	2026-08-28T05:27:23.5587636Z #ifdef __cplusplus
windows	Inspect the pinned native Windows SDK and toolchain	2026-08-28T05:27:23.5589249Z }
windows	Inspect the pinned native Windows SDK and toolchain	2026-08-28T05:27:23.5590879Z #endif
windows	Inspect the pinned native Windows SDK and toolchain	2026-08-28T05:27:23.5592457Z --- um/winternl.h line 1036 ---
windows	Inspect the pinned native Windows SDK and toolchain	2026-08-28T05:27:23.5594417Z //
windows	Inspect the pinned native Windows SDK and toolchain	2026-08-28T05:27:23.5596319Z // Define the I/O status information return values for NtCreateFile/NtOpenFile
windows	Inspect the pinned native Windows SDK and toolchain	2026-08-28T05:27:23.5598116Z //
windows	Inspect the pinned native Windows SDK and toolchain	2026-08-28T05:27:23.5599653Z 
windows	Inspect the pinned native Windows SDK and toolchain	2026-08-28T05:27:23.5601348Z #define FILE_SUPERSEDED                 0x00000000
windows	Inspect the pinned native Windows SDK and toolchain	2026-08-28T05:27:23.5603042Z #define FILE_OPENED                     0x00000001
windows	Inspect the pinned native Windows SDK and toolchain	2026-08-28T05:27:23.5604652Z #define FILE_CREATED                    0x00000002
windows	Inspect the pinned native Windows SDK and toolchain	2026-08-28T05:27:23.5606316Z #define FILE_OVERWRITTEN                0x00000003
windows	Inspect the pinned native Windows SDK and toolchain	2026-08-28T05:27:23.5607960Z #define FILE_EXISTS                     0x00000004
windows	Inspect the pinned native Windows SDK and toolchain	2026-08-28T05:27:23.5609599Z #define FILE_DOES_NOT_EXIST             0x00000005
windows	Inspect the pinned native Windows SDK and toolchain	2026-08-28T05:27:23.5611000Z 
windows	Inspect the pinned native Windows SDK and toolchain	2026-08-28T05:27:23.5612567Z #ifndef __os_arm64x_get_x64_information
windows	Inspect the pinned native Windows SDK and toolchain	2026-08-28T05:27:23.5614482Z #define __os_arm64x_get_x64_information __os_arm64x_rdtsc
windows	Inspect the pinned native Windows SDK and toolchain	2026-08-28T05:27:23.5616054Z #endif
windows	Inspect the pinned native Windows SDK and toolchain	2026-08-28T05:27:23.5617694Z #ifndef __os_arm64x_set_x64_information
windows	Inspect the pinned native Windows SDK and toolchain	2026-08-28T05:27:23.5619484Z #define __os_arm64x_set_x64_information __os_arm64x_cpuidex
windows	Inspect the pinned native Windows SDK and toolchain	2026-08-28T05:27:23.5621058Z #endif
windows	Inspect the pinned native Windows SDK and toolchain	2026-08-28T05:27:23.5622536Z 
windows	Inspect the pinned native Windows SDK and toolchain	2026-08-28T05:27:23.5624137Z #ifdef __cplusplus
windows	Inspect the pinned native Windows SDK and toolchain	2026-08-28T05:27:23.5625692Z }
windows	Inspect the pinned native Windows SDK and toolchain	2026-08-28T05:27:23.5627322Z #endif
windows	Inspect the pinned native Windows SDK and toolchain	2026-08-28T05:27:23.5628821Z 
windows	Inspect the pinned native Windows SDK and toolchain	2026-08-28T05:27:23.5630381Z #endif // (_WIN32_WINNT >= 0x0500)
windows	Inspect the pinned native Windows SDK and toolchain	2026-08-28T05:27:23.5631752Z 
windows	Inspect the pinned native Windows SDK and toolchain	2026-08-28T05:27:23.5633095Z 
windows	Inspect the pinned native Windows SDK and toolchain	2026-08-28T05:27:23.5635044Z #endif /* WINAPI_FAMILY_PARTITION(WINAPI_PARTITION_DESKTOP | WINAPI_PARTITION_SYSTEM) */
windows	Inspect the pinned native Windows SDK and toolchain	2026-08-28T05:27:23.5636629Z #pragma endregion
windows	Inspect the pinned native Windows SDK and toolchain	2026-08-28T05:27:23.5638010Z 
windows	Inspect the pinned native Windows SDK and toolchain	2026-08-28T05:27:23.5639741Z #endif // _WINTERNL_
windows	Inspect the pinned native Windows SDK and toolchain	2026-08-28T05:27:23.5641372Z --- um/WinBase.h line 9104 ---
windows	Inspect the pinned native Windows SDK and toolchain	2026-08-28T05:27:23.5643372Z #if (_WIN32_WINNT >= _WIN32_WINNT_WIN10_RS1)
windows	Inspect the pinned native Windows SDK and toolchain	2026-08-28T05:27:23.5645142Z #define FILE_RENAME_FLAG_REPLACE_IF_EXISTS                  0x00000001
windows	Inspect the pinned native Windows SDK and toolchain	2026-08-28T05:27:23.5646670Z #define FILE_RENAME_FLAG_POSIX_SEMANTICS                    0x00000002
windows	Inspect the pinned native Windows SDK and toolchain	2026-08-28T05:27:23.5648138Z #endif
windows	Inspect the pinned native Windows SDK and toolchain	2026-08-28T05:27:23.5649576Z 
windows	Inspect the pinned native Windows SDK and toolchain	2026-08-28T05:27:23.5651274Z #if (_WIN32_WINNT >= _WIN32_WINNT_WIN10_RS3)
windows	Inspect the pinned native Windows SDK and toolchain	2026-08-28T05:27:23.5652955Z #define FILE_RENAME_FLAG_SUPPRESS_PIN_STATE_INHERITANCE     0x00000004
windows	Inspect the pinned native Windows SDK and toolchain	2026-08-28T05:27:23.5654561Z #endif
windows	Inspect the pinned native Windows SDK and toolchain	2026-08-28T05:27:23.5656236Z 
windows	Inspect the pinned native Windows SDK and toolchain	2026-08-28T05:27:23.5657777Z typedef struct _FILE_RENAME_INFO {
windows	Inspect the pinned native Windows SDK and toolchain	2026-08-28T05:27:23.5659381Z #if (_WIN32_WINNT >= _WIN32_WINNT_WIN10_RS1)
windows	Inspect the pinned native Windows SDK and toolchain	2026-08-28T05:27:23.5661079Z     union {
windows	Inspect the pinned native Windows SDK and toolchain	2026-08-28T05:27:23.5662728Z         BOOLEAN ReplaceIfExists;  // FileRenameInfo
windows	Inspect the pinned native Windows SDK and toolchain	2026-08-28T05:27:23.5664386Z         DWORD Flags;              // FileRenameInfoEx
windows	Inspect the pinned native Windows SDK and toolchain	2026-08-28T05:27:23.5666000Z     } DUMMYUNIONNAME;
windows	Inspect the pinned native Windows SDK and toolchain	2026-08-28T05:27:23.5667579Z #else
windows	Inspect the pinned native Windows SDK and toolchain	2026-08-28T05:27:23.5669288Z     BOOLEAN ReplaceIfExists;
windows	Inspect the pinned native Windows SDK and toolchain	2026-08-28T05:27:23.5670899Z #endif
windows	Inspect the pinned native Windows SDK and toolchain	2026-08-28T05:27:23.5672545Z     HANDLE RootDirectory;
windows	Inspect the pinned native Windows SDK and toolchain	2026-08-28T05:27:23.5674205Z     DWORD FileNameLength;
windows	Inspect the pinned native Windows SDK and toolchain	2026-08-28T05:27:23.5675828Z     WCHAR FileName[1];
windows	Inspect the pinned native Windows SDK and toolchain	2026-08-28T05:27:23.5677416Z } FILE_RENAME_INFO, *PFILE_RENAME_INFO;
windows	Inspect the pinned native Windows SDK and toolchain	2026-08-28T05:27:23.5678781Z 
windows	Inspect the pinned native Windows SDK and toolchain	2026-08-28T05:27:23.5680483Z typedef struct _FILE_ALLOCATION_INFO {
windows	Inspect the pinned native Windows SDK and toolchain	2026-08-28T05:27:23.5682263Z     LARGE_INTEGER AllocationSize;
windows	Inspect the pinned native Windows SDK and toolchain	2026-08-28T05:27:23.5683903Z } FILE_ALLOCATION_INFO, *PFILE_ALLOCATION_INFO;
windows	Inspect the pinned native Windows SDK and toolchain	2026-08-28T05:27:23.5685431Z 
windows	Inspect the pinned native Windows SDK and toolchain	2026-08-28T05:27:23.5687083Z typedef struct _FILE_END_OF_FILE_INFO {
windows	Inspect the pinned native Windows SDK and toolchain	2026-08-28T05:27:23.5688664Z     LARGE_INTEGER EndOfFile;
windows	Inspect the pinned native Windows SDK and toolchain	2026-08-28T05:27:23.5690444Z } FILE_END_OF_FILE_INFO, *PFILE_END_OF_FILE_INFO;
windows	Inspect the pinned native Windows SDK and toolchain	2026-08-28T05:27:23.5691902Z 
windows	Inspect the pinned native Windows SDK and toolchain	2026-08-28T05:27:23.5693466Z --- um/WinBase.h line 9105 ---
windows	Inspect the pinned native Windows SDK and toolchain	2026-08-28T05:27:23.5695719Z #define FILE_RENAME_FLAG_REPLACE_IF_EXISTS                  0x00000001
windows	Inspect the pinned native Windows SDK and toolchain	2026-08-28T05:27:23.5697088Z #define FILE_RENAME_FLAG_POSIX_SEMANTICS                    0x00000002
windows	Inspect the pinned native Windows SDK and toolchain	2026-08-28T05:27:23.5698684Z #endif
windows	Inspect the pinned native Windows SDK and toolchain	2026-08-28T05:27:23.5700222Z 
windows	Inspect the pinned native Windows SDK and toolchain	2026-08-28T05:27:23.5701773Z #if (_WIN32_WINNT >= _WIN32_WINNT_WIN10_RS3)
windows	Inspect the pinned native Windows SDK and toolchain	2026-08-28T05:27:23.5703473Z #define FILE_RENAME_FLAG_SUPPRESS_PIN_STATE_INHERITANCE     0x00000004
windows	Inspect the pinned native Windows SDK and toolchain	2026-08-28T05:27:23.5704878Z #endif
windows	Inspect the pinned native Windows SDK and toolchain	2026-08-28T05:27:23.5706211Z 
windows	Inspect the pinned native Windows SDK and toolchain	2026-08-28T05:27:23.5707767Z typedef struct _FILE_RENAME_INFO {
windows	Inspect the pinned native Windows SDK and toolchain	2026-08-28T05:27:23.5709347Z #if (_WIN32_WINNT >= _WIN32_WINNT_WIN10_RS1)
windows	Inspect the pinned native Windows SDK and toolchain	2026-08-28T05:27:23.5710985Z     union {
windows	Inspect the pinned native Windows SDK and toolchain	2026-08-28T05:27:23.5713381Z         BOOLEAN ReplaceIfExists;  // FileRenameInfo
windows	Inspect the pinned native Windows SDK and toolchain	2026-08-28T05:27:23.5715377Z         DWORD Flags;              // FileRenameInfoEx
windows	Inspect the pinned native Windows SDK and toolchain	2026-08-28T05:27:23.5717000Z     } DUMMYUNIONNAME;
windows	Inspect the pinned native Windows SDK and toolchain	2026-08-28T05:27:23.5718644Z #else
windows	Inspect the pinned native Windows SDK and toolchain	2026-08-28T05:27:23.5720309Z     BOOLEAN ReplaceIfExists;
windows	Inspect the pinned native Windows SDK and toolchain	2026-08-28T05:27:23.5721928Z #endif
windows	Inspect the pinned native Windows SDK and toolchain	2026-08-28T05:27:23.5810080Z     HANDLE RootDirectory;
windows	Inspect the pinned native Windows SDK and toolchain	2026-08-28T05:27:23.5812033Z     DWORD FileNameLength;
windows	Inspect the pinned native Windows SDK and toolchain	2026-08-28T05:27:23.5814151Z     WCHAR FileName[1];
windows	Inspect the pinned native Windows SDK and toolchain	2026-08-28T05:27:23.5816191Z } FILE_RENAME_INFO, *PFILE_RENAME_INFO;
windows	Inspect the pinned native Windows SDK and toolchain	2026-08-28T05:27:23.5817506Z 
windows	Inspect the pinned native Windows SDK and toolchain	2026-08-28T05:27:23.5819619Z typedef struct _FILE_ALLOCATION_INFO {
windows	Inspect the pinned native Windows SDK and toolchain	2026-08-28T05:27:23.5821406Z     LARGE_INTEGER AllocationSize;
windows	Inspect the pinned native Windows SDK and toolchain	2026-08-28T05:27:23.5822905Z } FILE_ALLOCATION_INFO, *PFILE_ALLOCATION_INFO;
windows	Inspect the pinned native Windows SDK and toolchain	2026-08-28T05:27:23.5824000Z 
windows	Inspect the pinned native Windows SDK and toolchain	2026-08-28T05:27:23.5825697Z typedef struct _FILE_END_OF_FILE_INFO {
windows	Inspect the pinned native Windows SDK and toolchain	2026-08-28T05:27:23.5827307Z     LARGE_INTEGER EndOfFile;
windows	Inspect the pinned native Windows SDK and toolchain	2026-08-28T05:27:23.5829010Z } FILE_END_OF_FILE_INFO, *PFILE_END_OF_FILE_INFO;
windows	Inspect the pinned native Windows SDK and toolchain	2026-08-28T05:27:23.5830397Z 
windows	Inspect the pinned native Windows SDK and toolchain	2026-08-28T05:27:23.5831989Z typedef struct _FILE_STREAM_INFO {
windows	Inspect the pinned native Windows SDK and toolchain	2026-08-28T05:27:23.5833610Z --- um/WinBase.h line 9109 ---
windows	Inspect the pinned native Windows SDK and toolchain	2026-08-28T05:27:23.5835323Z #if (_WIN32_WINNT >= _WIN32_WINNT_WIN10_RS3)
windows	Inspect the pinned native Windows SDK and toolchain	2026-08-28T05:27:23.5837074Z #define FILE_RENAME_FLAG_SUPPRESS_PIN_STATE_INHERITANCE     0x00000004
windows	Inspect the pinned native Windows SDK and toolchain	2026-08-28T05:27:23.5838464Z #endif
windows	Inspect the pinned native Windows SDK and toolchain	2026-08-28T05:27:23.5840156Z 
windows	Inspect the pinned native Windows SDK and toolchain	2026-08-28T05:27:23.5841650Z typedef struct _FILE_RENAME_INFO {
windows	Inspect the pinned native Windows SDK and toolchain	2026-08-28T05:27:23.5843185Z #if (_WIN32_WINNT >= _WIN32_WINNT_WIN10_RS1)
windows	Inspect the pinned native Windows SDK and toolchain	2026-08-28T05:27:23.5844811Z     union {
windows	Inspect the pinned native Windows SDK and toolchain	2026-08-28T05:27:23.5846848Z         BOOLEAN ReplaceIfExists;  // FileRenameInfo
windows	Inspect the pinned native Windows SDK and toolchain	2026-08-28T05:27:23.5848482Z         DWORD Flags;              // FileRenameInfoEx
windows	Inspect the pinned native Windows SDK and toolchain	2026-08-28T05:27:23.5850073Z     } DUMMYUNIONNAME;
windows	Inspect the pinned native Windows SDK and toolchain	2026-08-28T05:27:23.5851670Z #else
windows	Inspect the pinned native Windows SDK and toolchain	2026-08-28T05:27:23.5853315Z     BOOLEAN ReplaceIfExists;
windows	Inspect the pinned native Windows SDK and toolchain	2026-08-28T05:27:23.5855264Z #endif
windows	Inspect the pinned native Windows SDK and toolchain	2026-08-28T05:27:23.5856955Z     HANDLE RootDirectory;
windows	Inspect the pinned native Windows SDK and toolchain	2026-08-28T05:27:23.5858606Z     DWORD FileNameLength;
windows	Inspect the pinned native Windows SDK and toolchain	2026-08-28T05:27:23.5860222Z     WCHAR FileName[1];
windows	Inspect the pinned native Windows SDK and toolchain	2026-08-28T05:27:23.5861975Z } FILE_RENAME_INFO, *PFILE_RENAME_INFO;
windows	Inspect the pinned native Windows SDK and toolchain	2026-08-28T05:27:23.5863417Z 
windows	Inspect the pinned native Windows SDK and toolchain	2026-08-28T05:27:23.5865126Z typedef struct _FILE_ALLOCATION_INFO {
windows	Inspect the pinned native Windows SDK and toolchain	2026-08-28T05:27:23.5866727Z     LARGE_INTEGER AllocationSize;
windows	Inspect the pinned native Windows SDK and toolchain	2026-08-28T05:27:23.5868463Z } FILE_ALLOCATION_INFO, *PFILE_ALLOCATION_INFO;
windows	Inspect the pinned native Windows SDK and toolchain	2026-08-28T05:27:23.5870072Z 
windows	Inspect the pinned native Windows SDK and toolchain	2026-08-28T05:27:23.5872986Z typedef struct _FILE_END_OF_FILE_INFO {
windows	Inspect the pinned native Windows SDK and toolchain	2026-08-28T05:27:23.5873958Z     LARGE_INTEGER EndOfFile;
windows	Inspect the pinned native Windows SDK and toolchain	2026-08-28T05:27:23.5875812Z } FILE_END_OF_FILE_INFO, *PFILE_END_OF_FILE_INFO;
windows	Inspect the pinned native Windows SDK and toolchain	2026-08-28T05:27:23.5877120Z 
windows	Inspect the pinned native Windows SDK and toolchain	2026-08-28T05:27:23.5878737Z typedef struct _FILE_STREAM_INFO {
windows	Inspect the pinned native Windows SDK and toolchain	2026-08-28T05:27:23.5880280Z     DWORD NextEntryOffset;
windows	Inspect the pinned native Windows SDK and toolchain	2026-08-28T05:27:23.5881962Z     DWORD StreamNameLength;
windows	Inspect the pinned native Windows SDK and toolchain	2026-08-28T05:27:23.5883525Z     LARGE_INTEGER StreamSize;
windows	Inspect the pinned native Windows SDK and toolchain	2026-08-28T05:27:23.5885129Z     LARGE_INTEGER StreamAllocationSize;
windows	Inspect the pinned native Windows SDK and toolchain	2026-08-28T05:27:23.5886718Z --- um/WinBase.h line 9112 ---
windows	Inspect the pinned native Windows SDK and toolchain	2026-08-28T05:27:23.5888106Z 
windows	Inspect the pinned native Windows SDK and toolchain	2026-08-28T05:27:23.5889687Z typedef struct _FILE_RENAME_INFO {
windows	Inspect the pinned native Windows SDK and toolchain	2026-08-28T05:27:23.5891455Z #if (_WIN32_WINNT >= _WIN32_WINNT_WIN10_RS1)
windows	Inspect the pinned native Windows SDK and toolchain	2026-08-28T05:27:23.5892795Z     union {
windows	Inspect the pinned native Windows SDK and toolchain	2026-08-28T05:27:23.5894388Z         BOOLEAN ReplaceIfExists;  // FileRenameInfo
windows	Inspect the pinned native Windows SDK and toolchain	2026-08-28T05:27:23.5895907Z         DWORD Flags;              // FileRenameInfoEx
windows	Inspect the pinned native Windows SDK and toolchain	2026-08-28T05:27:23.5897485Z     } DUMMYUNIONNAME;
windows	Inspect the pinned native Windows SDK and toolchain	2026-08-28T05:27:23.5899168Z #else
windows	Inspect the pinned native Windows SDK and toolchain	2026-08-28T05:27:23.5900784Z     BOOLEAN ReplaceIfExists;
windows	Inspect the pinned native Windows SDK and toolchain	2026-08-28T05:27:23.5902383Z #endif
windows	Inspect the pinned native Windows SDK and toolchain	2026-08-28T05:27:23.5904003Z     HANDLE RootDirectory;
windows	Inspect the pinned native Windows SDK and toolchain	2026-08-28T05:27:23.5905615Z     DWORD FileNameLength;
windows	Inspect the pinned native Windows SDK and toolchain	2026-08-28T05:27:23.5907175Z     WCHAR FileName[1];
windows	Inspect the pinned native Windows SDK and toolchain	2026-08-28T05:27:23.5908883Z } FILE_RENAME_INFO, *PFILE_RENAME_INFO;
windows	Inspect the pinned native Windows SDK and toolchain	2026-08-28T05:27:23.5910279Z 
windows	Inspect the pinned native Windows SDK and toolchain	2026-08-28T05:27:23.5912080Z typedef struct _FILE_ALLOCATION_INFO {
windows	Inspect the pinned native Windows SDK and toolchain	2026-08-28T05:27:23.5913538Z     LARGE_INTEGER AllocationSize;
windows	Inspect the pinned native Windows SDK and toolchain	2026-08-28T05:27:23.5915254Z } FILE_ALLOCATION_INFO, *PFILE_ALLOCATION_INFO;
windows	Inspect the pinned native Windows SDK and toolchain	2026-08-28T05:27:23.5916615Z 
windows	Inspect the pinned native Windows SDK and toolchain	2026-08-28T05:27:23.5918204Z typedef struct _FILE_END_OF_FILE_INFO {
windows	Inspect the pinned native Windows SDK and toolchain	2026-08-28T05:27:23.5919767Z     LARGE_INTEGER EndOfFile;
windows	Inspect the pinned native Windows SDK and toolchain	2026-08-28T05:27:23.5921373Z } FILE_END_OF_FILE_INFO, *PFILE_END_OF_FILE_INFO;
windows	Inspect the pinned native Windows SDK and toolchain	2026-08-28T05:27:23.5922939Z 
windows	Inspect the pinned native Windows SDK and toolchain	2026-08-28T05:27:23.5924512Z typedef struct _FILE_STREAM_INFO {
windows	Inspect the pinned native Windows SDK and toolchain	2026-08-28T05:27:23.5926055Z     DWORD NextEntryOffset;
windows	Inspect the pinned native Windows SDK and toolchain	2026-08-28T05:27:23.5927664Z     DWORD StreamNameLength;
windows	Inspect the pinned native Windows SDK and toolchain	2026-08-28T05:27:23.5929081Z     LARGE_INTEGER StreamSize;
windows	Inspect the pinned native Windows SDK and toolchain	2026-08-28T05:27:23.5930790Z     LARGE_INTEGER StreamAllocationSize;
windows	Inspect the pinned native Windows SDK and toolchain	2026-08-28T05:27:23.5932461Z     WCHAR StreamName[1];
windows	Inspect the pinned native Windows SDK and toolchain	2026-08-28T05:27:23.5934019Z } FILE_STREAM_INFO, *PFILE_STREAM_INFO;
windows	Inspect the pinned native Windows SDK and toolchain	2026-08-28T05:27:23.5935380Z 
windows	Inspect the pinned native Windows SDK and toolchain	2026-08-28T05:27:23.5936986Z --- um/WinBase.h line 9116 ---
windows	Inspect the pinned native Windows SDK and toolchain	2026-08-28T05:27:23.5938548Z         BOOLEAN ReplaceIfExists;  // FileRenameInfo
windows	Inspect the pinned native Windows SDK and toolchain	2026-08-28T05:27:23.5940183Z         DWORD Flags;              // FileRenameInfoEx
windows	Inspect the pinned native Windows SDK and toolchain	2026-08-28T05:27:23.5941731Z     } DUMMYUNIONNAME;
windows	Inspect the pinned native Windows SDK and toolchain	2026-08-28T05:27:23.5943234Z #else
windows	Inspect the pinned native Windows SDK and toolchain	2026-08-28T05:27:23.5944829Z     BOOLEAN ReplaceIfExists;
windows	Inspect the pinned native Windows SDK and toolchain	2026-08-28T05:27:23.5946467Z #endif
windows	Inspect the pinned native Windows SDK and toolchain	2026-08-28T05:27:23.5948149Z     HANDLE RootDirectory;
windows	Inspect the pinned native Windows SDK and toolchain	2026-08-28T05:27:23.5949819Z     DWORD FileNameLength;
windows	Inspect the pinned native Windows SDK and toolchain	2026-08-28T05:27:23.5951446Z     WCHAR FileName[1];
windows	Inspect the pinned native Windows SDK and toolchain	2026-08-28T05:27:23.5953101Z } FILE_RENAME_INFO, *PFILE_RENAME_INFO;
windows	Inspect the pinned native Windows SDK and toolchain	2026-08-28T05:27:23.5954905Z 
windows	Inspect the pinned native Windows SDK and toolchain	2026-08-28T05:27:23.5956516Z typedef struct _FILE_ALLOCATION_INFO {
windows	Inspect the pinned native Windows SDK and toolchain	2026-08-28T05:27:23.5958148Z     LARGE_INTEGER AllocationSize;
windows	Inspect the pinned native Windows SDK and toolchain	2026-08-28T05:27:23.5959738Z } FILE_ALLOCATION_INFO, *PFILE_ALLOCATION_INFO;
windows	Inspect the pinned native Windows SDK and toolchain	2026-08-28T05:27:23.5961153Z 
windows	Inspect the pinned native Windows SDK and toolchain	2026-08-28T05:27:23.5962772Z typedef struct _FILE_END_OF_FILE_INFO {
windows	Inspect the pinned native Windows SDK and toolchain	2026-08-28T05:27:23.5964236Z     LARGE_INTEGER EndOfFile;
windows	Inspect the pinned native Windows SDK and toolchain	2026-08-28T05:27:23.5965915Z } FILE_END_OF_FILE_INFO, *PFILE_END_OF_FILE_INFO;
windows	Inspect the pinned native Windows SDK and toolchain	2026-08-28T05:27:23.5967246Z 
windows	Inspect the pinned native Windows SDK and toolchain	2026-08-28T05:27:23.5968814Z typedef struct _FILE_STREAM_INFO {
windows	Inspect the pinned native Windows SDK and toolchain	2026-08-28T05:27:23.5970358Z     DWORD NextEntryOffset;
windows	Inspect the pinned native Windows SDK and toolchain	2026-08-28T05:27:23.5972102Z     DWORD StreamNameLength;
windows	Inspect the pinned native Windows SDK and toolchain	2026-08-28T05:27:23.5973636Z     LARGE_INTEGER StreamSize;
windows	Inspect the pinned native Windows SDK and toolchain	2026-08-28T05:27:23.5975459Z     LARGE_INTEGER StreamAllocationSize;
windows	Inspect the pinned native Windows SDK and toolchain	2026-08-28T05:27:23.5977043Z     WCHAR StreamName[1];
windows	Inspect the pinned native Windows SDK and toolchain	2026-08-28T05:27:23.5978653Z } FILE_STREAM_INFO, *PFILE_STREAM_INFO;
windows	Inspect the pinned native Windows SDK and toolchain	2026-08-28T05:27:23.5980031Z 
windows	Inspect the pinned native Windows SDK and toolchain	2026-08-28T05:27:23.5981606Z typedef struct _FILE_COMPRESSION_INFO {
windows	Inspect the pinned native Windows SDK and toolchain	2026-08-28T05:27:23.5983202Z     LARGE_INTEGER CompressedFileSize;
windows	Inspect the pinned native Windows SDK and toolchain	2026-08-28T05:27:23.5984870Z     WORD CompressionFormat;
windows	Inspect the pinned native Windows SDK and toolchain	2026-08-28T05:27:23.5986484Z     UCHAR CompressionUnitShift;
windows	Inspect the pinned native Windows SDK and toolchain	2026-08-28T05:27:23.5988214Z --- um/WinBase.h line 9156 ---
windows	Inspect the pinned native Windows SDK and toolchain	2026-08-28T05:27:23.5989565Z 
windows	Inspect the pinned native Windows SDK and toolchain	2026-08-28T05:27:23.5991132Z typedef struct _FILE_DISPOSITION_INFO {
windows	Inspect the pinned native Windows SDK and toolchain	2026-08-28T05:27:23.5992732Z     BOOLEAN DeleteFile;
windows	Inspect the pinned native Windows SDK and toolchain	2026-08-28T05:27:23.5994503Z } FILE_DISPOSITION_INFO, *PFILE_DISPOSITION_INFO;
windows	Inspect the pinned native Windows SDK and toolchain	2026-08-28T05:27:23.5996029Z 
windows	Inspect the pinned native Windows SDK and toolchain	2026-08-28T05:27:23.5997663Z #if (_WIN32_WINNT >= _WIN32_WINNT_WIN10_RS1)
windows	Inspect the pinned native Windows SDK and toolchain	2026-08-28T05:27:23.6056724Z #define FILE_DISPOSITION_FLAG_DO_NOT_DELETE              0x00000000
windows	Inspect the pinned native Windows SDK and toolchain	2026-08-28T05:27:23.6057498Z #define FILE_DISPOSITION_FLAG_DELETE                     0x00000001
windows	Inspect the pinned native Windows SDK and toolchain	2026-08-28T05:27:23.6058155Z #define FILE_DISPOSITION_FLAG_POSIX_SEMANTICS            0x00000002
windows	Inspect the pinned native Windows SDK and toolchain	2026-08-28T05:27:23.6059230Z #define FILE_DISPOSITION_FLAG_FORCE_IMAGE_SECTION_CHECK  0x00000004
windows	Inspect the pinned native Windows SDK and toolchain	2026-08-28T05:27:23.6059887Z #define FILE_DISPOSITION_FLAG_ON_CLOSE                   0x00000008
windows	Inspect the pinned native Windows SDK and toolchain	2026-08-28T05:27:23.6060906Z #if (_WIN32_WINNT >= _WIN32_WINNT_WIN10_RS5)
windows	Inspect the pinned native Windows SDK and toolchain	2026-08-28T05:27:23.6061516Z #define FILE_DISPOSITION_FLAG_IGNORE_READONLY_ATTRIBUTE  0x00000010
windows	Inspect the pinned native Windows SDK and toolchain	2026-08-28T05:27:23.6062065Z #endif
windows	Inspect the pinned native Windows SDK and toolchain	2026-08-28T05:27:23.6062221Z 
windows	Inspect the pinned native Windows SDK and toolchain	2026-08-28T05:27:23.6062388Z typedef struct _FILE_DISPOSITION_INFO_EX {
windows	Inspect the pinned native Windows SDK and toolchain	2026-08-28T05:27:23.6063274Z     DWORD Flags;
windows	Inspect the pinned native Windows SDK and toolchain	2026-08-28T05:27:23.6063715Z } FILE_DISPOSITION_INFO_EX, *PFILE_DISPOSITION_INFO_EX;
windows	Inspect the pinned native Windows SDK and toolchain	2026-08-28T05:27:23.6064228Z #endif
windows	Inspect the pinned native Windows SDK and toolchain	2026-08-28T05:27:23.6064402Z 
windows	Inspect the pinned native Windows SDK and toolchain	2026-08-28T05:27:23.6064562Z typedef struct _FILE_ID_BOTH_DIR_INFO {
windows	Inspect the pinned native Windows SDK and toolchain	2026-08-28T05:27:23.6064998Z     DWORD NextEntryOffset;
windows	Inspect the pinned native Windows SDK and toolchain	2026-08-28T05:27:23.6065357Z     DWORD FileIndex;
windows	Inspect the pinned native Windows SDK and toolchain	2026-08-28T05:27:23.6065698Z     LARGE_INTEGER CreationTime;
windows	Inspect the pinned native Windows SDK and toolchain	2026-08-28T05:27:23.6066098Z     LARGE_INTEGER LastAccessTime;
windows	Inspect the pinned native Windows SDK and toolchain	2026-08-28T05:27:23.6066517Z     LARGE_INTEGER LastWriteTime;
windows	Inspect the pinned native Windows SDK and toolchain	2026-08-28T05:27:23.6066907Z     LARGE_INTEGER ChangeTime;
windows	Inspect the pinned native Windows SDK and toolchain	2026-08-28T05:27:23.6067300Z     LARGE_INTEGER EndOfFile;
windows	Inspect the pinned native Windows SDK and toolchain	2026-08-28T05:27:23.6067687Z     LARGE_INTEGER AllocationSize;
windows	Inspect the pinned native Windows SDK and toolchain	2026-08-28T05:27:23.6068440Z     DWORD FileAttributes;
windows	Inspect the pinned native Windows SDK and toolchain	2026-08-28T05:27:23.6068789Z     DWORD FileNameLength;
windows	Inspect the pinned native Windows SDK and toolchain	2026-08-28T05:27:23.6069139Z --- um/WinBase.h line 9170 ---
windows	Inspect the pinned native Windows SDK and toolchain	2026-08-28T05:27:23.6069394Z 
windows	Inspect the pinned native Windows SDK and toolchain	2026-08-28T05:27:23.6069618Z typedef struct _FILE_DISPOSITION_INFO_EX {
windows	Inspect the pinned native Windows SDK and toolchain	2026-08-28T05:27:23.6070060Z     DWORD Flags;
windows	Inspect the pinned native Windows SDK and toolchain	2026-08-28T05:27:23.6070495Z } FILE_DISPOSITION_INFO_EX, *PFILE_DISPOSITION_INFO_EX;
windows	Inspect the pinned native Windows SDK and toolchain	2026-08-28T05:27:23.6071017Z #endif
windows	Inspect the pinned native Windows SDK and toolchain	2026-08-28T05:27:23.6071174Z 
windows	Inspect the pinned native Windows SDK and toolchain	2026-08-28T05:27:23.6071330Z typedef struct _FILE_ID_BOTH_DIR_INFO {
windows	Inspect the pinned native Windows SDK and toolchain	2026-08-28T05:27:23.6071771Z     DWORD NextEntryOffset;
windows	Inspect the pinned native Windows SDK and toolchain	2026-08-28T05:27:23.6072154Z     DWORD FileIndex;
windows	Inspect the pinned native Windows SDK and toolchain	2026-08-28T05:27:23.6072489Z     LARGE_INTEGER CreationTime;
windows	Inspect the pinned native Windows SDK and toolchain	2026-08-28T05:27:23.6072925Z     LARGE_INTEGER LastAccessTime;
windows	Inspect the pinned native Windows SDK and toolchain	2026-08-28T05:27:23.6073677Z     LARGE_INTEGER LastWriteTime;
windows	Inspect the pinned native Windows SDK and toolchain	2026-08-28T05:27:23.6074077Z     LARGE_INTEGER ChangeTime;
windows	Inspect the pinned native Windows SDK and toolchain	2026-08-28T05:27:23.6074634Z     LARGE_INTEGER EndOfFile;
windows	Inspect the pinned native Windows SDK and toolchain	2026-08-28T05:27:23.6074951Z     LARGE_INTEGER AllocationSize;
windows	Inspect the pinned native Windows SDK and toolchain	2026-08-28T05:27:23.6075366Z     DWORD FileAttributes;
windows	Inspect the pinned native Windows SDK and toolchain	2026-08-28T05:27:23.6075588Z     DWORD FileNameLength;
windows	Inspect the pinned native Windows SDK and toolchain	2026-08-28T05:27:23.6075779Z     DWORD EaSize;
windows	Inspect the pinned native Windows SDK and toolchain	2026-08-28T05:27:23.6075964Z     CCHAR ShortNameLength;
windows	Inspect the pinned native Windows SDK and toolchain	2026-08-28T05:27:23.6076176Z     WCHAR ShortName[12];
windows	Inspect the pinned native Windows SDK and toolchain	2026-08-28T05:27:23.6076481Z     LARGE_INTEGER FileId;
windows	Inspect the pinned native Windows SDK and toolchain	2026-08-28T05:27:23.6076779Z     WCHAR FileName[1];
windows	Inspect the pinned native Windows SDK and toolchain	2026-08-28T05:27:23.6077042Z } FILE_ID_BOTH_DIR_INFO, *PFILE_ID_BOTH_DIR_INFO;
windows	Inspect the pinned native Windows SDK and toolchain	2026-08-28T05:27:23.6077243Z 
windows	Inspect the pinned native Windows SDK and toolchain	2026-08-28T05:27:23.6077334Z typedef struct _FILE_FULL_DIR_INFO {
windows	Inspect the pinned native Windows SDK and toolchain	2026-08-28T05:27:23.6077570Z     ULONG NextEntryOffset;
windows	Inspect the pinned native Windows SDK and toolchain	2026-08-28T05:27:23.6078147Z     ULONG FileIndex;
windows	Inspect the pinned native Windows SDK and toolchain	2026-08-28T05:27:23.6079797Z     LARGE_INTEGER CreationTime;
windows	Inspect the pinned native Windows SDK and toolchain	2026-08-28T05:27:23.6081355Z     LARGE_INTEGER LastAccessTime;
windows	Inspect the pinned native Windows SDK and toolchain	2026-08-28T05:27:23.6083215Z     LARGE_INTEGER LastWriteTime;
windows	Inspect the pinned native Windows SDK and toolchain	2026-08-28T05:27:23.6085000Z     LARGE_INTEGER ChangeTime;
windows	Inspect the pinned native Windows SDK and toolchain	2026-08-28T05:27:23.6086759Z --- um/WinBase.h line 9259 ---
windows	Inspect the pinned native Windows SDK and toolchain	2026-08-28T05:27:23.6088431Z //
windows	Inspect the pinned native Windows SDK and toolchain	2026-08-28T05:27:23.6090231Z typedef struct _FILE_ID_INFO {
windows	Inspect the pinned native Windows SDK and toolchain	2026-08-28T05:27:23.6092160Z     ULONGLONG VolumeSerialNumber;
windows	Inspect the pinned native Windows SDK and toolchain	2026-08-28T05:27:23.6093909Z     FILE_ID_128 FileId;
windows	Inspect the pinned native Windows SDK and toolchain	2026-08-28T05:27:23.6095444Z } FILE_ID_INFO, *PFILE_ID_INFO;
windows	Inspect the pinned native Windows SDK and toolchain	2026-08-28T05:27:23.6096893Z 
windows	Inspect the pinned native Windows SDK and toolchain	2026-08-28T05:27:23.6098445Z //
windows	Inspect the pinned native Windows SDK and toolchain	2026-08-28T05:27:23.6100017Z //  Structure definition for FileIdExtdDirectoryInfo
windows	Inspect the pinned native Windows SDK and toolchain	2026-08-28T05:27:23.6101621Z //
windows	Inspect the pinned native Windows SDK and toolchain	2026-08-28T05:27:23.6103250Z typedef struct _FILE_ID_EXTD_DIR_INFO {
windows	Inspect the pinned native Windows SDK and toolchain	2026-08-28T05:27:23.6104881Z     ULONG NextEntryOffset;
windows	Inspect the pinned native Windows SDK and toolchain	2026-08-28T05:27:23.6106430Z     ULONG FileIndex;
windows	Inspect the pinned native Windows SDK and toolchain	2026-08-28T05:27:23.6108127Z     LARGE_INTEGER CreationTime;
windows	Inspect the pinned native Windows SDK and toolchain	2026-08-28T05:27:23.6109688Z     LARGE_INTEGER LastAccessTime;
windows	Inspect the pinned native Windows SDK and toolchain	2026-08-28T05:27:23.6111560Z     LARGE_INTEGER LastWriteTime;
windows	Inspect the pinned native Windows SDK and toolchain	2026-08-28T05:27:23.6113127Z     LARGE_INTEGER ChangeTime;
windows	Inspect the pinned native Windows SDK and toolchain	2026-08-28T05:27:23.6114910Z     LARGE_INTEGER EndOfFile;
windows	Inspect the pinned native Windows SDK and toolchain	2026-08-28T05:27:23.6116489Z     LARGE_INTEGER AllocationSize;
windows	Inspect the pinned native Windows SDK and toolchain	2026-08-28T05:27:23.6118140Z     ULONG FileAttributes;
windows	Inspect the pinned native Windows SDK and toolchain	2026-08-28T05:27:23.6119711Z     ULONG FileNameLength;
windows	Inspect the pinned native Windows SDK and toolchain	2026-08-28T05:27:23.6121357Z     ULONG EaSize;
windows	Inspect the pinned native Windows SDK and toolchain	2026-08-28T05:27:23.6123069Z     ULONG ReparsePointTag;
windows	Inspect the pinned native Windows SDK and toolchain	2026-08-28T05:27:23.6124743Z     FILE_ID_128 FileId;
windows	Inspect the pinned native Windows SDK and toolchain	2026-08-28T05:27:23.6126447Z     WCHAR FileName[1];
windows	Inspect the pinned native Windows SDK and toolchain	2026-08-28T05:27:23.6128194Z } FILE_ID_EXTD_DIR_INFO, *PFILE_ID_EXTD_DIR_INFO;
windows	Inspect the pinned native Windows SDK and toolchain	2026-08-28T05:27:23.6129597Z 
windows	Inspect the pinned native Windows SDK and toolchain	2026-08-28T05:27:23.6131179Z #endif
windows	Inspect the pinned native Windows SDK and toolchain	2026-08-28T05:27:23.6132608Z 
windows	Inspect the pinned native Windows SDK and toolchain	2026-08-28T05:27:23.6134048Z //
windows	Inspect the pinned native Windows SDK and toolchain	2026-08-28T05:27:23.6135700Z // File Remote protocol info (FileRemoteProtocolInfo)
windows	Inspect the pinned native Windows SDK and toolchain	2026-08-28T05:27:23.6137210Z //
windows	Inspect the pinned native Windows SDK and toolchain	2026-08-28T05:27:23.6138857Z --- um/fileapi.h line 889 ---
windows	Inspect the pinned native Windows SDK and toolchain	2026-08-28T05:27:23.6140457Z WINAPI
windows	Inspect the pinned native Windows SDK and toolchain	2026-08-28T05:27:23.6142078Z GetVolumeInformationByHandleW(
windows	Inspect the pinned native Windows SDK and toolchain	2026-08-28T05:27:23.6143704Z     _In_ HANDLE hFile,
windows	Inspect the pinned native Windows SDK and toolchain	2026-08-28T05:27:23.6145368Z     _Out_writes_opt_(nVolumeNameSize) LPWSTR lpVolumeNameBuffer,
windows	Inspect the pinned native Windows SDK and toolchain	2026-08-28T05:27:23.6146797Z     _In_ DWORD nVolumeNameSize,
windows	Inspect the pinned native Windows SDK and toolchain	2026-08-28T05:27:23.6148489Z     _Out_opt_ LPDWORD lpVolumeSerialNumber,
windows	Inspect the pinned native Windows SDK and toolchain	2026-08-28T05:27:23.6150106Z     _Out_opt_ LPDWORD lpMaximumComponentLength,
windows	Inspect the pinned native Windows SDK and toolchain	2026-08-28T05:27:23.6151962Z     _Out_opt_ LPDWORD lpFileSystemFlags,
windows	Inspect the pinned native Windows SDK and toolchain	2026-08-28T05:27:23.6153731Z     _Out_writes_opt_(nFileSystemNameSize) LPWSTR lpFileSystemNameBuffer,
windows	Inspect the pinned native Windows SDK and toolchain	2026-08-28T05:27:23.6155479Z     _In_ DWORD nFileSystemNameSize
windows	Inspect the pinned native Windows SDK and toolchain	2026-08-28T05:27:23.6157006Z     );
windows	Inspect the pinned native Windows SDK and toolchain	2026-08-28T05:27:23.6158441Z 
windows	Inspect the pinned native Windows SDK and toolchain	2026-08-28T05:27:23.6160007Z #endif /* _WIN32_WINNT >=  0x0600 */
windows	Inspect the pinned native Windows SDK and toolchain	2026-08-28T05:27:23.6161350Z 
windows	Inspect the pinned native Windows SDK and toolchain	2026-08-28T05:27:23.6162899Z WINBASEAPI
windows	Inspect the pinned native Windows SDK and toolchain	2026-08-28T05:27:23.6164475Z BOOL
windows	Inspect the pinned native Windows SDK and toolchain	2026-08-28T05:27:23.6166160Z WINAPI
windows	Inspect the pinned native Windows SDK and toolchain	2026-08-28T05:27:23.6167868Z GetVolumeInformationW(
windows	Inspect the pinned native Windows SDK and toolchain	2026-08-28T05:27:23.6169523Z     _In_opt_ LPCWSTR lpRootPathName,
windows	Inspect the pinned native Windows SDK and toolchain	2026-08-28T05:27:23.6171675Z     _Out_writes_opt_(nVolumeNameSize) LPWSTR lpVolumeNameBuffer,
windows	Inspect the pinned native Windows SDK and toolchain	2026-08-28T05:27:23.6173163Z     _In_ DWORD nVolumeNameSize,
windows	Inspect the pinned native Windows SDK and toolchain	2026-08-28T05:27:23.6174918Z     _Out_opt_ LPDWORD lpVolumeSerialNumber,
windows	Inspect the pinned native Windows SDK and toolchain	2026-08-28T05:27:23.6176596Z     _Out_opt_ LPDWORD lpMaximumComponentLength,
windows	Inspect the pinned native Windows SDK and toolchain	2026-08-28T05:27:23.6178229Z     _Out_opt_ LPDWORD lpFileSystemFlags,
windows	Inspect the pinned native Windows SDK and toolchain	2026-08-28T05:27:23.6179923Z     _Out_writes_opt_(nFileSystemNameSize) LPWSTR lpFileSystemNameBuffer,
windows	Inspect the pinned native Windows SDK and toolchain	2026-08-28T05:27:23.6181339Z     _In_ DWORD nFileSystemNameSize
windows	Inspect the pinned native Windows SDK and toolchain	2026-08-28T05:27:23.6182895Z     );
windows	Inspect the pinned native Windows SDK and toolchain	2026-08-28T05:27:23.6184327Z 
windows	Inspect the pinned native Windows SDK and toolchain	2026-08-28T05:27:23.6186141Z #ifdef UNICODE
windows	Inspect the pinned native Windows SDK and toolchain	2026-08-28T05:27:23.6187808Z #define GetVolumeInformation  GetVolumeInformationW
windows	Inspect the pinned native Windows SDK and toolchain	2026-08-28T05:27:23.6189849Z #endif
windows	Fetch checksum-verified native Node inputs	﻿2026-08-28T05:27:23.7179937Z ##[group]Run @'
windows	Fetch checksum-verified native Node inputs	2026-08-28T05:27:23.7180290Z [36;1m@'[0m
windows	Fetch checksum-verified native Node inputs	2026-08-28T05:27:23.7180532Z [36;1mimport { createHash } from 'node:crypto';[0m
windows	Fetch checksum-verified native Node inputs	2026-08-28T05:27:23.7181148Z [36;1mimport { writeFileSync, appendFileSync } from 'node:fs';[0m
windows	Fetch checksum-verified native Node inputs	2026-08-28T05:27:23.7181568Z [36;1mimport { execFileSync } from 'node:child_process';[0m
windows	Fetch checksum-verified native Node inputs	2026-08-28T05:27:23.7181937Z [36;1mimport { join, basename } from 'node:path';[0m
windows	Fetch checksum-verified native Node inputs	2026-08-28T05:27:23.7182410Z [36;1mif (process.arch !== 'x64') throw new Error('Native x64 Node bootstrap required');[0m
windows	Fetch checksum-verified native Node inputs	2026-08-28T05:27:23.7182904Z [36;1mconst base = 'https://nodejs.org/dist/v20.19.0/';[0m
windows	Fetch checksum-verified native Node inputs	2026-08-28T05:27:23.7183303Z [36;1mconst sumsResponse = await fetch(base + 'SHASUMS256.txt');[0m
windows	Fetch checksum-verified native Node inputs	2026-08-28T05:27:23.7183755Z [36;1mif (!sumsResponse.ok) throw new Error('Cannot fetch checksums');[0m
windows	Fetch checksum-verified native Node inputs	2026-08-28T05:27:23.7184144Z [36;1mconst sums = await sumsResponse.text();[0m
windows	Fetch checksum-verified native Node inputs	2026-08-28T05:27:23.7184635Z [36;1mfor (const name of ['node-v20.19.0-win-x64.zip', 'node-v20.19.0-headers.tar.gz', 'win-x64/node.lib']) {[0m
windows	Fetch checksum-verified native Node inputs	2026-08-28T05:27:23.7185196Z [36;1m  const response = await fetch(base + name);[0m
windows	Fetch checksum-verified native Node inputs	2026-08-28T05:27:23.7185560Z [36;1m  if (!response.ok) throw new Error('Cannot fetch ' + name);[0m
windows	Fetch checksum-verified native Node inputs	2026-08-28T05:27:23.7185973Z [36;1m  const bytes = Buffer.from(await response.arrayBuffer());[0m
windows	Fetch checksum-verified native Node inputs	2026-08-28T05:27:23.7186413Z [36;1m  const sha256 = createHash('sha256').update(bytes).digest('hex');[0m
windows	Fetch checksum-verified native Node inputs	2026-08-28T05:27:23.7187000Z [36;1m  const expected = sums.split('\n').map(line => line.trim().split(/\s+/)).find(parts => parts[1] === name)?.[0];[0m
windows	Fetch checksum-verified native Node inputs	2026-08-28T05:27:23.7187591Z [36;1m  if (sha256 !== expected) throw new Error('Checksum mismatch: ' + name);[0m
windows	Fetch checksum-verified native Node inputs	2026-08-28T05:27:23.7188094Z [36;1m  writeFileSync(join(process.env.RUNNER_TEMP, basename(name)), bytes);[0m
windows	Fetch checksum-verified native Node inputs	2026-08-28T05:27:23.7188523Z [36;1m  console.log(JSON.stringify({name, sha256}));[0m
windows	Fetch checksum-verified native Node inputs	2026-08-28T05:27:23.7188795Z [36;1m}[0m
windows	Fetch checksum-verified native Node inputs	2026-08-28T05:27:23.7189247Z [36;1mexecFileSync('tar', ['-xf', join(process.env.RUNNER_TEMP, 'node-v20.19.0-win-x64.zip'), '-C', process.env.RUNNER_TEMP]);[0m
windows	Fetch checksum-verified native Node inputs	2026-08-28T05:27:23.7190019Z [36;1mappendFileSync(process.env.GITHUB_PATH, join(process.env.RUNNER_TEMP, 'node-v20.19.0-win-x64') + '\n');[0m
windows	Fetch checksum-verified native Node inputs	2026-08-28T05:27:23.7190860Z [36;1mappendFileSync(process.env.GITHUB_ENV, 'EXSPECSO_NODE_HEADERS=' + join(process.env.RUNNER_TEMP, 'node-v20.19.0-headers.tar.gz') + '\n');[0m
windows	Fetch checksum-verified native Node inputs	2026-08-28T05:27:23.7191741Z [36;1mappendFileSync(process.env.GITHUB_ENV, 'EXSPECSO_NODE_LIB=' + join(process.env.RUNNER_TEMP, 'node.lib') + '\n');[0m
windows	Fetch checksum-verified native Node inputs	2026-08-28T05:27:23.7192277Z [36;1m'@ | node --input-type=module[0m
windows	Fetch checksum-verified native Node inputs	2026-08-28T05:27:23.7192612Z [36;1mif ($LASTEXITCODE) { throw 'Node input verification failed' }[0m
windows	Fetch checksum-verified native Node inputs	2026-08-28T05:27:23.7292420Z shell: C:\Program Files\PowerShell\7\pwsh.EXE -command ". '{0}'"
windows	Fetch checksum-verified native Node inputs	2026-08-28T05:27:23.7292796Z ##[endgroup]
windows	Fetch checksum-verified native Node inputs	2026-08-28T05:27:27.3516954Z {"name":"node-v20.19.0-win-x64.zip","sha256":"be72284c7bc62de07d5a9fd0ae196879842c085f11f7f2b60bf8864c0c9d6a4f"}
windows	Fetch checksum-verified native Node inputs	2026-08-28T05:27:27.5438596Z {"name":"node-v20.19.0-headers.tar.gz","sha256":"800194e32cef4ee77f5a2e8c0e5dd2b4acb38b39ef2ea544929c181b949494bb"}
windows	Fetch checksum-verified native Node inputs	2026-08-28T05:27:27.6402539Z {"name":"win-x64/node.lib","sha256":"72f7ca3b33f0991e93e25521f7e78c8adf187df7d5223bf0efcb5e005420f327"}
windows	Install locked development dependencies without lifecycle scripts	﻿2026-08-28T05:27:28.5541123Z ##[group]Run npm ci --ignore-scripts
windows	Install locked development dependencies without lifecycle scripts	2026-08-28T05:27:28.5541519Z [36;1mnpm ci --ignore-scripts[0m
windows	Install locked development dependencies without lifecycle scripts	2026-08-28T05:27:28.5542547Z [36;1mif ($LASTEXITCODE) { throw 'npm ci failed' }[0m
windows	Install locked development dependencies without lifecycle scripts	2026-08-28T05:27:28.5643743Z shell: C:\Program Files\PowerShell\7\pwsh.EXE -command ". '{0}'"
windows	Install locked development dependencies without lifecycle scripts	2026-08-28T05:27:28.5644089Z env:
windows	Install locked development dependencies without lifecycle scripts	2026-08-28T05:27:28.5644357Z   EXSPECSO_NODE_HEADERS: D:\a\_temp\node-v20.19.0-headers.tar.gz
windows	Install locked development dependencies without lifecycle scripts	2026-08-28T05:27:28.5644716Z   EXSPECSO_NODE_LIB: D:\a\_temp\node.lib
windows	Install locked development dependencies without lifecycle scripts	2026-08-28T05:27:28.5644955Z ##[endgroup]
windows	Install locked development dependencies without lifecycle scripts	2026-08-28T05:27:32.3083658Z 
windows	Install locked development dependencies without lifecycle scripts	2026-08-28T05:27:32.3084306Z added 74 packages, and audited 75 packages in 3s
windows	Install locked development dependencies without lifecycle scripts	2026-08-28T05:27:32.3084734Z 
windows	Install locked development dependencies without lifecycle scripts	2026-08-28T05:27:32.3084890Z 20 packages are looking for funding
windows	Install locked development dependencies without lifecycle scripts	2026-08-28T05:27:32.3085348Z   run `npm fund` for details
windows	Install locked development dependencies without lifecycle scripts	2026-08-28T05:27:32.3097438Z 
windows	Install locked development dependencies without lifecycle scripts	2026-08-28T05:27:32.3097605Z found 0 vulnerabilities
windows	Build the native Windows release provider and TypeScript	﻿2026-08-28T05:27:32.4580406Z ##[group]Run node native/build.mjs --variant release --target win32-x64 --out . --headers "$env:EXSPECSO_NODE_HEADERS" --node-lib "$env:EXSPECSO_NODE_LIB"
windows	Build the native Windows release provider and TypeScript	2026-08-28T05:27:32.4581779Z [36;1mnode native/build.mjs --variant release --target win32-x64 --out . --headers "$env:EXSPECSO_NODE_HEADERS" --node-lib "$env:EXSPECSO_NODE_LIB"[0m
windows	Build the native Windows release provider and TypeScript	2026-08-28T05:27:32.4582489Z [36;1mif ($LASTEXITCODE) { throw 'Native build failed' }[0m
windows	Build the native Windows release provider and TypeScript	2026-08-28T05:27:32.4582802Z [36;1mnpm run build[0m
windows	Build the native Windows release provider and TypeScript	2026-08-28T05:27:32.4583093Z [36;1mif ($LASTEXITCODE) { throw 'TypeScript build failed' }[0m
windows	Build the native Windows release provider and TypeScript	2026-08-28T05:27:32.4703974Z shell: C:\Program Files\PowerShell\7\pwsh.EXE -command ". '{0}'"
windows	Build the native Windows release provider and TypeScript	2026-08-28T05:27:32.4704516Z env:
windows	Build the native Windows release provider and TypeScript	2026-08-28T05:27:32.4704781Z   EXSPECSO_NODE_HEADERS: D:\a\_temp\node-v20.19.0-headers.tar.gz
windows	Build the native Windows release provider and TypeScript	2026-08-28T05:27:32.4705140Z   EXSPECSO_NODE_LIB: D:\a\_temp\node.lib
windows	Build the native Windows release provider and TypeScript	2026-08-28T05:27:32.4705388Z ##[endgroup]
windows	Build the native Windows release provider and TypeScript	2026-08-28T05:27:34.5335297Z {
windows	Build the native Windows release provider and TypeScript	2026-08-28T05:27:34.5335784Z   "imageVersion": "20260824.214.3",
windows	Build the native Windows release provider and TypeScript	2026-08-28T05:27:34.5336418Z   "imageOS": "win25-vs2026",
windows	Build the native Windows release provider and TypeScript	2026-08-28T05:27:34.5336922Z   "architecture": "X64",
windows	Build the native Windows release provider and TypeScript	2026-08-28T05:27:34.5337435Z   "caption": "Microsoft Windows Server 2025 Datacenter",
windows	Build the native Windows release provider and TypeScript	2026-08-28T05:27:34.5337896Z   "version": "10.0.26100",
windows	Build the native Windows release provider and TypeScript	2026-08-28T05:27:34.5338138Z   "build": "26100",
windows	Build the native Windows release provider and TypeScript	2026-08-28T05:27:34.5338350Z   "ubr": 33296,
windows	Build the native Windows release provider and TypeScript	2026-08-28T05:27:34.5338566Z   "displayVersion": "24H2",
windows	Build the native Windows release provider and TypeScript	2026-08-28T05:27:34.5338818Z   "filesystem": "NTFS",
windows	Build the native Windows release provider and TypeScript	2026-08-28T05:27:34.5339052Z   "visualStudio": [
windows	Build the native Windows release provider and TypeScript	2026-08-28T05:27:34.5339274Z     {
windows	Build the native Windows release provider and TypeScript	2026-08-28T05:27:34.5339495Z       "installationVersion": "18.9.12112.369",
windows	Build the native Windows release provider and TypeScript	2026-08-28T05:27:34.5339995Z       "installationPath": "C:\\Program Files\\Microsoft Visual Studio\\18\\Enterprise"
windows	Build the native Windows release provider and TypeScript	2026-08-28T05:27:34.5340456Z     }
windows	Build the native Windows release provider and TypeScript	2026-08-28T05:27:34.5340633Z   ],
windows	Build the native Windows release provider and TypeScript	2026-08-28T05:27:34.5340836Z   "sdkVersion": "10.0.26100.0",
windows	Build the native Windows release provider and TypeScript	2026-08-28T05:27:34.5341096Z   "msvcVersion": "14.44.35207"
windows	Build the native Windows release provider and TypeScript	2026-08-28T05:27:34.5341336Z }
windows	Build the native Windows release provider and TypeScript	2026-08-28T05:27:34.7085848Z --- um/winternl.h line 213 ---
windows	Build the native Windows release provider and TypeScript	2026-08-28T05:27:34.7086428Z 
windows	Build the native Windows release provider and TypeScript	2026-08-28T05:27:34.7088552Z typedef struct _OBJECT_ATTRIBUTES {
windows	Build the native Windows release provider and TypeScript	2026-08-28T05:27:34.7091025Z     ULONG Length;
windows	Build the native Windows release provider and TypeScript	2026-08-28T05:27:34.7093738Z     HANDLE RootDirectory;
windows	Build the native Windows release provider and TypeScript	2026-08-28T05:27:34.7096049Z     PUNICODE_STRING ObjectName;
windows	Build the native Windows release provider and TypeScript	2026-08-28T05:27:34.7098427Z     ULONG Attributes;
windows	Build the native Windows release provider and TypeScript	2026-08-28T05:27:34.7100542Z     PVOID SecurityDescriptor;
windows	Build the native Windows release provider and TypeScript	2026-08-28T05:27:34.7102747Z     PVOID SecurityQualityOfService;
windows	Build the native Windows release provider and TypeScript	2026-08-28T05:27:34.7105003Z } OBJECT_ATTRIBUTES;
windows	Build the native Windows release provider and TypeScript	2026-08-28T05:27:34.7107276Z typedef OBJECT_ATTRIBUTES *POBJECT_ATTRIBUTES;
windows	Build the native Windows release provider and TypeScript	2026-08-28T05:27:34.7109483Z 
windows	Build the native Windows release provider and TypeScript	2026-08-28T05:27:34.7112225Z typedef struct _IO_STATUS_BLOCK {
windows	Build the native Windows release provider and TypeScript	2026-08-28T05:27:34.7114388Z #pragma warning(push)
windows	Build the native Windows release provider and TypeScript	2026-08-28T05:27:34.7116678Z #pragma warning(disable: 4201) // we'll always use the Microsoft compiler
windows	Build the native Windows release provider and TypeScript	2026-08-28T05:27:34.7118479Z     union {
windows	Build the native Windows release provider and TypeScript	2026-08-28T05:27:34.7120474Z         NTSTATUS Status;
windows	Build the native Windows release provider and TypeScript	2026-08-28T05:27:34.7122502Z         PVOID Pointer;
windows	Build the native Windows release provider and TypeScript	2026-08-28T05:27:34.7124315Z     } DUMMYUNIONNAME;
windows	Build the native Windows release provider and TypeScript	2026-08-28T05:27:34.7126352Z #pragma warning(pop)
windows	Build the native Windows release provider and TypeScript	2026-08-28T05:27:34.7128248Z 
windows	Build the native Windows release provider and TypeScript	2026-08-28T05:27:34.7134169Z     ULONG_PTR Information;
windows	Build the native Windows release provider and TypeScript	2026-08-28T05:27:34.7135245Z } IO_STATUS_BLOCK, *PIO_STATUS_BLOCK;
windows	Build the native Windows release provider and TypeScript	2026-08-28T05:27:34.7138125Z 
windows	Build the native Windows release provider and TypeScript	2026-08-28T05:27:34.7140477Z typedef
windows	Build the native Windows release provider and TypeScript	2026-08-28T05:27:34.7143171Z VOID
windows	Build the native Windows release provider and TypeScript	2026-08-28T05:27:34.7143923Z (NTAPI *PIO_APC_ROUTINE) (
windows	Build the native Windows release provider and TypeScript	2026-08-28T05:27:34.7146738Z     IN PVOID ApcContext,
windows	Build the native Windows release provider and TypeScript	2026-08-28T05:27:34.7148271Z     IN PIO_STATUS_BLOCK IoStatusBlock,
windows	Build the native Windows release provider and TypeScript	2026-08-28T05:27:34.7152046Z     IN ULONG Reserved
windows	Build the native Windows release provider and TypeScript	2026-08-28T05:27:34.7154066Z     );
windows	Build the native Windows release provider and TypeScript	2026-08-28T05:27:34.7155127Z 
windows	Build the native Windows release provider and TypeScript	2026-08-28T05:27:34.7160981Z --- um/winternl.h line 475 ---
windows	Build the native Windows release provider and TypeScript	2026-08-28T05:27:34.7165852Z NTAPI
windows	Build the native Windows release provider and TypeScript	2026-08-28T05:27:34.7167671Z NtCreateFile (
windows	Build the native Windows release provider and TypeScript	2026-08-28T05:27:34.7169072Z     OUT PHANDLE FileHandle,
windows	Build the native Windows release provider and TypeScript	2026-08-28T05:27:34.7174855Z     IN ACCESS_MASK DesiredAccess,
windows	Build the native Windows release provider and TypeScript	2026-08-28T05:27:34.7179782Z     IN POBJECT_ATTRIBUTES ObjectAttributes,
windows	Build the native Windows release provider and TypeScript	2026-08-28T05:27:34.7181953Z     OUT PIO_STATUS_BLOCK IoStatusBlock,
windows	Build the native Windows release provider and TypeScript	2026-08-28T05:27:34.7190150Z     IN PLARGE_INTEGER AllocationSize OPTIONAL,
windows	Build the native Windows release provider and TypeScript	2026-08-28T05:27:34.7193689Z     IN ULONG FileAttributes,
windows	Build the native Windows release provider and TypeScript	2026-08-28T05:27:34.7194979Z     IN ULONG ShareAccess,
windows	Build the native Windows release provider and TypeScript	2026-08-28T05:27:34.7197481Z     IN ULONG CreateDisposition,
windows	Build the native Windows release provider and TypeScript	2026-08-28T05:27:34.7199755Z     IN ULONG CreateOptions,
windows	Build the native Windows release provider and TypeScript	2026-08-28T05:27:34.7201916Z     IN PVOID EaBuffer OPTIONAL,
windows	Build the native Windows release provider and TypeScript	2026-08-28T05:27:34.7203873Z     IN ULONG EaLength
windows	Build the native Windows release provider and TypeScript	2026-08-28T05:27:34.7205854Z     );
windows	Build the native Windows release provider and TypeScript	2026-08-28T05:27:34.7207602Z 
windows	Build the native Windows release provider and TypeScript	2026-08-28T05:27:34.7209825Z //
windows	Build the native Windows release provider and TypeScript	2026-08-28T05:27:34.7212202Z // use the Win32 API instead
windows	Build the native Windows release provider and TypeScript	2026-08-28T05:27:34.7214403Z //     CreateFile
windows	Build the native Windows release provider and TypeScript	2026-08-28T05:27:34.7216369Z //
windows	Build the native Windows release provider and TypeScript	2026-08-28T05:27:34.7218331Z __kernel_entry NTSTATUS
windows	Build the native Windows release provider and TypeScript	2026-08-28T05:27:34.7220325Z NTAPI
windows	Build the native Windows release provider and TypeScript	2026-08-28T05:27:34.7222227Z NtOpenFile (
windows	Build the native Windows release provider and TypeScript	2026-08-28T05:27:34.7224257Z     OUT PHANDLE FileHandle,
windows	Build the native Windows release provider and TypeScript	2026-08-28T05:27:34.7226236Z     IN ACCESS_MASK DesiredAccess,
windows	Build the native Windows release provider and TypeScript	2026-08-28T05:27:34.7228168Z     IN POBJECT_ATTRIBUTES ObjectAttributes,
windows	Build the native Windows release provider and TypeScript	2026-08-28T05:27:34.7230563Z     OUT PIO_STATUS_BLOCK IoStatusBlock,
windows	Build the native Windows release provider and TypeScript	2026-08-28T05:27:34.7232723Z     IN ULONG ShareAccess,
windows	Build the native Windows release provider and TypeScript	2026-08-28T05:27:34.7234612Z     IN ULONG OpenOptions
windows	Build the native Windows release provider and TypeScript	2026-08-28T05:27:34.7236557Z     );
windows	Build the native Windows release provider and TypeScript	2026-08-28T05:27:34.7238291Z 
windows	Build the native Windows release provider and TypeScript	2026-08-28T05:27:34.7241131Z //
windows	Build the native Windows release provider and TypeScript	2026-08-28T05:27:34.7243423Z --- um/winternl.h line 992 ---
windows	Build the native Windows release provider and TypeScript	2026-08-28T05:27:34.7244874Z #define FILE_CREATE                     0x00000002
windows	Build the native Windows release provider and TypeScript	2026-08-28T05:27:34.7246374Z #define FILE_OPEN_IF                    0x00000003
windows	Build the native Windows release provider and TypeScript	2026-08-28T05:27:34.7248464Z #define FILE_OVERWRITE                  0x00000004
windows	Build the native Windows release provider and TypeScript	2026-08-28T05:27:34.7250685Z #define FILE_OVERWRITE_IF               0x00000005
windows	Build the native Windows release provider and TypeScript	2026-08-28T05:27:34.7256359Z #define FILE_MAXIMUM_DISPOSITION        0x00000005
windows	Build the native Windows release provider and TypeScript	2026-08-28T05:27:34.7256978Z 
windows	Build the native Windows release provider and TypeScript	2026-08-28T05:27:34.7257202Z //
windows	Build the native Windows release provider and TypeScript	2026-08-28T05:27:34.7258273Z // Define the create/open option flags
windows	Build the native Windows release provider and TypeScript	2026-08-28T05:27:34.7260435Z //
windows	Build the native Windows release provider and TypeScript	2026-08-28T05:27:34.7262543Z 
windows	Build the native Windows release provider and TypeScript	2026-08-28T05:27:34.7264856Z #define FILE_DIRECTORY_FILE                     0x00000001
windows	Build the native Windows release provider and TypeScript	2026-08-28T05:27:34.7266937Z #define FILE_WRITE_THROUGH                      0x00000002
windows	Build the native Windows release provider and TypeScript	2026-08-28T05:27:34.7269215Z #define FILE_SEQUENTIAL_ONLY                    0x00000004
windows	Build the native Windows release provider and TypeScript	2026-08-28T05:27:34.7271752Z #define FILE_NO_INTERMEDIATE_BUFFERING          0x00000008
windows	Build the native Windows release provider and TypeScript	2026-08-28T05:27:34.7273348Z 
windows	Build the native Windows release provider and TypeScript	2026-08-28T05:27:34.7275761Z #define FILE_SYNCHRONOUS_IO_ALERT               0x00000010
windows	Build the native Windows release provider and TypeScript	2026-08-28T05:27:34.7277621Z #define FILE_SYNCHRONOUS_IO_NONALERT            0x00000020
windows	Build the native Windows release provider and TypeScript	2026-08-28T05:27:34.7279407Z #define FILE_NON_DIRECTORY_FILE                 0x00000040
windows	Build the native Windows release provider and TypeScript	2026-08-28T05:27:34.7281036Z #define FILE_CREATE_TREE_CONNECTION             0x00000080
windows	Build the native Windows release provider and TypeScript	2026-08-28T05:27:34.7282418Z 
windows	Build the native Windows release provider and TypeScript	2026-08-28T05:27:34.7285145Z #define FILE_COMPLETE_IF_OPLOCKED               0x00000100
windows	Build the native Windows release provider and TypeScript	2026-08-28T05:27:34.7286776Z #define FILE_NO_EA_KNOWLEDGE                    0x00000200
windows	Build the native Windows release provider and TypeScript	2026-08-28T05:27:34.7289006Z #define FILE_OPEN_REMOTE_INSTANCE               0x00000400
windows	Build the native Windows release provider and TypeScript	2026-08-28T05:27:34.7291033Z #define FILE_RANDOM_ACCESS                      0x00000800
windows	Build the native Windows release provider and TypeScript	2026-08-28T05:27:34.7292896Z 
windows	Build the native Windows release provider and TypeScript	2026-08-28T05:27:34.7295427Z #define FILE_DELETE_ON_CLOSE                    0x00001000
windows	Build the native Windows release provider and TypeScript	2026-08-28T05:27:34.7297150Z #define FILE_OPEN_BY_FILE_ID                    0x00002000
windows	Build the native Windows release provider and TypeScript	2026-08-28T05:27:34.7299494Z #define FILE_OPEN_FOR_BACKUP_INTENT             0x00004000
windows	Build the native Windows release provider and TypeScript	2026-08-28T05:27:34.7301032Z #define FILE_NO_COMPRESSION                     0x00008000
windows	Build the native Windows release provider and TypeScript	2026-08-28T05:27:34.7302488Z 
windows	Build the native Windows release provider and TypeScript	2026-08-28T05:27:34.7304535Z #if (_WIN32_WINNT >= _WIN32_WINNT_WIN7)
windows	Build the native Windows release provider and TypeScript	2026-08-28T05:27:34.7306416Z --- um/winternl.h line 1007 ---
windows	Build the native Windows release provider and TypeScript	2026-08-28T05:27:34.7308704Z #define FILE_SYNCHRONOUS_IO_ALERT               0x00000010
windows	Build the native Windows release provider and TypeScript	2026-08-28T05:27:34.7310644Z #define FILE_SYNCHRONOUS_IO_NONALERT            0x00000020
windows	Build the native Windows release provider and TypeScript	2026-08-28T05:27:34.7312938Z #define FILE_NON_DIRECTORY_FILE                 0x00000040
windows	Build the native Windows release provider and TypeScript	2026-08-28T05:27:34.7315280Z #define FILE_CREATE_TREE_CONNECTION             0x00000080
windows	Build the native Windows release provider and TypeScript	2026-08-28T05:27:34.7316761Z 
windows	Build the native Windows release provider and TypeScript	2026-08-28T05:27:34.7318884Z #define FILE_COMPLETE_IF_OPLOCKED               0x00000100
windows	Build the native Windows release provider and TypeScript	2026-08-28T05:27:34.7321112Z #define FILE_NO_EA_KNOWLEDGE                    0x00000200
windows	Build the native Windows release provider and TypeScript	2026-08-28T05:27:34.7322682Z #define FILE_OPEN_REMOTE_INSTANCE               0x00000400
windows	Build the native Windows release provider and TypeScript	2026-08-28T05:27:34.7324995Z #define FILE_RANDOM_ACCESS                      0x00000800
windows	Build the native Windows release provider and TypeScript	2026-08-28T05:27:34.7326736Z 
windows	Build the native Windows release provider and TypeScript	2026-08-28T05:27:34.7329089Z #define FILE_DELETE_ON_CLOSE                    0x00001000
windows	Build the native Windows release provider and TypeScript	2026-08-28T05:27:34.7331128Z #define FILE_OPEN_BY_FILE_ID                    0x00002000
windows	Build the native Windows release provider and TypeScript	2026-08-28T05:27:34.7333336Z #define FILE_OPEN_FOR_BACKUP_INTENT             0x00004000
windows	Build the native Windows release provider and TypeScript	2026-08-28T05:27:34.7335187Z #define FILE_NO_COMPRESSION                     0x00008000
windows	Build the native Windows release provider and TypeScript	2026-08-28T05:27:34.7336721Z 
windows	Build the native Windows release provider and TypeScript	2026-08-28T05:27:34.7338698Z #if (_WIN32_WINNT >= _WIN32_WINNT_WIN7)
windows	Build the native Windows release provider and TypeScript	2026-08-28T05:27:34.7340752Z #define FILE_OPEN_REQUIRING_OPLOCK              0x00010000
windows	Build the native Windows release provider and TypeScript	2026-08-28T05:27:34.7342426Z #endif
windows	Build the native Windows release provider and TypeScript	2026-08-28T05:27:34.7344499Z 
windows	Build the native Windows release provider and TypeScript	2026-08-28T05:27:34.7347260Z #define FILE_RESERVE_OPFILTER                   0x00100000
windows	Build the native Windows release provider and TypeScript	2026-08-28T05:27:34.7349761Z #define FILE_OPEN_REPARSE_POINT                 0x00200000
windows	Build the native Windows release provider and TypeScript	2026-08-28T05:27:34.7351456Z #define FILE_OPEN_NO_RECALL                     0x00400000
windows	Build the native Windows release provider and TypeScript	2026-08-28T05:27:34.7353718Z #define FILE_OPEN_FOR_FREE_SPACE_QUERY          0x00800000
windows	Build the native Windows release provider and TypeScript	2026-08-28T05:27:34.7355039Z 
windows	Build the native Windows release provider and TypeScript	2026-08-28T05:27:34.7357517Z #define FILE_VALID_OPTION_FLAGS                 0x00ffffff
windows	Build the native Windows release provider and TypeScript	2026-08-28T05:27:34.7359973Z #define FILE_VALID_PIPE_OPTION_FLAGS            0x00000032
windows	Build the native Windows release provider and TypeScript	2026-08-28T05:27:34.7361752Z #define FILE_VALID_MAILSLOT_OPTION_FLAGS        0x00000032
windows	Build the native Windows release provider and TypeScript	2026-08-28T05:27:34.7363561Z #define FILE_VALID_SET_FLAGS                    0x00000036
windows	Build the native Windows release provider and TypeScript	2026-08-28T05:27:34.7365507Z 
windows	Build the native Windows release provider and TypeScript	2026-08-28T05:27:34.7367565Z //
windows	Build the native Windows release provider and TypeScript	2026-08-28T05:27:34.7370108Z // Define the I/O status information return values for NtCreateFile/NtOpenFile
windows	Build the native Windows release provider and TypeScript	2026-08-28T05:27:34.7371769Z --- um/winternl.h line 1026 ---
windows	Build the native Windows release provider and TypeScript	2026-08-28T05:27:34.7374285Z #define FILE_RESERVE_OPFILTER                   0x00100000
windows	Build the native Windows release provider and TypeScript	2026-08-28T05:27:34.7376426Z #define FILE_OPEN_REPARSE_POINT                 0x00200000
windows	Build the native Windows release provider and TypeScript	2026-08-28T05:27:34.7378680Z #define FILE_OPEN_NO_RECALL                     0x00400000
windows	Build the native Windows release provider and TypeScript	2026-08-28T05:27:34.7380672Z #define FILE_OPEN_FOR_FREE_SPACE_QUERY          0x00800000
windows	Build the native Windows release provider and TypeScript	2026-08-28T05:27:34.7381967Z 
windows	Build the native Windows release provider and TypeScript	2026-08-28T05:27:34.7384130Z #define FILE_VALID_OPTION_FLAGS                 0x00ffffff
windows	Build the native Windows release provider and TypeScript	2026-08-28T05:27:34.7386004Z #define FILE_VALID_PIPE_OPTION_FLAGS            0x00000032
windows	Build the native Windows release provider and TypeScript	2026-08-28T05:27:34.7387570Z #define FILE_VALID_MAILSLOT_OPTION_FLAGS        0x00000032
windows	Build the native Windows release provider and TypeScript	2026-08-28T05:27:34.7389805Z #define FILE_VALID_SET_FLAGS                    0x00000036
windows	Build the native Windows release provider and TypeScript	2026-08-28T05:27:34.7391524Z 
windows	Build the native Windows release provider and TypeScript	2026-08-28T05:27:34.7393939Z //
windows	Build the native Windows release provider and TypeScript	2026-08-28T05:27:34.7396106Z // Define the I/O status information return values for NtCreateFile/NtOpenFile
windows	Build the native Windows release provider and TypeScript	2026-08-28T05:27:34.7397612Z //
windows	Build the native Windows release provider and TypeScript	2026-08-28T05:27:34.7399816Z 
windows	Build the native Windows release provider and TypeScript	2026-08-28T05:27:34.7401885Z #define FILE_SUPERSEDED                 0x00000000
windows	Build the native Windows release provider and TypeScript	2026-08-28T05:27:34.7403598Z #define FILE_OPENED                     0x00000001
windows	Build the native Windows release provider and TypeScript	2026-08-28T05:27:34.7405519Z #define FILE_CREATED                    0x00000002
windows	Build the native Windows release provider and TypeScript	2026-08-28T05:27:34.7407247Z #define FILE_OVERWRITTEN                0x00000003
windows	Build the native Windows release provider and TypeScript	2026-08-28T05:27:34.7409496Z #define FILE_EXISTS                     0x00000004
windows	Build the native Windows release provider and TypeScript	2026-08-28T05:27:34.7411035Z #define FILE_DOES_NOT_EXIST             0x00000005
windows	Build the native Windows release provider and TypeScript	2026-08-28T05:27:34.7413348Z 
windows	Build the native Windows release provider and TypeScript	2026-08-28T05:27:34.7415654Z #ifndef __os_arm64x_get_x64_information
windows	Build the native Windows release provider and TypeScript	2026-08-28T05:27:34.7418046Z #define __os_arm64x_get_x64_information __os_arm64x_rdtsc
windows	Build the native Windows release provider and TypeScript	2026-08-28T05:27:34.7420238Z #endif
windows	Build the native Windows release provider and TypeScript	2026-08-28T05:27:34.7422391Z #ifndef __os_arm64x_set_x64_information
windows	Build the native Windows release provider and TypeScript	2026-08-28T05:27:34.7424739Z #define __os_arm64x_set_x64_information __os_arm64x_cpuidex
windows	Build the native Windows release provider and TypeScript	2026-08-28T05:27:34.7426807Z #endif
windows	Build the native Windows release provider and TypeScript	2026-08-28T05:27:34.7428934Z 
windows	Build the native Windows release provider and TypeScript	2026-08-28T05:27:34.7431907Z #ifdef __cplusplus
windows	Build the native Windows release provider and TypeScript	2026-08-28T05:27:34.7434688Z }
windows	Build the native Windows release provider and TypeScript	2026-08-28T05:27:34.7437686Z #endif
windows	Build the native Windows release provider and TypeScript	2026-08-28T05:27:34.7439701Z --- um/winternl.h line 1036 ---
windows	Build the native Windows release provider and TypeScript	2026-08-28T05:27:34.7441421Z //
windows	Build the native Windows release provider and TypeScript	2026-08-28T05:27:34.7443303Z // Define the I/O status information return values for NtCreateFile/NtOpenFile
windows	Build the native Windows release provider and TypeScript	2026-08-28T05:27:34.7445672Z //
windows	Build the native Windows release provider and TypeScript	2026-08-28T05:27:34.7447029Z 
windows	Build the native Windows release provider and TypeScript	2026-08-28T05:27:34.7449875Z #define FILE_SUPERSEDED                 0x00000000
windows	Build the native Windows release provider and TypeScript	2026-08-28T05:27:34.7451563Z #define FILE_OPENED                     0x00000001
windows	Build the native Windows release provider and TypeScript	2026-08-28T05:27:34.7453187Z #define FILE_CREATED                    0x00000002
windows	Build the native Windows release provider and TypeScript	2026-08-28T05:27:34.7454755Z #define FILE_OVERWRITTEN                0x00000003
windows	Build the native Windows release provider and TypeScript	2026-08-28T05:27:34.7456394Z #define FILE_EXISTS                     0x00000004
windows	Build the native Windows release provider and TypeScript	2026-08-28T05:27:34.7457985Z #define FILE_DOES_NOT_EXIST             0x00000005
windows	Build the native Windows release provider and TypeScript	2026-08-28T05:27:34.7459434Z 
windows	Build the native Windows release provider and TypeScript	2026-08-28T05:27:34.7460981Z #ifndef __os_arm64x_get_x64_information
windows	Build the native Windows release provider and TypeScript	2026-08-28T05:27:34.7462625Z #define __os_arm64x_get_x64_information __os_arm64x_rdtsc
windows	Build the native Windows release provider and TypeScript	2026-08-28T05:27:34.7464195Z #endif
windows	Build the native Windows release provider and TypeScript	2026-08-28T05:27:34.7465627Z #ifndef __os_arm64x_set_x64_information
windows	Build the native Windows release provider and TypeScript	2026-08-28T05:27:34.7468032Z #define __os_arm64x_set_x64_information __os_arm64x_cpuidex
windows	Build the native Windows release provider and TypeScript	2026-08-28T05:27:34.7469489Z #endif
windows	Build the native Windows release provider and TypeScript	2026-08-28T05:27:34.7470973Z 
windows	Build the native Windows release provider and TypeScript	2026-08-28T05:27:34.7489881Z #ifdef __cplusplus
windows	Build the native Windows release provider and TypeScript	2026-08-28T05:27:34.7490595Z }
windows	Build the native Windows release provider and TypeScript	2026-08-28T05:27:34.7491105Z #endif
windows	Build the native Windows release provider and TypeScript	2026-08-28T05:27:34.7491306Z 
windows	Build the native Windows release provider and TypeScript	2026-08-28T05:27:34.7491578Z #endif // (_WIN32_WINNT >= 0x0500)
windows	Build the native Windows release provider and TypeScript	2026-08-28T05:27:34.7492033Z 
windows	Build the native Windows release provider and TypeScript	2026-08-28T05:27:34.7492052Z 
windows	Build the native Windows release provider and TypeScript	2026-08-28T05:27:34.7492479Z #endif /* WINAPI_FAMILY_PARTITION(WINAPI_PARTITION_DESKTOP | WINAPI_PARTITION_SYSTEM) */
windows	Build the native Windows release provider and TypeScript	2026-08-28T05:27:34.7493776Z #pragma endregion
windows	Build the native Windows release provider and TypeScript	2026-08-28T05:27:34.7493994Z 
windows	Build the native Windows release provider and TypeScript	2026-08-28T05:27:34.7494123Z #endif // _WINTERNL_
windows	Build the native Windows release provider and TypeScript	2026-08-28T05:27:34.7494466Z --- um/WinBase.h line 9104 ---
windows	Build the native Windows release provider and TypeScript	2026-08-28T05:27:34.7496727Z #if (_WIN32_WINNT >= _WIN32_WINNT_WIN10_RS1)
windows	Build the native Windows release provider and TypeScript	2026-08-28T05:27:34.7497401Z #define FILE_RENAME_FLAG_REPLACE_IF_EXISTS                  0x00000001
windows	Build the native Windows release provider and TypeScript	2026-08-28T05:27:34.7498212Z #define FILE_RENAME_FLAG_POSIX_SEMANTICS                    0x00000002
windows	Build the native Windows release provider and TypeScript	2026-08-28T05:27:34.7498986Z #endif
windows	Build the native Windows release provider and TypeScript	2026-08-28T05:27:34.7499737Z 
windows	Build the native Windows release provider and TypeScript	2026-08-28T05:27:34.7502323Z #if (_WIN32_WINNT >= _WIN32_WINNT_WIN10_RS3)
windows	Build the native Windows release provider and TypeScript	2026-08-28T05:27:34.7504587Z #define FILE_RENAME_FLAG_SUPPRESS_PIN_STATE_INHERITANCE     0x00000004
windows	Build the native Windows release provider and TypeScript	2026-08-28T05:27:34.7506068Z #endif
windows	Build the native Windows release provider and TypeScript	2026-08-28T05:27:34.7508046Z 
windows	Build the native Windows release provider and TypeScript	2026-08-28T05:27:34.7510702Z typedef struct _FILE_RENAME_INFO {
windows	Build the native Windows release provider and TypeScript	2026-08-28T05:27:34.7513194Z #if (_WIN32_WINNT >= _WIN32_WINNT_WIN10_RS1)
windows	Build the native Windows release provider and TypeScript	2026-08-28T05:27:34.7515030Z     union {
windows	Build the native Windows release provider and TypeScript	2026-08-28T05:27:34.7516907Z         BOOLEAN ReplaceIfExists;  // FileRenameInfo
windows	Build the native Windows release provider and TypeScript	2026-08-28T05:27:34.7519087Z         DWORD Flags;              // FileRenameInfoEx
windows	Build the native Windows release provider and TypeScript	2026-08-28T05:27:34.7520913Z     } DUMMYUNIONNAME;
windows	Build the native Windows release provider and TypeScript	2026-08-28T05:27:34.7522740Z #else
windows	Build the native Windows release provider and TypeScript	2026-08-28T05:27:34.7524466Z     BOOLEAN ReplaceIfExists;
windows	Build the native Windows release provider and TypeScript	2026-08-28T05:27:34.7527343Z #endif
windows	Build the native Windows release provider and TypeScript	2026-08-28T05:27:34.7529355Z     HANDLE RootDirectory;
windows	Build the native Windows release provider and TypeScript	2026-08-28T05:27:34.7532364Z     DWORD FileNameLength;
windows	Build the native Windows release provider and TypeScript	2026-08-28T05:27:34.7534427Z     WCHAR FileName[1];
windows	Build the native Windows release provider and TypeScript	2026-08-28T05:27:34.7536636Z } FILE_RENAME_INFO, *PFILE_RENAME_INFO;
windows	Build the native Windows release provider and TypeScript	2026-08-28T05:27:34.7538523Z 
windows	Build the native Windows release provider and TypeScript	2026-08-28T05:27:34.7540878Z typedef struct _FILE_ALLOCATION_INFO {
windows	Build the native Windows release provider and TypeScript	2026-08-28T05:27:34.7543510Z     LARGE_INTEGER AllocationSize;
windows	Build the native Windows release provider and TypeScript	2026-08-28T05:27:34.7545588Z } FILE_ALLOCATION_INFO, *PFILE_ALLOCATION_INFO;
windows	Build the native Windows release provider and TypeScript	2026-08-28T05:27:34.7547666Z 
windows	Build the native Windows release provider and TypeScript	2026-08-28T05:27:34.7551601Z typedef struct _FILE_END_OF_FILE_INFO {
windows	Build the native Windows release provider and TypeScript	2026-08-28T05:27:34.7555588Z     LARGE_INTEGER EndOfFile;
windows	Build the native Windows release provider and TypeScript	2026-08-28T05:27:34.7558327Z } FILE_END_OF_FILE_INFO, *PFILE_END_OF_FILE_INFO;
windows	Build the native Windows release provider and TypeScript	2026-08-28T05:27:34.7562647Z 
windows	Build the native Windows release provider and TypeScript	2026-08-28T05:27:34.7565657Z --- um/WinBase.h line 9105 ---
windows	Build the native Windows release provider and TypeScript	2026-08-28T05:27:34.7568549Z #define FILE_RENAME_FLAG_REPLACE_IF_EXISTS                  0x00000001
windows	Build the native Windows release provider and TypeScript	2026-08-28T05:27:34.7570316Z #define FILE_RENAME_FLAG_POSIX_SEMANTICS                    0x00000002
windows	Build the native Windows release provider and TypeScript	2026-08-28T05:27:34.7571855Z #endif
windows	Build the native Windows release provider and TypeScript	2026-08-28T05:27:34.7573987Z 
windows	Build the native Windows release provider and TypeScript	2026-08-28T05:27:34.7576278Z #if (_WIN32_WINNT >= _WIN32_WINNT_WIN10_RS3)
windows	Build the native Windows release provider and TypeScript	2026-08-28T05:27:34.7578633Z #define FILE_RENAME_FLAG_SUPPRESS_PIN_STATE_INHERITANCE     0x00000004
windows	Build the native Windows release provider and TypeScript	2026-08-28T05:27:34.7580704Z #endif
windows	Build the native Windows release provider and TypeScript	2026-08-28T05:27:34.7582357Z 
windows	Build the native Windows release provider and TypeScript	2026-08-28T05:27:34.7584671Z typedef struct _FILE_RENAME_INFO {
windows	Build the native Windows release provider and TypeScript	2026-08-28T05:27:34.7586687Z #if (_WIN32_WINNT >= _WIN32_WINNT_WIN10_RS1)
windows	Build the native Windows release provider and TypeScript	2026-08-28T05:27:34.7588714Z     union {
windows	Build the native Windows release provider and TypeScript	2026-08-28T05:27:34.7591618Z         BOOLEAN ReplaceIfExists;  // FileRenameInfo
windows	Build the native Windows release provider and TypeScript	2026-08-28T05:27:34.7593150Z         DWORD Flags;              // FileRenameInfoEx
windows	Build the native Windows release provider and TypeScript	2026-08-28T05:27:34.7595459Z     } DUMMYUNIONNAME;
windows	Build the native Windows release provider and TypeScript	2026-08-28T05:27:34.7597757Z #else
windows	Build the native Windows release provider and TypeScript	2026-08-28T05:27:34.7600267Z     BOOLEAN ReplaceIfExists;
windows	Build the native Windows release provider and TypeScript	2026-08-28T05:27:34.7602743Z #endif
windows	Build the native Windows release provider and TypeScript	2026-08-28T05:27:34.7604537Z     HANDLE RootDirectory;
windows	Build the native Windows release provider and TypeScript	2026-08-28T05:27:34.7606618Z     DWORD FileNameLength;
windows	Build the native Windows release provider and TypeScript	2026-08-28T05:27:34.7608217Z     WCHAR FileName[1];
windows	Build the native Windows release provider and TypeScript	2026-08-28T05:27:34.7609708Z } FILE_RENAME_INFO, *PFILE_RENAME_INFO;
windows	Build the native Windows release provider and TypeScript	2026-08-28T05:27:34.7611686Z 
windows	Build the native Windows release provider and TypeScript	2026-08-28T05:27:34.7613736Z typedef struct _FILE_ALLOCATION_INFO {
windows	Build the native Windows release provider and TypeScript	2026-08-28T05:27:34.7616140Z     LARGE_INTEGER AllocationSize;
windows	Build the native Windows release provider and TypeScript	2026-08-28T05:27:34.7618209Z } FILE_ALLOCATION_INFO, *PFILE_ALLOCATION_INFO;
windows	Build the native Windows release provider and TypeScript	2026-08-28T05:27:34.7619616Z 
windows	Build the native Windows release provider and TypeScript	2026-08-28T05:27:34.7622196Z typedef struct _FILE_END_OF_FILE_INFO {
windows	Build the native Windows release provider and TypeScript	2026-08-28T05:27:34.7623772Z     LARGE_INTEGER EndOfFile;
windows	Build the native Windows release provider and TypeScript	2026-08-28T05:27:34.7625817Z } FILE_END_OF_FILE_INFO, *PFILE_END_OF_FILE_INFO;
windows	Build the native Windows release provider and TypeScript	2026-08-28T05:27:34.7627229Z 
windows	Build the native Windows release provider and TypeScript	2026-08-28T05:27:34.7629737Z typedef struct _FILE_STREAM_INFO {
windows	Build the native Windows release provider and TypeScript	2026-08-28T05:27:34.7632088Z --- um/WinBase.h line 9109 ---
windows	Build the native Windows release provider and TypeScript	2026-08-28T05:27:34.7634150Z #if (_WIN32_WINNT >= _WIN32_WINNT_WIN10_RS3)
windows	Build the native Windows release provider and TypeScript	2026-08-28T05:27:34.7635546Z #define FILE_RENAME_FLAG_SUPPRESS_PIN_STATE_INHERITANCE     0x00000004
windows	Build the native Windows release provider and TypeScript	2026-08-28T05:27:34.7637215Z #endif
windows	Build the native Windows release provider and TypeScript	2026-08-28T05:27:34.7639164Z 
windows	Build the native Windows release provider and TypeScript	2026-08-28T05:27:34.7641687Z typedef struct _FILE_RENAME_INFO {
windows	Build the native Windows release provider and TypeScript	2026-08-28T05:27:34.7643901Z #if (_WIN32_WINNT >= _WIN32_WINNT_WIN10_RS1)
windows	Build the native Windows release provider and TypeScript	2026-08-28T05:27:34.7645604Z     union {
windows	Build the native Windows release provider and TypeScript	2026-08-28T05:27:34.7648013Z         BOOLEAN ReplaceIfExists;  // FileRenameInfo
windows	Build the native Windows release provider and TypeScript	2026-08-28T05:27:34.7649852Z         DWORD Flags;              // FileRenameInfoEx
windows	Build the native Windows release provider and TypeScript	2026-08-28T05:27:34.7652364Z     } DUMMYUNIONNAME;
windows	Build the native Windows release provider and TypeScript	2026-08-28T05:27:34.7654325Z #else
windows	Build the native Windows release provider and TypeScript	2026-08-28T05:27:34.7656132Z     BOOLEAN ReplaceIfExists;
windows	Build the native Windows release provider and TypeScript	2026-08-28T05:27:34.7657971Z #endif
windows	Build the native Windows release provider and TypeScript	2026-08-28T05:27:34.7659839Z     HANDLE RootDirectory;
windows	Build the native Windows release provider and TypeScript	2026-08-28T05:27:34.7661219Z     DWORD FileNameLength;
windows	Build the native Windows release provider and TypeScript	2026-08-28T05:27:34.7663590Z     WCHAR FileName[1];
windows	Build the native Windows release provider and TypeScript	2026-08-28T05:27:34.7753972Z } FILE_RENAME_INFO, *PFILE_RENAME_INFO;
windows	Build the native Windows release provider and TypeScript	2026-08-28T05:27:34.7754670Z 
windows	Build the native Windows release provider and TypeScript	2026-08-28T05:27:34.7757542Z typedef struct _FILE_ALLOCATION_INFO {
windows	Build the native Windows release provider and TypeScript	2026-08-28T05:27:34.7759122Z     LARGE_INTEGER AllocationSize;
windows	Build the native Windows release provider and TypeScript	2026-08-28T05:27:34.7761088Z } FILE_ALLOCATION_INFO, *PFILE_ALLOCATION_INFO;
windows	Build the native Windows release provider and TypeScript	2026-08-28T05:27:34.7763253Z 
windows	Build the native Windows release provider and TypeScript	2026-08-28T05:27:34.7765197Z typedef struct _FILE_END_OF_FILE_INFO {
windows	Build the native Windows release provider and TypeScript	2026-08-28T05:27:34.7768749Z     LARGE_INTEGER EndOfFile;
windows	Build the native Windows release provider and TypeScript	2026-08-28T05:27:34.7770431Z } FILE_END_OF_FILE_INFO, *PFILE_END_OF_FILE_INFO;
windows	Build the native Windows release provider and TypeScript	2026-08-28T05:27:34.7771672Z 
windows	Build the native Windows release provider and TypeScript	2026-08-28T05:27:34.7774387Z typedef struct _FILE_STREAM_INFO {
windows	Build the native Windows release provider and TypeScript	2026-08-28T05:27:34.7776508Z     DWORD NextEntryOffset;
windows	Build the native Windows release provider and TypeScript	2026-08-28T05:27:34.7778071Z     DWORD StreamNameLength;
windows	Build the native Windows release provider and TypeScript	2026-08-28T05:27:34.7780659Z     LARGE_INTEGER StreamSize;
windows	Build the native Windows release provider and TypeScript	2026-08-28T05:27:34.7782520Z     LARGE_INTEGER StreamAllocationSize;
windows	Build the native Windows release provider and TypeScript	2026-08-28T05:27:34.7784539Z --- um/WinBase.h line 9112 ---
windows	Build the native Windows release provider and TypeScript	2026-08-28T05:27:34.7786505Z 
windows	Build the native Windows release provider and TypeScript	2026-08-28T05:27:34.7788736Z typedef struct _FILE_RENAME_INFO {
windows	Build the native Windows release provider and TypeScript	2026-08-28T05:27:34.7791197Z #if (_WIN32_WINNT >= _WIN32_WINNT_WIN10_RS1)
windows	Build the native Windows release provider and TypeScript	2026-08-28T05:27:34.7792316Z     union {
windows	Build the native Windows release provider and TypeScript	2026-08-28T05:27:34.7794963Z         BOOLEAN ReplaceIfExists;  // FileRenameInfo
windows	Build the native Windows release provider and TypeScript	2026-08-28T05:27:34.7796371Z         DWORD Flags;              // FileRenameInfoEx
windows	Build the native Windows release provider and TypeScript	2026-08-28T05:27:34.7798869Z     } DUMMYUNIONNAME;
windows	Build the native Windows release provider and TypeScript	2026-08-28T05:27:34.7800843Z #else
windows	Build the native Windows release provider and TypeScript	2026-08-28T05:27:34.7802943Z     BOOLEAN ReplaceIfExists;
windows	Build the native Windows release provider and TypeScript	2026-08-28T05:27:34.7805138Z #endif
windows	Build the native Windows release provider and TypeScript	2026-08-28T05:27:34.7807712Z     HANDLE RootDirectory;
windows	Build the native Windows release provider and TypeScript	2026-08-28T05:27:34.7809873Z     DWORD FileNameLength;
windows	Build the native Windows release provider and TypeScript	2026-08-28T05:27:34.7811850Z     WCHAR FileName[1];
windows	Build the native Windows release provider and TypeScript	2026-08-28T05:27:34.7813873Z } FILE_RENAME_INFO, *PFILE_RENAME_INFO;
windows	Build the native Windows release provider and TypeScript	2026-08-28T05:27:34.7816118Z 
windows	Build the native Windows release provider and TypeScript	2026-08-28T05:27:34.7817828Z typedef struct _FILE_ALLOCATION_INFO {
windows	Build the native Windows release provider and TypeScript	2026-08-28T05:27:34.7820019Z     LARGE_INTEGER AllocationSize;
windows	Build the native Windows release provider and TypeScript	2026-08-28T05:27:34.7821557Z } FILE_ALLOCATION_INFO, *PFILE_ALLOCATION_INFO;
windows	Build the native Windows release provider and TypeScript	2026-08-28T05:27:34.7823136Z 
windows	Build the native Windows release provider and TypeScript	2026-08-28T05:27:34.7825568Z typedef struct _FILE_END_OF_FILE_INFO {
windows	Build the native Windows release provider and TypeScript	2026-08-28T05:27:34.7827809Z     LARGE_INTEGER EndOfFile;
windows	Build the native Windows release provider and TypeScript	2026-08-28T05:27:34.7829925Z } FILE_END_OF_FILE_INFO, *PFILE_END_OF_FILE_INFO;
windows	Build the native Windows release provider and TypeScript	2026-08-28T05:27:34.7831790Z 
windows	Build the native Windows release provider and TypeScript	2026-08-28T05:27:34.7834349Z typedef struct _FILE_STREAM_INFO {
windows	Build the native Windows release provider and TypeScript	2026-08-28T05:27:34.7836581Z     DWORD NextEntryOffset;
windows	Build the native Windows release provider and TypeScript	2026-08-28T05:27:34.7838378Z     DWORD StreamNameLength;
windows	Build the native Windows release provider and TypeScript	2026-08-28T05:27:34.7841000Z     LARGE_INTEGER StreamSize;
windows	Build the native Windows release provider and TypeScript	2026-08-28T05:27:34.7842972Z     LARGE_INTEGER StreamAllocationSize;
windows	Build the native Windows release provider and TypeScript	2026-08-28T05:27:34.7845072Z     WCHAR StreamName[1];
windows	Build the native Windows release provider and TypeScript	2026-08-28T05:27:34.7846331Z } FILE_STREAM_INFO, *PFILE_STREAM_INFO;
windows	Build the native Windows release provider and TypeScript	2026-08-28T05:27:34.7848900Z 
windows	Build the native Windows release provider and TypeScript	2026-08-28T05:27:34.7851142Z --- um/WinBase.h line 9116 ---
windows	Build the native Windows release provider and TypeScript	2026-08-28T05:27:34.7853001Z         BOOLEAN ReplaceIfExists;  // FileRenameInfo
windows	Build the native Windows release provider and TypeScript	2026-08-28T05:27:34.7855626Z         DWORD Flags;              // FileRenameInfoEx
windows	Build the native Windows release provider and TypeScript	2026-08-28T05:27:34.7857128Z     } DUMMYUNIONNAME;
windows	Build the native Windows release provider and TypeScript	2026-08-28T05:27:34.7859892Z #else
windows	Build the native Windows release provider and TypeScript	2026-08-28T05:27:34.7862027Z     BOOLEAN ReplaceIfExists;
windows	Build the native Windows release provider and TypeScript	2026-08-28T05:27:34.7865012Z #endif
windows	Build the native Windows release provider and TypeScript	2026-08-28T05:27:34.7866818Z     HANDLE RootDirectory;
windows	Build the native Windows release provider and TypeScript	2026-08-28T05:27:34.7868785Z     DWORD FileNameLength;
windows	Build the native Windows release provider and TypeScript	2026-08-28T05:27:34.7870487Z     WCHAR FileName[1];
windows	Build the native Windows release provider and TypeScript	2026-08-28T05:27:34.7872408Z } FILE_RENAME_INFO, *PFILE_RENAME_INFO;
windows	Build the native Windows release provider and TypeScript	2026-08-28T05:27:34.7874740Z 
windows	Build the native Windows release provider and TypeScript	2026-08-28T05:27:34.7876199Z typedef struct _FILE_ALLOCATION_INFO {
windows	Build the native Windows release provider and TypeScript	2026-08-28T05:27:34.7878691Z     LARGE_INTEGER AllocationSize;
windows	Build the native Windows release provider and TypeScript	2026-08-28T05:27:34.7880677Z } FILE_ALLOCATION_INFO, *PFILE_ALLOCATION_INFO;
windows	Build the native Windows release provider and TypeScript	2026-08-28T05:27:34.7882011Z 
windows	Build the native Windows release provider and TypeScript	2026-08-28T05:27:34.7884684Z typedef struct _FILE_END_OF_FILE_INFO {
windows	Build the native Windows release provider and TypeScript	2026-08-28T05:27:34.7887614Z     LARGE_INTEGER EndOfFile;
windows	Build the native Windows release provider and TypeScript	2026-08-28T05:27:34.7890050Z } FILE_END_OF_FILE_INFO, *PFILE_END_OF_FILE_INFO;
windows	Build the native Windows release provider and TypeScript	2026-08-28T05:27:34.7891774Z 
windows	Build the native Windows release provider and TypeScript	2026-08-28T05:27:34.7894392Z typedef struct _FILE_STREAM_INFO {
windows	Build the native Windows release provider and TypeScript	2026-08-28T05:27:34.7896666Z     DWORD NextEntryOffset;
windows	Build the native Windows release provider and TypeScript	2026-08-28T05:27:34.7898510Z     DWORD StreamNameLength;
windows	Build the native Windows release provider and TypeScript	2026-08-28T05:27:34.7900548Z     LARGE_INTEGER StreamSize;
windows	Build the native Windows release provider and TypeScript	2026-08-28T05:27:34.7902870Z     LARGE_INTEGER StreamAllocationSize;
windows	Build the native Windows release provider and TypeScript	2026-08-28T05:27:34.7904737Z     WCHAR StreamName[1];
windows	Build the native Windows release provider and TypeScript	2026-08-28T05:27:34.7907596Z } FILE_STREAM_INFO, *PFILE_STREAM_INFO;
windows	Build the native Windows release provider and TypeScript	2026-08-28T05:27:34.7909617Z 
windows	Build the native Windows release provider and TypeScript	2026-08-28T05:27:34.7912145Z typedef struct _FILE_COMPRESSION_INFO {
windows	Build the native Windows release provider and TypeScript	2026-08-28T05:27:34.7913979Z     LARGE_INTEGER CompressedFileSize;
windows	Build the native Windows release provider and TypeScript	2026-08-28T05:27:34.7916783Z     WORD CompressionFormat;
windows	Build the native Windows release provider and TypeScript	2026-08-28T05:27:34.7918982Z     UCHAR CompressionUnitShift;
windows	Build the native Windows release provider and TypeScript	2026-08-28T05:27:34.7921191Z --- um/WinBase.h line 9156 ---
windows	Build the native Windows release provider and TypeScript	2026-08-28T05:27:34.7923369Z 
windows	Build the native Windows release provider and TypeScript	2026-08-28T05:27:34.7926441Z typedef struct _FILE_DISPOSITION_INFO {
windows	Build the native Windows release provider and TypeScript	2026-08-28T05:27:34.7928649Z     BOOLEAN DeleteFile;
windows	Build the native Windows release provider and TypeScript	2026-08-28T05:27:34.7930176Z } FILE_DISPOSITION_INFO, *PFILE_DISPOSITION_INFO;
windows	Build the native Windows release provider and TypeScript	2026-08-28T05:27:34.7931812Z 
windows	Build the native Windows release provider and TypeScript	2026-08-28T05:27:34.7934583Z #if (_WIN32_WINNT >= _WIN32_WINNT_WIN10_RS1)
windows	Build the native Windows release provider and TypeScript	2026-08-28T05:27:34.7936450Z #define FILE_DISPOSITION_FLAG_DO_NOT_DELETE              0x00000000
windows	Build the native Windows release provider and TypeScript	2026-08-28T05:27:34.7940135Z #define FILE_DISPOSITION_FLAG_DELETE                     0x00000001
windows	Build the native Windows release provider and TypeScript	2026-08-28T05:27:34.7941758Z #define FILE_DISPOSITION_FLAG_POSIX_SEMANTICS            0x00000002
windows	Build the native Windows release provider and TypeScript	2026-08-28T05:27:34.7943555Z #define FILE_DISPOSITION_FLAG_FORCE_IMAGE_SECTION_CHECK  0x00000004
windows	Build the native Windows release provider and TypeScript	2026-08-28T05:27:34.7945718Z #define FILE_DISPOSITION_FLAG_ON_CLOSE                   0x00000008
windows	Build the native Windows release provider and TypeScript	2026-08-28T05:27:34.7947241Z #if (_WIN32_WINNT >= _WIN32_WINNT_WIN10_RS5)
windows	Build the native Windows release provider and TypeScript	2026-08-28T05:27:34.7949464Z #define FILE_DISPOSITION_FLAG_IGNORE_READONLY_ATTRIBUTE  0x00000010
windows	Build the native Windows release provider and TypeScript	2026-08-28T05:27:34.7951788Z #endif
windows	Build the native Windows release provider and TypeScript	2026-08-28T05:27:34.7953193Z 
windows	Build the native Windows release provider and TypeScript	2026-08-28T05:27:34.7955328Z typedef struct _FILE_DISPOSITION_INFO_EX {
windows	Build the native Windows release provider and TypeScript	2026-08-28T05:27:34.7957405Z     DWORD Flags;
windows	Build the native Windows release provider and TypeScript	2026-08-28T05:27:34.7959038Z } FILE_DISPOSITION_INFO_EX, *PFILE_DISPOSITION_INFO_EX;
windows	Build the native Windows release provider and TypeScript	2026-08-28T05:27:34.7961168Z #endif
windows	Build the native Windows release provider and TypeScript	2026-08-28T05:27:34.7962987Z 
windows	Build the native Windows release provider and TypeScript	2026-08-28T05:27:34.7965113Z typedef struct _FILE_ID_BOTH_DIR_INFO {
windows	Build the native Windows release provider and TypeScript	2026-08-28T05:27:34.7967594Z     DWORD NextEntryOffset;
windows	Build the native Windows release provider and TypeScript	2026-08-28T05:27:34.7969833Z     DWORD FileIndex;
windows	Build the native Windows release provider and TypeScript	2026-08-28T05:27:34.7972436Z     LARGE_INTEGER CreationTime;
windows	Build the native Windows release provider and TypeScript	2026-08-28T05:27:34.7974240Z     LARGE_INTEGER LastAccessTime;
windows	Build the native Windows release provider and TypeScript	2026-08-28T05:27:34.7976653Z     LARGE_INTEGER LastWriteTime;
windows	Build the native Windows release provider and TypeScript	2026-08-28T05:27:34.7978465Z     LARGE_INTEGER ChangeTime;
windows	Build the native Windows release provider and TypeScript	2026-08-28T05:27:34.7980820Z     LARGE_INTEGER EndOfFile;
windows	Build the native Windows release provider and TypeScript	2026-08-28T05:27:34.7983066Z     LARGE_INTEGER AllocationSize;
windows	Build the native Windows release provider and TypeScript	2026-08-28T05:27:34.7985321Z     DWORD FileAttributes;
windows	Build the native Windows release provider and TypeScript	2026-08-28T05:27:34.7987031Z     DWORD FileNameLength;
windows	Build the native Windows release provider and TypeScript	2026-08-28T05:27:34.7988971Z --- um/WinBase.h line 9170 ---
windows	Build the native Windows release provider and TypeScript	2026-08-28T05:27:34.7990618Z 
windows	Build the native Windows release provider and TypeScript	2026-08-28T05:27:34.7993190Z typedef struct _FILE_DISPOSITION_INFO_EX {
windows	Build the native Windows release provider and TypeScript	2026-08-28T05:27:34.7994560Z     DWORD Flags;
windows	Build the native Windows release provider and TypeScript	2026-08-28T05:27:34.7996763Z } FILE_DISPOSITION_INFO_EX, *PFILE_DISPOSITION_INFO_EX;
windows	Build the native Windows release provider and TypeScript	2026-08-28T05:27:34.7998788Z #endif
windows	Build the native Windows release provider and TypeScript	2026-08-28T05:27:34.8000440Z 
windows	Build the native Windows release provider and TypeScript	2026-08-28T05:27:34.8002723Z typedef struct _FILE_ID_BOTH_DIR_INFO {
windows	Build the native Windows release provider and TypeScript	2026-08-28T05:27:34.8004807Z     DWORD NextEntryOffset;
windows	Build the native Windows release provider and TypeScript	2026-08-28T05:27:34.8007513Z     DWORD FileIndex;
windows	Build the native Windows release provider and TypeScript	2026-08-28T05:27:34.8009474Z     LARGE_INTEGER CreationTime;
windows	Build the native Windows release provider and TypeScript	2026-08-28T05:27:34.8011914Z     LARGE_INTEGER LastAccessTime;
windows	Build the native Windows release provider and TypeScript	2026-08-28T05:27:34.8014405Z     LARGE_INTEGER LastWriteTime;
windows	Build the native Windows release provider and TypeScript	2026-08-28T05:27:34.8016763Z     LARGE_INTEGER ChangeTime;
windows	Build the native Windows release provider and TypeScript	2026-08-28T05:27:34.8019093Z     LARGE_INTEGER EndOfFile;
windows	Build the native Windows release provider and TypeScript	2026-08-28T05:27:34.8021278Z     LARGE_INTEGER AllocationSize;
windows	Build the native Windows release provider and TypeScript	2026-08-28T05:27:34.8023584Z     DWORD FileAttributes;
windows	Build the native Windows release provider and TypeScript	2026-08-28T05:27:34.8025581Z     DWORD FileNameLength;
windows	Build the native Windows release provider and TypeScript	2026-08-28T05:27:34.8027550Z     DWORD EaSize;
windows	Build the native Windows release provider and TypeScript	2026-08-28T05:27:34.8029765Z     CCHAR ShortNameLength;
windows	Build the native Windows release provider and TypeScript	2026-08-28T05:27:34.8031430Z     WCHAR ShortName[12];
windows	Build the native Windows release provider and TypeScript	2026-08-28T05:27:34.8034067Z     LARGE_INTEGER FileId;
windows	Build the native Windows release provider and TypeScript	2026-08-28T05:27:34.8036068Z     WCHAR FileName[1];
windows	Build the native Windows release provider and TypeScript	2026-08-28T05:27:34.8038599Z } FILE_ID_BOTH_DIR_INFO, *PFILE_ID_BOTH_DIR_INFO;
windows	Build the native Windows release provider and TypeScript	2026-08-28T05:27:34.8040834Z 
windows	Build the native Windows release provider and TypeScript	2026-08-28T05:27:34.8043056Z typedef struct _FILE_FULL_DIR_INFO {
windows	Build the native Windows release provider and TypeScript	2026-08-28T05:27:34.8045098Z     ULONG NextEntryOffset;
windows	Build the native Windows release provider and TypeScript	2026-08-28T05:27:34.8047197Z     ULONG FileIndex;
windows	Build the native Windows release provider and TypeScript	2026-08-28T05:27:34.8049491Z     LARGE_INTEGER CreationTime;
windows	Build the native Windows release provider and TypeScript	2026-08-28T05:27:34.8052061Z     LARGE_INTEGER LastAccessTime;
windows	Build the native Windows release provider and TypeScript	2026-08-28T05:27:34.8054550Z     LARGE_INTEGER LastWriteTime;
windows	Build the native Windows release provider and TypeScript	2026-08-28T05:27:34.8056380Z     LARGE_INTEGER ChangeTime;
windows	Build the native Windows release provider and TypeScript	2026-08-28T05:27:34.8058640Z --- um/WinBase.h line 9259 ---
windows	Build the native Windows release provider and TypeScript	2026-08-28T05:27:34.8060412Z //
windows	Build the native Windows release provider and TypeScript	2026-08-28T05:27:34.8062806Z typedef struct _FILE_ID_INFO {
windows	Build the native Windows release provider and TypeScript	2026-08-28T05:27:34.8065054Z     ULONGLONG VolumeSerialNumber;
windows	Build the native Windows release provider and TypeScript	2026-08-28T05:27:34.8066829Z     FILE_ID_128 FileId;
windows	Build the native Windows release provider and TypeScript	2026-08-28T05:27:34.8069105Z } FILE_ID_INFO, *PFILE_ID_INFO;
windows	Build the native Windows release provider and TypeScript	2026-08-28T05:27:34.8071055Z 
windows	Build the native Windows release provider and TypeScript	2026-08-28T05:27:34.8073885Z //
windows	Build the native Windows release provider and TypeScript	2026-08-28T05:27:34.8075927Z //  Structure definition for FileIdExtdDirectoryInfo
windows	Build the native Windows release provider and TypeScript	2026-08-28T05:27:34.8077313Z //
windows	Build the native Windows release provider and TypeScript	2026-08-28T05:27:34.8079677Z typedef struct _FILE_ID_EXTD_DIR_INFO {
windows	Build the native Windows release provider and TypeScript	2026-08-28T05:27:34.8081517Z     ULONG NextEntryOffset;
windows	Build the native Windows release provider and TypeScript	2026-08-28T05:27:34.8085057Z     ULONG FileIndex;
windows	Build the native Windows release provider and TypeScript	2026-08-28T05:27:34.8087534Z     LARGE_INTEGER CreationTime;
windows	Build the native Windows release provider and TypeScript	2026-08-28T05:27:34.8089486Z     LARGE_INTEGER LastAccessTime;
windows	Build the native Windows release provider and TypeScript	2026-08-28T05:27:34.8091399Z     LARGE_INTEGER LastWriteTime;
windows	Build the native Windows release provider and TypeScript	2026-08-28T05:27:34.8093659Z     LARGE_INTEGER ChangeTime;
windows	Build the native Windows release provider and TypeScript	2026-08-28T05:27:34.8096117Z     LARGE_INTEGER EndOfFile;
windows	Build the native Windows release provider and TypeScript	2026-08-28T05:27:34.8098406Z     LARGE_INTEGER AllocationSize;
windows	Build the native Windows release provider and TypeScript	2026-08-28T05:27:34.8100143Z     ULONG FileAttributes;
windows	Build the native Windows release provider and TypeScript	2026-08-28T05:27:34.8102176Z     ULONG FileNameLength;
windows	Build the native Windows release provider and TypeScript	2026-08-28T05:27:34.8105183Z     ULONG EaSize;
windows	Build the native Windows release provider and TypeScript	2026-08-28T05:27:34.8107012Z     ULONG ReparsePointTag;
windows	Build the native Windows release provider and TypeScript	2026-08-28T05:27:34.8109173Z     FILE_ID_128 FileId;
windows	Build the native Windows release provider and TypeScript	2026-08-28T05:27:34.8111286Z     WCHAR FileName[1];
windows	Build the native Windows release provider and TypeScript	2026-08-28T05:27:34.8113420Z } FILE_ID_EXTD_DIR_INFO, *PFILE_ID_EXTD_DIR_INFO;
windows	Build the native Windows release provider and TypeScript	2026-08-28T05:27:34.8115451Z 
windows	Build the native Windows release provider and TypeScript	2026-08-28T05:27:34.8118609Z #endif
windows	Build the native Windows release provider and TypeScript	2026-08-28T05:27:34.8120389Z 
windows	Build the native Windows release provider and TypeScript	2026-08-28T05:27:34.8122372Z //
windows	Build the native Windows release provider and TypeScript	2026-08-28T05:27:34.8125268Z // File Remote protocol info (FileRemoteProtocolInfo)
windows	Build the native Windows release provider and TypeScript	2026-08-28T05:27:34.8127185Z //
windows	Build the native Windows release provider and TypeScript	2026-08-28T05:27:34.8129208Z --- um/fileapi.h line 889 ---
windows	Build the native Windows release provider and TypeScript	2026-08-28T05:27:34.8130854Z WINAPI
windows	Build the native Windows release provider and TypeScript	2026-08-28T05:27:34.8132813Z GetVolumeInformationByHandleW(
windows	Build the native Windows release provider and TypeScript	2026-08-28T05:27:34.8134658Z     _In_ HANDLE hFile,
windows	Build the native Windows release provider and TypeScript	2026-08-28T05:27:34.8136728Z     _Out_writes_opt_(nVolumeNameSize) LPWSTR lpVolumeNameBuffer,
windows	Build the native Windows release provider and TypeScript	2026-08-28T05:27:34.8138435Z     _In_ DWORD nVolumeNameSize,
windows	Build the native Windows release provider and TypeScript	2026-08-28T05:27:34.8140531Z     _Out_opt_ LPDWORD lpVolumeSerialNumber,
windows	Build the native Windows release provider and TypeScript	2026-08-28T05:27:34.8142747Z     _Out_opt_ LPDWORD lpMaximumComponentLength,
windows	Build the native Windows release provider and TypeScript	2026-08-28T05:27:34.8145370Z     _Out_opt_ LPDWORD lpFileSystemFlags,
windows	Build the native Windows release provider and TypeScript	2026-08-28T05:27:34.8148017Z     _Out_writes_opt_(nFileSystemNameSize) LPWSTR lpFileSystemNameBuffer,
windows	Build the native Windows release provider and TypeScript	2026-08-28T05:27:34.8149691Z     _In_ DWORD nFileSystemNameSize
windows	Build the native Windows release provider and TypeScript	2026-08-28T05:27:34.8151856Z     );
windows	Build the native Windows release provider and TypeScript	2026-08-28T05:27:34.8153845Z 
windows	Build the native Windows release provider and TypeScript	2026-08-28T05:27:34.8156611Z #endif /* _WIN32_WINNT >=  0x0600 */
windows	Build the native Windows release provider and TypeScript	2026-08-28T05:27:34.8158279Z 
windows	Build the native Windows release provider and TypeScript	2026-08-28T05:27:34.8160871Z WINBASEAPI
windows	Build the native Windows release provider and TypeScript	2026-08-28T05:27:34.8162717Z BOOL
windows	Build the native Windows release provider and TypeScript	2026-08-28T05:27:34.8164766Z WINAPI
windows	Build the native Windows release provider and TypeScript	2026-08-28T05:27:34.8166693Z GetVolumeInformationW(
windows	Build the native Windows release provider and TypeScript	2026-08-28T05:27:34.8169012Z     _In_opt_ LPCWSTR lpRootPathName,
windows	Build the native Windows release provider and TypeScript	2026-08-28T05:27:34.8171253Z     _Out_writes_opt_(nVolumeNameSize) LPWSTR lpVolumeNameBuffer,
windows	Build the native Windows release provider and TypeScript	2026-08-28T05:27:34.8173125Z     _In_ DWORD nVolumeNameSize,
windows	Build the native Windows release provider and TypeScript	2026-08-28T05:27:34.8175175Z     _Out_opt_ LPDWORD lpVolumeSerialNumber,
windows	Build the native Windows release provider and TypeScript	2026-08-28T05:27:34.8177195Z     _Out_opt_ LPDWORD lpMaximumComponentLength,
windows	Build the native Windows release provider and TypeScript	2026-08-28T05:27:34.8179125Z     _Out_opt_ LPDWORD lpFileSystemFlags,
windows	Build the native Windows release provider and TypeScript	2026-08-28T05:27:34.8181678Z     _Out_writes_opt_(nFileSystemNameSize) LPWSTR lpFileSystemNameBuffer,
windows	Build the native Windows release provider and TypeScript	2026-08-28T05:27:34.8183218Z     _In_ DWORD nFileSystemNameSize
windows	Build the native Windows release provider and TypeScript	2026-08-28T05:27:34.8185563Z     );
windows	Build the native Windows release provider and TypeScript	2026-08-28T05:27:34.8187147Z 
windows	Build the native Windows release provider and TypeScript	2026-08-28T05:27:34.8189713Z #ifdef UNICODE
windows	Build the native Windows release provider and TypeScript	2026-08-28T05:27:34.8191852Z #define GetVolumeInformation  GetVolumeInformationW
windows	Build the native Windows release provider and TypeScript	2026-08-28T05:27:34.8193326Z #endif
windows	Build the native Windows release provider and TypeScript	2026-08-28T05:27:34.8195565Z --- um/winternl.h line 213 ---
windows	Build the native Windows release provider and TypeScript	2026-08-28T05:27:34.8197561Z 
windows	Build the native Windows release provider and TypeScript	2026-08-28T05:27:34.8199831Z typedef struct _OBJECT_ATTRIBUTES {
windows	Build the native Windows release provider and TypeScript	2026-08-28T05:27:34.8201973Z     ULONG Length;
windows	Build the native Windows release provider and TypeScript	2026-08-28T05:27:34.8204063Z     HANDLE RootDirectory;
windows	Build the native Windows release provider and TypeScript	2026-08-28T05:27:34.8206952Z     PUNICODE_STRING ObjectName;
windows	Build the native Windows release provider and TypeScript	2026-08-28T05:27:34.8209316Z     ULONG Attributes;
windows	Build the native Windows release provider and TypeScript	2026-08-28T05:27:34.8213391Z     PVOID SecurityDescriptor;
windows	Build the native Windows release provider and TypeScript	2026-08-28T05:27:34.8216154Z     PVOID SecurityQualityOfService;
windows	Build the native Windows release provider and TypeScript	2026-08-28T05:27:34.8218604Z } OBJECT_ATTRIBUTES;
windows	Build the native Windows release provider and TypeScript	2026-08-28T05:27:34.8220966Z typedef OBJECT_ATTRIBUTES *POBJECT_ATTRIBUTES;
windows	Build the native Windows release provider and TypeScript	2026-08-28T05:27:34.8222611Z 
windows	Build the native Windows release provider and TypeScript	2026-08-28T05:27:34.8224872Z typedef struct _IO_STATUS_BLOCK {
windows	Build the native Windows release provider and TypeScript	2026-08-28T05:27:34.8227397Z #pragma warning(push)
windows	Build the native Windows release provider and TypeScript	2026-08-28T05:27:34.8229852Z #pragma warning(disable: 4201) // we'll always use the Microsoft compiler
windows	Build the native Windows release provider and TypeScript	2026-08-28T05:27:34.8231190Z     union {
windows	Build the native Windows release provider and TypeScript	2026-08-28T05:27:34.8233326Z         NTSTATUS Status;
windows	Build the native Windows release provider and TypeScript	2026-08-28T05:27:34.8235184Z         PVOID Pointer;
windows	Build the native Windows release provider and TypeScript	2026-08-28T05:27:34.8236810Z     } DUMMYUNIONNAME;
windows	Build the native Windows release provider and TypeScript	2026-08-28T05:27:34.8239066Z #pragma warning(pop)
windows	Build the native Windows release provider and TypeScript	2026-08-28T05:27:34.8241068Z 
windows	Build the native Windows release provider and TypeScript	2026-08-28T05:27:34.8243759Z     ULONG_PTR Information;
windows	Build the native Windows release provider and TypeScript	2026-08-28T05:27:34.8246027Z } IO_STATUS_BLOCK, *PIO_STATUS_BLOCK;
windows	Build the native Windows release provider and TypeScript	2026-08-28T05:27:34.8247693Z 
windows	Build the native Windows release provider and TypeScript	2026-08-28T05:27:34.8250365Z typedef
windows	Build the native Windows release provider and TypeScript	2026-08-28T05:27:34.8251974Z VOID
windows	Build the native Windows release provider and TypeScript	2026-08-28T05:27:34.8253958Z (NTAPI *PIO_APC_ROUTINE) (
windows	Build the native Windows release provider and TypeScript	2026-08-28T05:27:34.8255698Z     IN PVOID ApcContext,
windows	Build the native Windows release provider and TypeScript	2026-08-28T05:27:34.8258036Z     IN PIO_STATUS_BLOCK IoStatusBlock,
windows	Build the native Windows release provider and TypeScript	2026-08-28T05:27:34.8259703Z     IN ULONG Reserved
windows	Build the native Windows release provider and TypeScript	2026-08-28T05:27:34.8261831Z     );
windows	Build the native Windows release provider and TypeScript	2026-08-28T05:27:34.8263961Z 
windows	Build the native Windows release provider and TypeScript	2026-08-28T05:27:34.8266863Z --- um/winternl.h line 475 ---
windows	Build the native Windows release provider and TypeScript	2026-08-28T05:27:34.8269309Z NTAPI
windows	Build the native Windows release provider and TypeScript	2026-08-28T05:27:34.8270770Z NtCreateFile (
windows	Build the native Windows release provider and TypeScript	2026-08-28T05:27:34.8272607Z     OUT PHANDLE FileHandle,
windows	Build the native Windows release provider and TypeScript	2026-08-28T05:27:34.8274930Z     IN ACCESS_MASK DesiredAccess,
windows	Build the native Windows release provider and TypeScript	2026-08-28T05:27:34.8277218Z     IN POBJECT_ATTRIBUTES ObjectAttributes,
windows	Build the native Windows release provider and TypeScript	2026-08-28T05:27:34.8279426Z     OUT PIO_STATUS_BLOCK IoStatusBlock,
windows	Build the native Windows release provider and TypeScript	2026-08-28T05:27:34.8281179Z     IN PLARGE_INTEGER AllocationSize OPTIONAL,
windows	Build the native Windows release provider and TypeScript	2026-08-28T05:27:34.8283374Z     IN ULONG FileAttributes,
windows	Build the native Windows release provider and TypeScript	2026-08-28T05:27:34.8285435Z     IN ULONG ShareAccess,
windows	Build the native Windows release provider and TypeScript	2026-08-28T05:27:34.8287097Z     IN ULONG CreateDisposition,
windows	Build the native Windows release provider and TypeScript	2026-08-28T05:27:34.8288844Z     IN ULONG CreateOptions,
windows	Build the native Windows release provider and TypeScript	2026-08-28T05:27:34.8290906Z     IN PVOID EaBuffer OPTIONAL,
windows	Build the native Windows release provider and TypeScript	2026-08-28T05:27:34.8293007Z     IN ULONG EaLength
windows	Build the native Windows release provider and TypeScript	2026-08-28T05:27:34.8294954Z     );
windows	Build the native Windows release provider and TypeScript	2026-08-28T05:27:34.8296735Z 
windows	Build the native Windows release provider and TypeScript	2026-08-28T05:27:34.8299226Z //
windows	Build the native Windows release provider and TypeScript	2026-08-28T05:27:34.8301339Z // use the Win32 API instead
windows	Build the native Windows release provider and TypeScript	2026-08-28T05:27:34.8303011Z //     CreateFile
windows	Build the native Windows release provider and TypeScript	2026-08-28T05:27:34.8305509Z //
windows	Build the native Windows release provider and TypeScript	2026-08-28T05:27:34.8307206Z __kernel_entry NTSTATUS
windows	Build the native Windows release provider and TypeScript	2026-08-28T05:27:34.8308967Z NTAPI
windows	Build the native Windows release provider and TypeScript	2026-08-28T05:27:34.8311413Z NtOpenFile (
windows	Build the native Windows release provider and TypeScript	2026-08-28T05:27:34.8313053Z     OUT PHANDLE FileHandle,
windows	Build the native Windows release provider and TypeScript	2026-08-28T05:27:34.8315367Z     IN ACCESS_MASK DesiredAccess,
windows	Build the native Windows release provider and TypeScript	2026-08-28T05:27:34.8317157Z     IN POBJECT_ATTRIBUTES ObjectAttributes,
windows	Build the native Windows release provider and TypeScript	2026-08-28T05:27:34.8319012Z     OUT PIO_STATUS_BLOCK IoStatusBlock,
windows	Build the native Windows release provider and TypeScript	2026-08-28T05:27:34.8321470Z     IN ULONG ShareAccess,
windows	Build the native Windows release provider and TypeScript	2026-08-28T05:27:34.8324039Z     IN ULONG OpenOptions
windows	Build the native Windows release provider and TypeScript	2026-08-28T05:27:34.8326023Z     );
windows	Build the native Windows release provider and TypeScript	2026-08-28T05:27:34.8327580Z 
windows	Build the native Windows release provider and TypeScript	2026-08-28T05:27:34.8329522Z //
windows	Build the native Windows release provider and TypeScript	2026-08-28T05:27:34.8331411Z --- um/winternl.h line 992 ---
windows	Build the native Windows release provider and TypeScript	2026-08-28T05:27:34.8334074Z #define FILE_CREATE                     0x00000002
windows	Build the native Windows release provider and TypeScript	2026-08-28T05:27:34.8335706Z #define FILE_OPEN_IF                    0x00000003
windows	Build the native Windows release provider and TypeScript	2026-08-28T05:27:34.8337512Z #define FILE_OVERWRITE                  0x00000004
windows	Build the native Windows release provider and TypeScript	2026-08-28T05:27:34.8339464Z #define FILE_OVERWRITE_IF               0x00000005
windows	Build the native Windows release provider and TypeScript	2026-08-28T05:27:34.8341183Z #define FILE_MAXIMUM_DISPOSITION        0x00000005
windows	Build the native Windows release provider and TypeScript	2026-08-28T05:27:34.8342782Z 
windows	Build the native Windows release provider and TypeScript	2026-08-28T05:27:34.8345235Z //
windows	Build the native Windows release provider and TypeScript	2026-08-28T05:27:34.8347319Z // Define the create/open option flags
windows	Build the native Windows release provider and TypeScript	2026-08-28T05:27:34.8349338Z //
windows	Build the native Windows release provider and TypeScript	2026-08-28T05:27:34.8351233Z 
windows	Build the native Windows release provider and TypeScript	2026-08-28T05:27:34.8353934Z #define FILE_DIRECTORY_FILE                     0x00000001
windows	Build the native Windows release provider and TypeScript	2026-08-28T05:27:34.8355858Z #define FILE_WRITE_THROUGH                      0x00000002
windows	Build the native Windows release provider and TypeScript	2026-08-28T05:27:34.8357958Z #define FILE_SEQUENTIAL_ONLY                    0x00000004
windows	Build the native Windows release provider and TypeScript	2026-08-28T05:27:34.8359678Z #define FILE_NO_INTERMEDIATE_BUFFERING          0x00000008
windows	Build the native Windows release provider and TypeScript	2026-08-28T05:27:34.8361308Z 
windows	Build the native Windows release provider and TypeScript	2026-08-28T05:27:34.8363812Z #define FILE_SYNCHRONOUS_IO_ALERT               0x00000010
windows	Build the native Windows release provider and TypeScript	2026-08-28T05:27:34.8366020Z #define FILE_SYNCHRONOUS_IO_NONALERT            0x00000020
windows	Build the native Windows release provider and TypeScript	2026-08-28T05:27:34.8367900Z #define FILE_NON_DIRECTORY_FILE                 0x00000040
windows	Build the native Windows release provider and TypeScript	2026-08-28T05:27:34.8369784Z #define FILE_CREATE_TREE_CONNECTION             0x00000080
windows	Build the native Windows release provider and TypeScript	2026-08-28T05:27:34.8371634Z 
windows	Build the native Windows release provider and TypeScript	2026-08-28T05:27:34.8373658Z #define FILE_COMPLETE_IF_OPLOCKED               0x00000100
windows	Build the native Windows release provider and TypeScript	2026-08-28T05:27:34.8375878Z #define FILE_NO_EA_KNOWLEDGE                    0x00000200
windows	Build the native Windows release provider and TypeScript	2026-08-28T05:27:34.8377406Z #define FILE_OPEN_REMOTE_INSTANCE               0x00000400
windows	Build the native Windows release provider and TypeScript	2026-08-28T05:27:34.8379299Z #define FILE_RANDOM_ACCESS                      0x00000800
windows	Build the native Windows release provider and TypeScript	2026-08-28T05:27:34.8381442Z 
windows	Build the native Windows release provider and TypeScript	2026-08-28T05:27:34.8383728Z #define FILE_DELETE_ON_CLOSE                    0x00001000
windows	Build the native Windows release provider and TypeScript	2026-08-28T05:27:34.8385980Z #define FILE_OPEN_BY_FILE_ID                    0x00002000
windows	Build the native Windows release provider and TypeScript	2026-08-28T05:27:34.8387999Z #define FILE_OPEN_FOR_BACKUP_INTENT             0x00004000
windows	Build the native Windows release provider and TypeScript	2026-08-28T05:27:34.8390125Z #define FILE_NO_COMPRESSION                     0x00008000
windows	Build the native Windows release provider and TypeScript	2026-08-28T05:27:34.8392069Z 
windows	Build the native Windows release provider and TypeScript	2026-08-28T05:27:34.8393915Z #if (_WIN32_WINNT >= _WIN32_WINNT_WIN7)
windows	Build the native Windows release provider and TypeScript	2026-08-28T05:27:34.8395899Z --- um/winternl.h line 1007 ---
windows	Build the native Windows release provider and TypeScript	2026-08-28T05:27:34.8397830Z #define FILE_SYNCHRONOUS_IO_ALERT               0x00000010
windows	Build the native Windows release provider and TypeScript	2026-08-28T05:27:34.8399784Z #define FILE_SYNCHRONOUS_IO_NONALERT            0x00000020
windows	Build the native Windows release provider and TypeScript	2026-08-28T05:27:34.8402668Z #define FILE_NON_DIRECTORY_FILE                 0x00000040
windows	Build the native Windows release provider and TypeScript	2026-08-28T05:27:34.8405913Z #define FILE_CREATE_TREE_CONNECTION             0x00000080
windows	Build the native Windows release provider and TypeScript	2026-08-28T05:27:34.8407542Z 
windows	Build the native Windows release provider and TypeScript	2026-08-28T05:27:34.8411480Z #define FILE_COMPLETE_IF_OPLOCKED               0x00000100
windows	Build the native Windows release provider and TypeScript	2026-08-28T05:27:34.8413068Z #define FILE_NO_EA_KNOWLEDGE                    0x00000200
windows	Build the native Windows release provider and TypeScript	2026-08-28T05:27:34.8415703Z #define FILE_OPEN_REMOTE_INSTANCE               0x00000400
windows	Build the native Windows release provider and TypeScript	2026-08-28T05:27:34.8417434Z #define FILE_RANDOM_ACCESS                      0x00000800
windows	Build the native Windows release provider and TypeScript	2026-08-28T05:27:34.8419249Z 
windows	Build the native Windows release provider and TypeScript	2026-08-28T05:27:34.8422176Z #define FILE_DELETE_ON_CLOSE                    0x00001000
windows	Build the native Windows release provider and TypeScript	2026-08-28T05:27:34.8424447Z #define FILE_OPEN_BY_FILE_ID                    0x00002000
windows	Build the native Windows release provider and TypeScript	2026-08-28T05:27:34.8427043Z #define FILE_OPEN_FOR_BACKUP_INTENT             0x00004000
windows	Build the native Windows release provider and TypeScript	2026-08-28T05:27:34.8429121Z #define FILE_NO_COMPRESSION                     0x00008000
windows	Build the native Windows release provider and TypeScript	2026-08-28T05:27:34.8431147Z 
windows	Build the native Windows release provider and TypeScript	2026-08-28T05:27:34.8433229Z #if (_WIN32_WINNT >= _WIN32_WINNT_WIN7)
windows	Build the native Windows release provider and TypeScript	2026-08-28T05:27:34.8435676Z #define FILE_OPEN_REQUIRING_OPLOCK              0x00010000
windows	Build the native Windows release provider and TypeScript	2026-08-28T05:27:34.8437613Z #endif
windows	Build the native Windows release provider and TypeScript	2026-08-28T05:27:34.8439079Z 
windows	Build the native Windows release provider and TypeScript	2026-08-28T05:27:34.8441211Z #define FILE_RESERVE_OPFILTER                   0x00100000
windows	Build the native Windows release provider and TypeScript	2026-08-28T05:27:34.8443866Z #define FILE_OPEN_REPARSE_POINT                 0x00200000
windows	Build the native Windows release provider and TypeScript	2026-08-28T05:27:34.8445728Z #define FILE_OPEN_NO_RECALL                     0x00400000
windows	Build the native Windows release provider and TypeScript	2026-08-28T05:27:34.8448148Z #define FILE_OPEN_FOR_FREE_SPACE_QUERY          0x00800000
windows	Build the native Windows release provider and TypeScript	2026-08-28T05:27:34.8449849Z 
windows	Build the native Windows release provider and TypeScript	2026-08-28T05:27:34.8452104Z #define FILE_VALID_OPTION_FLAGS                 0x00ffffff
windows	Build the native Windows release provider and TypeScript	2026-08-28T05:27:34.8454614Z #define FILE_VALID_PIPE_OPTION_FLAGS            0x00000032
windows	Build the native Windows release provider and TypeScript	2026-08-28T05:27:34.8456841Z #define FILE_VALID_MAILSLOT_OPTION_FLAGS        0x00000032
windows	Build the native Windows release provider and TypeScript	2026-08-28T05:27:34.8459185Z #define FILE_VALID_SET_FLAGS                    0x00000036
windows	Build the native Windows release provider and TypeScript	2026-08-28T05:27:34.8460473Z 
windows	Build the native Windows release provider and TypeScript	2026-08-28T05:27:34.8463592Z //
windows	Build the native Windows release provider and TypeScript	2026-08-28T05:27:34.8465782Z // Define the I/O status information return values for NtCreateFile/NtOpenFile
windows	Build the native Windows release provider and TypeScript	2026-08-28T05:27:34.8467822Z --- um/winternl.h line 1026 ---
windows	Build the native Windows release provider and TypeScript	2026-08-28T05:27:34.8469895Z #define FILE_RESERVE_OPFILTER                   0x00100000
windows	Build the native Windows release provider and TypeScript	2026-08-28T05:27:34.8472530Z #define FILE_OPEN_REPARSE_POINT                 0x00200000
windows	Build the native Windows release provider and TypeScript	2026-08-28T05:27:34.8474284Z #define FILE_OPEN_NO_RECALL                     0x00400000
windows	Build the native Windows release provider and TypeScript	2026-08-28T05:27:34.8476316Z #define FILE_OPEN_FOR_FREE_SPACE_QUERY          0x00800000
windows	Build the native Windows release provider and TypeScript	2026-08-28T05:27:34.8478206Z 
windows	Build the native Windows release provider and TypeScript	2026-08-28T05:27:34.8480261Z #define FILE_VALID_OPTION_FLAGS                 0x00ffffff
windows	Build the native Windows release provider and TypeScript	2026-08-28T05:27:34.8483001Z #define FILE_VALID_PIPE_OPTION_FLAGS            0x00000032
windows	Build the native Windows release provider and TypeScript	2026-08-28T05:27:34.8485313Z #define FILE_VALID_MAILSLOT_OPTION_FLAGS        0x00000032
windows	Build the native Windows release provider and TypeScript	2026-08-28T05:27:34.8487515Z #define FILE_VALID_SET_FLAGS                    0x00000036
windows	Build the native Windows release provider and TypeScript	2026-08-28T05:27:34.8489700Z 
windows	Build the native Windows release provider and TypeScript	2026-08-28T05:27:34.8491617Z //
windows	Build the native Windows release provider and TypeScript	2026-08-28T05:27:34.8494125Z // Define the I/O status information return values for NtCreateFile/NtOpenFile
windows	Build the native Windows release provider and TypeScript	2026-08-28T05:27:34.8496085Z //
windows	Build the native Windows release provider and TypeScript	2026-08-28T05:27:34.8498199Z 
windows	Build the native Windows release provider and TypeScript	2026-08-28T05:27:34.8500297Z #define FILE_SUPERSEDED                 0x00000000
windows	Build the native Windows release provider and TypeScript	2026-08-28T05:27:34.8502696Z #define FILE_OPENED                     0x00000001
windows	Build the native Windows release provider and TypeScript	2026-08-28T05:27:34.8504683Z #define FILE_CREATED                    0x00000002
windows	Build the native Windows release provider and TypeScript	2026-08-28T05:27:34.8507009Z #define FILE_OVERWRITTEN                0x00000003
windows	Build the native Windows release provider and TypeScript	2026-08-28T05:27:34.8509036Z #define FILE_EXISTS                     0x00000004
windows	Build the native Windows release provider and TypeScript	2026-08-28T05:27:34.8511528Z #define FILE_DOES_NOT_EXIST             0x00000005
windows	Build the native Windows release provider and TypeScript	2026-08-28T05:27:34.8512706Z 
windows	Build the native Windows release provider and TypeScript	2026-08-28T05:27:34.8515041Z #ifndef __os_arm64x_get_x64_information
windows	Build the native Windows release provider and TypeScript	2026-08-28T05:27:34.8517308Z #define __os_arm64x_get_x64_information __os_arm64x_rdtsc
windows	Build the native Windows release provider and TypeScript	2026-08-28T05:27:34.8519192Z #endif
windows	Build the native Windows release provider and TypeScript	2026-08-28T05:27:34.8521273Z #ifndef __os_arm64x_set_x64_information
windows	Build the native Windows release provider and TypeScript	2026-08-28T05:27:34.8523931Z #define __os_arm64x_set_x64_information __os_arm64x_cpuidex
windows	Build the native Windows release provider and TypeScript	2026-08-28T05:27:34.8526027Z #endif
windows	Build the native Windows release provider and TypeScript	2026-08-28T05:27:34.8527691Z 
windows	Build the native Windows release provider and TypeScript	2026-08-28T05:27:34.8530150Z #ifdef __cplusplus
windows	Build the native Windows release provider and TypeScript	2026-08-28T05:27:34.8532065Z }
windows	Build the native Windows release provider and TypeScript	2026-08-28T05:27:34.8534541Z #endif
windows	Build the native Windows release provider and TypeScript	2026-08-28T05:27:34.8536541Z --- um/winternl.h line 1036 ---
windows	Build the native Windows release provider and TypeScript	2026-08-28T05:27:34.8538732Z //
windows	Build the native Windows release provider and TypeScript	2026-08-28T05:27:34.8540964Z // Define the I/O status information return values for NtCreateFile/NtOpenFile
windows	Build the native Windows release provider and TypeScript	2026-08-28T05:27:34.8542906Z //
windows	Build the native Windows release provider and TypeScript	2026-08-28T05:27:34.8544948Z 
windows	Build the native Windows release provider and TypeScript	2026-08-28T05:27:34.8547676Z #define FILE_SUPERSEDED                 0x00000000
windows	Build the native Windows release provider and TypeScript	2026-08-28T05:27:34.8550098Z #define FILE_OPENED                     0x00000001
windows	Build the native Windows release provider and TypeScript	2026-08-28T05:27:34.8552653Z #define FILE_CREATED                    0x00000002
windows	Build the native Windows release provider and TypeScript	2026-08-28T05:27:34.8554536Z #define FILE_OVERWRITTEN                0x00000003
windows	Build the native Windows release provider and TypeScript	2026-08-28T05:27:34.8556877Z #define FILE_EXISTS                     0x00000004
windows	Build the native Windows release provider and TypeScript	2026-08-28T05:27:34.8559117Z #define FILE_DOES_NOT_EXIST             0x00000005
windows	Build the native Windows release provider and TypeScript	2026-08-28T05:27:34.8569547Z 
windows	Build the native Windows release provider and TypeScript	2026-08-28T05:27:34.8572965Z #ifndef __os_arm64x_get_x64_information
windows	Build the native Windows release provider and TypeScript	2026-08-28T05:27:34.8583418Z #define __os_arm64x_get_x64_information __os_arm64x_rdtsc
windows	Build the native Windows release provider and TypeScript	2026-08-28T05:27:34.8587163Z #endif
windows	Build the native Windows release provider and TypeScript	2026-08-28T05:27:34.8590625Z #ifndef __os_arm64x_set_x64_information
windows	Build the native Windows release provider and TypeScript	2026-08-28T05:27:34.8594480Z #define __os_arm64x_set_x64_information __os_arm64x_cpuidex
windows	Build the native Windows release provider and TypeScript	2026-08-28T05:27:34.8598162Z #endif
windows	Build the native Windows release provider and TypeScript	2026-08-28T05:27:34.8602403Z 
windows	Build the native Windows release provider and TypeScript	2026-08-28T05:27:34.8609484Z #ifdef __cplusplus
windows	Build the native Windows release provider and TypeScript	2026-08-28T05:27:34.8613812Z }
windows	Build the native Windows release provider and TypeScript	2026-08-28T05:27:34.8614845Z #endif
windows	Build the native Windows release provider and TypeScript	2026-08-28T05:27:34.8617051Z 
windows	Build the native Windows release provider and TypeScript	2026-08-28T05:27:34.8619735Z #endif // (_WIN32_WINNT >= 0x0500)
windows	Build the native Windows release provider and TypeScript	2026-08-28T05:27:34.8621470Z 
windows	Build the native Windows release provider and TypeScript	2026-08-28T05:27:34.8623483Z 
windows	Build the native Windows release provider and TypeScript	2026-08-28T05:27:34.8626222Z #endif /* WINAPI_FAMILY_PARTITION(WINAPI_PARTITION_DESKTOP | WINAPI_PARTITION_SYSTEM) */
windows	Build the native Windows release provider and TypeScript	2026-08-28T05:27:34.8628903Z #pragma endregion
windows	Build the native Windows release provider and TypeScript	2026-08-28T05:27:34.8630778Z 
windows	Build the native Windows release provider and TypeScript	2026-08-28T05:27:34.8633635Z #endif // _WINTERNL_
windows	Build the native Windows release provider and TypeScript	2026-08-28T05:27:34.8635588Z --- um/WinBase.h line 9104 ---
windows	Build the native Windows release provider and TypeScript	2026-08-28T05:27:34.8638300Z #if (_WIN32_WINNT >= _WIN32_WINNT_WIN10_RS1)
windows	Build the native Windows release provider and TypeScript	2026-08-28T05:27:34.8640215Z #define FILE_RENAME_FLAG_REPLACE_IF_EXISTS                  0x00000001
windows	Build the native Windows release provider and TypeScript	2026-08-28T05:27:34.8642537Z #define FILE_RENAME_FLAG_POSIX_SEMANTICS                    0x00000002
windows	Build the native Windows release provider and TypeScript	2026-08-28T05:27:34.8644905Z #endif
windows	Build the native Windows release provider and TypeScript	2026-08-28T05:27:34.8646485Z 
windows	Build the native Windows release provider and TypeScript	2026-08-28T05:27:34.8648909Z #if (_WIN32_WINNT >= _WIN32_WINNT_WIN10_RS3)
windows	Build the native Windows release provider and TypeScript	2026-08-28T05:27:34.8651404Z #define FILE_RENAME_FLAG_SUPPRESS_PIN_STATE_INHERITANCE     0x00000004
windows	Build the native Windows release provider and TypeScript	2026-08-28T05:27:34.8653590Z #endif
windows	Build the native Windows release provider and TypeScript	2026-08-28T05:27:34.8655716Z 
windows	Build the native Windows release provider and TypeScript	2026-08-28T05:27:34.8658142Z typedef struct _FILE_RENAME_INFO {
windows	Build the native Windows release provider and TypeScript	2026-08-28T05:27:34.8660384Z #if (_WIN32_WINNT >= _WIN32_WINNT_WIN10_RS1)
windows	Build the native Windows release provider and TypeScript	2026-08-28T05:27:34.8662830Z     union {
windows	Build the native Windows release provider and TypeScript	2026-08-28T05:27:34.8664940Z         BOOLEAN ReplaceIfExists;  // FileRenameInfo
windows	Build the native Windows release provider and TypeScript	2026-08-28T05:27:34.8667614Z         DWORD Flags;              // FileRenameInfoEx
windows	Build the native Windows release provider and TypeScript	2026-08-28T05:27:34.8669130Z     } DUMMYUNIONNAME;
windows	Build the native Windows release provider and TypeScript	2026-08-28T05:27:34.8671531Z #else
windows	Build the native Windows release provider and TypeScript	2026-08-28T05:27:34.8673663Z     BOOLEAN ReplaceIfExists;
windows	Build the native Windows release provider and TypeScript	2026-08-28T05:27:34.8675961Z #endif
windows	Build the native Windows release provider and TypeScript	2026-08-28T05:27:34.8678693Z     HANDLE RootDirectory;
windows	Build the native Windows release provider and TypeScript	2026-08-28T05:27:34.8680679Z     DWORD FileNameLength;
windows	Build the native Windows release provider and TypeScript	2026-08-28T05:27:34.8682776Z     WCHAR FileName[1];
windows	Build the native Windows release provider and TypeScript	2026-08-28T05:27:34.8684622Z } FILE_RENAME_INFO, *PFILE_RENAME_INFO;
windows	Build the native Windows release provider and TypeScript	2026-08-28T05:27:34.8686556Z 
windows	Build the native Windows release provider and TypeScript	2026-08-28T05:27:34.8688523Z typedef struct _FILE_ALLOCATION_INFO {
windows	Build the native Windows release provider and TypeScript	2026-08-28T05:27:34.8690387Z     LARGE_INTEGER AllocationSize;
windows	Build the native Windows release provider and TypeScript	2026-08-28T05:27:34.8693149Z } FILE_ALLOCATION_INFO, *PFILE_ALLOCATION_INFO;
windows	Build the native Windows release provider and TypeScript	2026-08-28T05:27:34.8695930Z 
windows	Build the native Windows release provider and TypeScript	2026-08-28T05:27:34.8698223Z typedef struct _FILE_END_OF_FILE_INFO {
windows	Build the native Windows release provider and TypeScript	2026-08-28T05:27:34.8699842Z     LARGE_INTEGER EndOfFile;
windows	Build the native Windows release provider and TypeScript	2026-08-28T05:27:34.8702546Z } FILE_END_OF_FILE_INFO, *PFILE_END_OF_FILE_INFO;
windows	Build the native Windows release provider and TypeScript	2026-08-28T05:27:34.8703749Z 
windows	Build the native Windows release provider and TypeScript	2026-08-28T05:27:34.8705968Z --- um/WinBase.h line 9105 ---
windows	Build the native Windows release provider and TypeScript	2026-08-28T05:27:34.8709013Z #define FILE_RENAME_FLAG_REPLACE_IF_EXISTS                  0x00000001
windows	Build the native Windows release provider and TypeScript	2026-08-28T05:27:34.8710829Z #define FILE_RENAME_FLAG_POSIX_SEMANTICS                    0x00000002
windows	Build the native Windows release provider and TypeScript	2026-08-28T05:27:34.8712864Z #endif
windows	Build the native Windows release provider and TypeScript	2026-08-28T05:27:34.8714613Z 
windows	Build the native Windows release provider and TypeScript	2026-08-28T05:27:34.8716920Z #if (_WIN32_WINNT >= _WIN32_WINNT_WIN10_RS3)
windows	Build the native Windows release provider and TypeScript	2026-08-28T05:27:34.8720129Z #define FILE_RENAME_FLAG_SUPPRESS_PIN_STATE_INHERITANCE     0x00000004
windows	Build the native Windows release provider and TypeScript	2026-08-28T05:27:34.8723300Z #endif
windows	Build the native Windows release provider and TypeScript	2026-08-28T05:27:34.8725641Z 
windows	Build the native Windows release provider and TypeScript	2026-08-28T05:27:34.8727870Z typedef struct _FILE_RENAME_INFO {
windows	Build the native Windows release provider and TypeScript	2026-08-28T05:27:34.8729768Z #if (_WIN32_WINNT >= _WIN32_WINNT_WIN10_RS1)
windows	Build the native Windows release provider and TypeScript	2026-08-28T05:27:34.8732290Z     union {
windows	Build the native Windows release provider and TypeScript	2026-08-28T05:27:34.8735145Z         BOOLEAN ReplaceIfExists;  // FileRenameInfo
windows	Build the native Windows release provider and TypeScript	2026-08-28T05:27:34.8737784Z         DWORD Flags;              // FileRenameInfoEx
windows	Build the native Windows release provider and TypeScript	2026-08-28T05:27:34.8739860Z     } DUMMYUNIONNAME;
windows	Build the native Windows release provider and TypeScript	2026-08-28T05:27:34.8742400Z #else
windows	Build the native Windows release provider and TypeScript	2026-08-28T05:27:34.8744453Z     BOOLEAN ReplaceIfExists;
windows	Build the native Windows release provider and TypeScript	2026-08-28T05:27:34.8746401Z #endif
windows	Build the native Windows release provider and TypeScript	2026-08-28T05:27:34.8749035Z     HANDLE RootDirectory;
windows	Build the native Windows release provider and TypeScript	2026-08-28T05:27:34.8751494Z     DWORD FileNameLength;
windows	Build the native Windows release provider and TypeScript	2026-08-28T05:27:34.8753510Z     WCHAR FileName[1];
windows	Build the native Windows release provider and TypeScript	2026-08-28T05:27:34.8755778Z } FILE_RENAME_INFO, *PFILE_RENAME_INFO;
windows	Build the native Windows release provider and TypeScript	2026-08-28T05:27:34.8757256Z 
windows	Build the native Windows release provider and TypeScript	2026-08-28T05:27:34.8759917Z typedef struct _FILE_ALLOCATION_INFO {
windows	Build the native Windows release provider and TypeScript	2026-08-28T05:27:34.8762035Z     LARGE_INTEGER AllocationSize;
windows	Build the native Windows release provider and TypeScript	2026-08-28T05:27:34.8764334Z } FILE_ALLOCATION_INFO, *PFILE_ALLOCATION_INFO;
windows	Build the native Windows release provider and TypeScript	2026-08-28T05:27:34.8765847Z 
windows	Build the native Windows release provider and TypeScript	2026-08-28T05:27:34.8768801Z typedef struct _FILE_END_OF_FILE_INFO {
windows	Build the native Windows release provider and TypeScript	2026-08-28T05:27:34.8771262Z     LARGE_INTEGER EndOfFile;
windows	Build the native Windows release provider and TypeScript	2026-08-28T05:27:34.8773772Z } FILE_END_OF_FILE_INFO, *PFILE_END_OF_FILE_INFO;
windows	Build the native Windows release provider and TypeScript	2026-08-28T05:27:34.8775760Z 
windows	Build the native Windows release provider and TypeScript	2026-08-28T05:27:34.8778084Z typedef struct _FILE_STREAM_INFO {
windows	Build the native Windows release provider and TypeScript	2026-08-28T05:27:34.8780299Z --- um/WinBase.h line 9109 ---
windows	Build the native Windows release provider and TypeScript	2026-08-28T05:27:34.8782351Z #if (_WIN32_WINNT >= _WIN32_WINNT_WIN10_RS3)
windows	Build the native Windows release provider and TypeScript	2026-08-28T05:27:34.8784676Z #define FILE_RENAME_FLAG_SUPPRESS_PIN_STATE_INHERITANCE     0x00000004
windows	Build the native Windows release provider and TypeScript	2026-08-28T05:27:34.8787038Z #endif
windows	Build the native Windows release provider and TypeScript	2026-08-28T05:27:34.8788946Z 
windows	Build the native Windows release provider and TypeScript	2026-08-28T05:27:34.8791433Z typedef struct _FILE_RENAME_INFO {
windows	Build the native Windows release provider and TypeScript	2026-08-28T05:27:34.8794003Z #if (_WIN32_WINNT >= _WIN32_WINNT_WIN10_RS1)
windows	Build the native Windows release provider and TypeScript	2026-08-28T05:27:34.8796170Z     union {
windows	Build the native Windows release provider and TypeScript	2026-08-28T05:27:34.8798478Z         BOOLEAN ReplaceIfExists;  // FileRenameInfo
windows	Build the native Windows release provider and TypeScript	2026-08-28T05:27:34.8801115Z         DWORD Flags;              // FileRenameInfoEx
windows	Build the native Windows release provider and TypeScript	2026-08-28T05:27:34.8803817Z     } DUMMYUNIONNAME;
windows	Build the native Windows release provider and TypeScript	2026-08-28T05:27:34.8806220Z #else
windows	Build the native Windows release provider and TypeScript	2026-08-28T05:27:34.8809607Z     BOOLEAN ReplaceIfExists;
windows	Build the native Windows release provider and TypeScript	2026-08-28T05:27:34.8812237Z #endif
windows	Build the native Windows release provider and TypeScript	2026-08-28T05:27:34.8814640Z     HANDLE RootDirectory;
windows	Build the native Windows release provider and TypeScript	2026-08-28T05:27:34.8817513Z     DWORD FileNameLength;
windows	Build the native Windows release provider and TypeScript	2026-08-28T05:27:34.8819597Z     WCHAR FileName[1];
windows	Build the native Windows release provider and TypeScript	2026-08-28T05:27:34.8822368Z } FILE_RENAME_INFO, *PFILE_RENAME_INFO;
windows	Build the native Windows release provider and TypeScript	2026-08-28T05:27:34.8823568Z 
windows	Build the native Windows release provider and TypeScript	2026-08-28T05:27:34.8825881Z typedef struct _FILE_ALLOCATION_INFO {
windows	Build the native Windows release provider and TypeScript	2026-08-28T05:27:34.8828653Z     LARGE_INTEGER AllocationSize;
windows	Build the native Windows release provider and TypeScript	2026-08-28T05:27:34.8831958Z } FILE_ALLOCATION_INFO, *PFILE_ALLOCATION_INFO;
windows	Build the native Windows release provider and TypeScript	2026-08-28T05:27:34.8834057Z 
windows	Build the native Windows release provider and TypeScript	2026-08-28T05:27:34.8836953Z typedef struct _FILE_END_OF_FILE_INFO {
windows	Build the native Windows release provider and TypeScript	2026-08-28T05:27:34.8838900Z     LARGE_INTEGER EndOfFile;
windows	Build the native Windows release provider and TypeScript	2026-08-28T05:27:34.8840876Z } FILE_END_OF_FILE_INFO, *PFILE_END_OF_FILE_INFO;
windows	Build the native Windows release provider and TypeScript	2026-08-28T05:27:34.8843076Z 
windows	Build the native Windows release provider and TypeScript	2026-08-28T05:27:34.8845266Z typedef struct _FILE_STREAM_INFO {
windows	Build the native Windows release provider and TypeScript	2026-08-28T05:27:34.8847377Z     DWORD NextEntryOffset;
windows	Build the native Windows release provider and TypeScript	2026-08-28T05:27:34.8850325Z     DWORD StreamNameLength;
windows	Build the native Windows release provider and TypeScript	2026-08-28T05:27:34.8852795Z     LARGE_INTEGER StreamSize;
windows	Build the native Windows release provider and TypeScript	2026-08-28T05:27:34.8855514Z     LARGE_INTEGER StreamAllocationSize;
windows	Build the native Windows release provider and TypeScript	2026-08-28T05:27:34.8858487Z --- um/WinBase.h line 9112 ---
windows	Build the native Windows release provider and TypeScript	2026-08-28T05:27:34.8860220Z 
windows	Build the native Windows release provider and TypeScript	2026-08-28T05:27:34.8863010Z typedef struct _FILE_RENAME_INFO {
windows	Build the native Windows release provider and TypeScript	2026-08-28T05:27:34.8864859Z #if (_WIN32_WINNT >= _WIN32_WINNT_WIN10_RS1)
windows	Build the native Windows release provider and TypeScript	2026-08-28T05:27:34.8867372Z     union {
windows	Build the native Windows release provider and TypeScript	2026-08-28T05:27:34.8869536Z         BOOLEAN ReplaceIfExists;  // FileRenameInfo
windows	Build the native Windows release provider and TypeScript	2026-08-28T05:27:34.8871679Z         DWORD Flags;              // FileRenameInfoEx
windows	Build the native Windows release provider and TypeScript	2026-08-28T05:27:34.8873974Z     } DUMMYUNIONNAME;
windows	Build the native Windows release provider and TypeScript	2026-08-28T05:27:34.8875902Z #else
windows	Build the native Windows release provider and TypeScript	2026-08-28T05:27:34.8878673Z     BOOLEAN ReplaceIfExists;
windows	Build the native Windows release provider and TypeScript	2026-08-28T05:27:34.8881423Z #endif
windows	Build the native Windows release provider and TypeScript	2026-08-28T05:27:34.8883505Z     HANDLE RootDirectory;
windows	Build the native Windows release provider and TypeScript	2026-08-28T05:27:34.8885075Z     DWORD FileNameLength;
windows	Build the native Windows release provider and TypeScript	2026-08-28T05:27:34.8886990Z     WCHAR FileName[1];
windows	Build the native Windows release provider and TypeScript	2026-08-28T05:27:34.8889023Z } FILE_RENAME_INFO, *PFILE_RENAME_INFO;
windows	Build the native Windows release provider and TypeScript	2026-08-28T05:27:34.8891269Z 
windows	Build the native Windows release provider and TypeScript	2026-08-28T05:27:34.8894667Z typedef struct _FILE_ALLOCATION_INFO {
windows	Build the native Windows release provider and TypeScript	2026-08-28T05:27:34.8897521Z     LARGE_INTEGER AllocationSize;
windows	Build the native Windows release provider and TypeScript	2026-08-28T05:27:34.8899913Z } FILE_ALLOCATION_INFO, *PFILE_ALLOCATION_INFO;
windows	Build the native Windows release provider and TypeScript	2026-08-28T05:27:34.8901956Z 
windows	Build the native Windows release provider and TypeScript	2026-08-28T05:27:34.8912133Z typedef struct _FILE_END_OF_FILE_INFO {
windows	Build the native Windows release provider and TypeScript	2026-08-28T05:27:34.8914095Z     LARGE_INTEGER EndOfFile;
windows	Build the native Windows release provider and TypeScript	2026-08-28T05:27:34.8915642Z } FILE_END_OF_FILE_INFO, *PFILE_END_OF_FILE_INFO;
windows	Build the native Windows release provider and TypeScript	2026-08-28T05:27:34.8917286Z 
windows	Build the native Windows release provider and TypeScript	2026-08-28T05:27:34.8920034Z typedef struct _FILE_STREAM_INFO {
windows	Build the native Windows release provider and TypeScript	2026-08-28T05:27:34.8921594Z     DWORD NextEntryOffset;
windows	Build the native Windows release provider and TypeScript	2026-08-28T05:27:34.8923169Z     DWORD StreamNameLength;
windows	Build the native Windows release provider and TypeScript	2026-08-28T05:27:34.8925141Z     LARGE_INTEGER StreamSize;
windows	Build the native Windows release provider and TypeScript	2026-08-28T05:27:34.8927477Z     LARGE_INTEGER StreamAllocationSize;
windows	Build the native Windows release provider and TypeScript	2026-08-28T05:27:34.8929480Z     WCHAR StreamName[1];
windows	Build the native Windows release provider and TypeScript	2026-08-28T05:27:34.8931107Z } FILE_STREAM_INFO, *PFILE_STREAM_INFO;
windows	Build the native Windows release provider and TypeScript	2026-08-28T05:27:34.8932921Z 
windows	Build the native Windows release provider and TypeScript	2026-08-28T05:27:34.8935014Z --- um/WinBase.h line 9116 ---
windows	Build the native Windows release provider and TypeScript	2026-08-28T05:27:34.8936669Z         BOOLEAN ReplaceIfExists;  // FileRenameInfo
windows	Build the native Windows release provider and TypeScript	2026-08-28T05:27:34.8938534Z         DWORD Flags;              // FileRenameInfoEx
windows	Build the native Windows release provider and TypeScript	2026-08-28T05:27:34.8940471Z     } DUMMYUNIONNAME;
windows	Build the native Windows release provider and TypeScript	2026-08-28T05:27:34.8942286Z #else
windows	Build the native Windows release provider and TypeScript	2026-08-28T05:27:34.8943939Z     BOOLEAN ReplaceIfExists;
windows	Build the native Windows release provider and TypeScript	2026-08-28T05:27:34.8945726Z #endif
windows	Build the native Windows release provider and TypeScript	2026-08-28T05:27:34.8947678Z     HANDLE RootDirectory;
windows	Build the native Windows release provider and TypeScript	2026-08-28T05:27:34.8949394Z     DWORD FileNameLength;
windows	Build the native Windows release provider and TypeScript	2026-08-28T05:27:34.8951481Z     WCHAR FileName[1];
windows	Build the native Windows release provider and TypeScript	2026-08-28T05:27:34.8953500Z } FILE_RENAME_INFO, *PFILE_RENAME_INFO;
windows	Build the native Windows release provider and TypeScript	2026-08-28T05:27:34.8955188Z 
windows	Build the native Windows release provider and TypeScript	2026-08-28T05:27:34.8957389Z typedef struct _FILE_ALLOCATION_INFO {
windows	Build the native Windows release provider and TypeScript	2026-08-28T05:27:34.8959431Z     LARGE_INTEGER AllocationSize;
windows	Build the native Windows release provider and TypeScript	2026-08-28T05:27:34.8997722Z } FILE_ALLOCATION_INFO, *PFILE_ALLOCATION_INFO;
windows	Build the native Windows release provider and TypeScript	2026-08-28T05:27:34.8999245Z 
windows	Build the native Windows release provider and TypeScript	2026-08-28T05:27:34.9001428Z typedef struct _FILE_END_OF_FILE_INFO {
windows	Build the native Windows release provider and TypeScript	2026-08-28T05:27:34.9003445Z     LARGE_INTEGER EndOfFile;
windows	Build the native Windows release provider and TypeScript	2026-08-28T05:27:34.9005830Z } FILE_END_OF_FILE_INFO, *PFILE_END_OF_FILE_INFO;
windows	Build the native Windows release provider and TypeScript	2026-08-28T05:27:34.9007465Z 
windows	Build the native Windows release provider and TypeScript	2026-08-28T05:27:34.9009221Z typedef struct _FILE_STREAM_INFO {
windows	Build the native Windows release provider and TypeScript	2026-08-28T05:27:34.9011644Z     DWORD NextEntryOffset;
windows	Build the native Windows release provider and TypeScript	2026-08-28T05:27:34.9013451Z     DWORD StreamNameLength;
windows	Build the native Windows release provider and TypeScript	2026-08-28T05:27:34.9014991Z     LARGE_INTEGER StreamSize;
windows	Build the native Windows release provider and TypeScript	2026-08-28T05:27:34.9017009Z     LARGE_INTEGER StreamAllocationSize;
windows	Build the native Windows release provider and TypeScript	2026-08-28T05:27:34.9019360Z     WCHAR StreamName[1];
windows	Build the native Windows release provider and TypeScript	2026-08-28T05:27:34.9021235Z } FILE_STREAM_INFO, *PFILE_STREAM_INFO;
windows	Build the native Windows release provider and TypeScript	2026-08-28T05:27:34.9023075Z 
windows	Build the native Windows release provider and TypeScript	2026-08-28T05:27:34.9025310Z typedef struct _FILE_COMPRESSION_INFO {
windows	Build the native Windows release provider and TypeScript	2026-08-28T05:27:34.9027150Z     LARGE_INTEGER CompressedFileSize;
windows	Build the native Windows release provider and TypeScript	2026-08-28T05:27:34.9028939Z     WORD CompressionFormat;
windows	Build the native Windows release provider and TypeScript	2026-08-28T05:27:34.9030701Z     UCHAR CompressionUnitShift;
windows	Build the native Windows release provider and TypeScript	2026-08-28T05:27:34.9032668Z --- um/WinBase.h line 9156 ---
windows	Build the native Windows release provider and TypeScript	2026-08-28T05:27:34.9034266Z 
windows	Build the native Windows release provider and TypeScript	2026-08-28T05:27:34.9040536Z typedef struct _FILE_DISPOSITION_INFO {
windows	Build the native Windows release provider and TypeScript	2026-08-28T05:27:34.9044536Z     BOOLEAN DeleteFile;
windows	Build the native Windows release provider and TypeScript	2026-08-28T05:27:34.9046478Z } FILE_DISPOSITION_INFO, *PFILE_DISPOSITION_INFO;
windows	Build the native Windows release provider and TypeScript	2026-08-28T05:27:34.9047843Z 
windows	Build the native Windows release provider and TypeScript	2026-08-28T05:27:34.9049742Z #if (_WIN32_WINNT >= _WIN32_WINNT_WIN10_RS1)
windows	Build the native Windows release provider and TypeScript	2026-08-28T05:27:34.9051310Z #define FILE_DISPOSITION_FLAG_DO_NOT_DELETE              0x00000000
windows	Build the native Windows release provider and TypeScript	2026-08-28T05:27:34.9053086Z #define FILE_DISPOSITION_FLAG_DELETE                     0x00000001
windows	Build the native Windows release provider and TypeScript	2026-08-28T05:27:34.9054610Z #define FILE_DISPOSITION_FLAG_POSIX_SEMANTICS            0x00000002
windows	Build the native Windows release provider and TypeScript	2026-08-28T05:27:34.9056463Z #define FILE_DISPOSITION_FLAG_FORCE_IMAGE_SECTION_CHECK  0x00000004
windows	Build the native Windows release provider and TypeScript	2026-08-28T05:27:34.9058578Z #define FILE_DISPOSITION_FLAG_ON_CLOSE                   0x00000008
windows	Build the native Windows release provider and TypeScript	2026-08-28T05:27:34.9060831Z #if (_WIN32_WINNT >= _WIN32_WINNT_WIN10_RS5)
windows	Build the native Windows release provider and TypeScript	2026-08-28T05:27:34.9062658Z #define FILE_DISPOSITION_FLAG_IGNORE_READONLY_ATTRIBUTE  0x00000010
windows	Build the native Windows release provider and TypeScript	2026-08-28T05:27:34.9064742Z #endif
windows	Build the native Windows release provider and TypeScript	2026-08-28T05:27:34.9065666Z 
windows	Build the native Windows release provider and TypeScript	2026-08-28T05:27:34.9068139Z typedef struct _FILE_DISPOSITION_INFO_EX {
windows	Build the native Windows release provider and TypeScript	2026-08-28T05:27:34.9069258Z     DWORD Flags;
windows	Build the native Windows release provider and TypeScript	2026-08-28T05:27:34.9071309Z } FILE_DISPOSITION_INFO_EX, *PFILE_DISPOSITION_INFO_EX;
windows	Build the native Windows release provider and TypeScript	2026-08-28T05:27:34.9072482Z #endif
windows	Build the native Windows release provider and TypeScript	2026-08-28T05:27:34.9074083Z 
windows	Build the native Windows release provider and TypeScript	2026-08-28T05:27:34.9076340Z typedef struct _FILE_ID_BOTH_DIR_INFO {
windows	Build the native Windows release provider and TypeScript	2026-08-28T05:27:34.9077692Z     DWORD NextEntryOffset;
windows	Build the native Windows release provider and TypeScript	2026-08-28T05:27:34.9079285Z     DWORD FileIndex;
windows	Build the native Windows release provider and TypeScript	2026-08-28T05:27:34.9081070Z     LARGE_INTEGER CreationTime;
windows	Build the native Windows release provider and TypeScript	2026-08-28T05:27:34.9082888Z     LARGE_INTEGER LastAccessTime;
windows	Build the native Windows release provider and TypeScript	2026-08-28T05:27:34.9084700Z     LARGE_INTEGER LastWriteTime;
windows	Build the native Windows release provider and TypeScript	2026-08-28T05:27:34.9086172Z     LARGE_INTEGER ChangeTime;
windows	Build the native Windows release provider and TypeScript	2026-08-28T05:27:34.9088507Z     LARGE_INTEGER EndOfFile;
windows	Build the native Windows release provider and TypeScript	2026-08-28T05:27:34.9089592Z     LARGE_INTEGER AllocationSize;
windows	Build the native Windows release provider and TypeScript	2026-08-28T05:27:34.9091546Z     DWORD FileAttributes;
windows	Build the native Windows release provider and TypeScript	2026-08-28T05:27:34.9093167Z     DWORD FileNameLength;
windows	Build the native Windows release provider and TypeScript	2026-08-28T05:27:34.9094928Z --- um/WinBase.h line 9170 ---
windows	Build the native Windows release provider and TypeScript	2026-08-28T05:27:34.9095926Z 
windows	Build the native Windows release provider and TypeScript	2026-08-28T05:27:34.9098723Z typedef struct _FILE_DISPOSITION_INFO_EX {
windows	Build the native Windows release provider and TypeScript	2026-08-28T05:27:34.9100753Z     DWORD Flags;
windows	Build the native Windows release provider and TypeScript	2026-08-28T05:27:34.9102445Z } FILE_DISPOSITION_INFO_EX, *PFILE_DISPOSITION_INFO_EX;
windows	Build the native Windows release provider and TypeScript	2026-08-28T05:27:34.9104441Z #endif
windows	Build the native Windows release provider and TypeScript	2026-08-28T05:27:34.9106613Z 
windows	Build the native Windows release provider and TypeScript	2026-08-28T05:27:34.9109099Z typedef struct _FILE_ID_BOTH_DIR_INFO {
windows	Build the native Windows release provider and TypeScript	2026-08-28T05:27:34.9110668Z     DWORD NextEntryOffset;
windows	Build the native Windows release provider and TypeScript	2026-08-28T05:27:34.9112351Z     DWORD FileIndex;
windows	Build the native Windows release provider and TypeScript	2026-08-28T05:27:34.9113688Z     LARGE_INTEGER CreationTime;
windows	Build the native Windows release provider and TypeScript	2026-08-28T05:27:34.9115546Z     LARGE_INTEGER LastAccessTime;
windows	Build the native Windows release provider and TypeScript	2026-08-28T05:27:34.9117455Z     LARGE_INTEGER LastWriteTime;
windows	Build the native Windows release provider and TypeScript	2026-08-28T05:27:34.9119657Z     LARGE_INTEGER ChangeTime;
windows	Build the native Windows release provider and TypeScript	2026-08-28T05:27:34.9121127Z     LARGE_INTEGER EndOfFile;
windows	Build the native Windows release provider and TypeScript	2026-08-28T05:27:34.9123018Z     LARGE_INTEGER AllocationSize;
windows	Build the native Windows release provider and TypeScript	2026-08-28T05:27:34.9124767Z     DWORD FileAttributes;
windows	Build the native Windows release provider and TypeScript	2026-08-28T05:27:34.9127095Z     DWORD FileNameLength;
windows	Build the native Windows release provider and TypeScript	2026-08-28T05:27:34.9129369Z     DWORD EaSize;
windows	Build the native Windows release provider and TypeScript	2026-08-28T05:27:34.9132456Z     CCHAR ShortNameLength;
windows	Build the native Windows release provider and TypeScript	2026-08-28T05:27:34.9134216Z     WCHAR ShortName[12];
windows	Build the native Windows release provider and TypeScript	2026-08-28T05:27:34.9137007Z     LARGE_INTEGER FileId;
windows	Build the native Windows release provider and TypeScript	2026-08-28T05:27:34.9139150Z     WCHAR FileName[1];
windows	Build the native Windows release provider and TypeScript	2026-08-28T05:27:34.9141125Z } FILE_ID_BOTH_DIR_INFO, *PFILE_ID_BOTH_DIR_INFO;
windows	Build the native Windows release provider and TypeScript	2026-08-28T05:27:34.9143160Z 
windows	Build the native Windows release provider and TypeScript	2026-08-28T05:27:34.9145336Z typedef struct _FILE_FULL_DIR_INFO {
windows	Build the native Windows release provider and TypeScript	2026-08-28T05:27:34.9147408Z     ULONG NextEntryOffset;
windows	Build the native Windows release provider and TypeScript	2026-08-28T05:27:34.9149482Z     ULONG FileIndex;
windows	Build the native Windows release provider and TypeScript	2026-08-28T05:27:34.9152043Z     LARGE_INTEGER CreationTime;
windows	Build the native Windows release provider and TypeScript	2026-08-28T05:27:34.9154570Z     LARGE_INTEGER LastAccessTime;
windows	Build the native Windows release provider and TypeScript	2026-08-28T05:27:34.9157985Z     LARGE_INTEGER LastWriteTime;
windows	Build the native Windows release provider and TypeScript	2026-08-28T05:27:34.9161053Z     LARGE_INTEGER ChangeTime;
windows	Build the native Windows release provider and TypeScript	2026-08-28T05:27:34.9163323Z --- um/WinBase.h line 9259 ---
windows	Build the native Windows release provider and TypeScript	2026-08-28T05:27:34.9165832Z //
windows	Build the native Windows release provider and TypeScript	2026-08-28T05:27:34.9167676Z typedef struct _FILE_ID_INFO {
windows	Build the native Windows release provider and TypeScript	2026-08-28T05:27:34.9170286Z     ULONGLONG VolumeSerialNumber;
windows	Build the native Windows release provider and TypeScript	2026-08-28T05:27:34.9172053Z     FILE_ID_128 FileId;
windows	Build the native Windows release provider and TypeScript	2026-08-28T05:27:34.9174857Z } FILE_ID_INFO, *PFILE_ID_INFO;
windows	Build the native Windows release provider and TypeScript	2026-08-28T05:27:34.9176752Z 
windows	Build the native Windows release provider and TypeScript	2026-08-28T05:27:34.9179190Z //
windows	Build the native Windows release provider and TypeScript	2026-08-28T05:27:34.9182103Z //  Structure definition for FileIdExtdDirectoryInfo
windows	Build the native Windows release provider and TypeScript	2026-08-28T05:27:34.9183544Z //
windows	Build the native Windows release provider and TypeScript	2026-08-28T05:27:34.9185955Z typedef struct _FILE_ID_EXTD_DIR_INFO {
windows	Build the native Windows release provider and TypeScript	2026-08-28T05:27:34.9188566Z     ULONG NextEntryOffset;
windows	Build the native Windows release provider and TypeScript	2026-08-28T05:27:34.9191014Z     ULONG FileIndex;
windows	Build the native Windows release provider and TypeScript	2026-08-28T05:27:34.9193238Z     LARGE_INTEGER CreationTime;
windows	Build the native Windows release provider and TypeScript	2026-08-28T05:27:34.9195141Z     LARGE_INTEGER LastAccessTime;
windows	Build the native Windows release provider and TypeScript	2026-08-28T05:27:34.9198496Z     LARGE_INTEGER LastWriteTime;
windows	Build the native Windows release provider and TypeScript	2026-08-28T05:27:34.9200524Z     LARGE_INTEGER ChangeTime;
windows	Build the native Windows release provider and TypeScript	2026-08-28T05:27:34.9202722Z     LARGE_INTEGER EndOfFile;
windows	Build the native Windows release provider and TypeScript	2026-08-28T05:27:34.9204214Z     LARGE_INTEGER AllocationSize;
windows	Build the native Windows release provider and TypeScript	2026-08-28T05:27:34.9206699Z     ULONG FileAttributes;
windows	Build the native Windows release provider and TypeScript	2026-08-28T05:27:34.9209441Z     ULONG FileNameLength;
windows	Build the native Windows release provider and TypeScript	2026-08-28T05:27:34.9211748Z     ULONG EaSize;
windows	Build the native Windows release provider and TypeScript	2026-08-28T05:27:34.9213832Z     ULONG ReparsePointTag;
windows	Build the native Windows release provider and TypeScript	2026-08-28T05:27:34.9216550Z     FILE_ID_128 FileId;
windows	Build the native Windows release provider and TypeScript	2026-08-28T05:27:34.9218557Z     WCHAR FileName[1];
windows	Build the native Windows release provider and TypeScript	2026-08-28T05:27:34.9220426Z } FILE_ID_EXTD_DIR_INFO, *PFILE_ID_EXTD_DIR_INFO;
windows	Build the native Windows release provider and TypeScript	2026-08-28T05:27:34.9222433Z 
windows	Build the native Windows release provider and TypeScript	2026-08-28T05:27:34.9224727Z #endif
windows	Build the native Windows release provider and TypeScript	2026-08-28T05:27:34.9226764Z 
windows	Build the native Windows release provider and TypeScript	2026-08-28T05:27:34.9228786Z //
windows	Build the native Windows release provider and TypeScript	2026-08-28T05:27:34.9230703Z // File Remote protocol info (FileRemoteProtocolInfo)
windows	Build the native Windows release provider and TypeScript	2026-08-28T05:27:34.9232932Z //
windows	Build the native Windows release provider and TypeScript	2026-08-28T05:27:34.9235610Z --- um/fileapi.h line 889 ---
windows	Build the native Windows release provider and TypeScript	2026-08-28T05:27:34.9236750Z WINAPI
windows	Build the native Windows release provider and TypeScript	2026-08-28T05:27:34.9252313Z GetVolumeInformationByHandleW(
windows	Build the native Windows release provider and TypeScript	2026-08-28T05:27:34.9253554Z     _In_ HANDLE hFile,
windows	Build the native Windows release provider and TypeScript	2026-08-28T05:27:34.9254116Z     _Out_writes_opt_(nVolumeNameSize) LPWSTR lpVolumeNameBuffer,
windows	Build the native Windows release provider and TypeScript	2026-08-28T05:27:34.9255060Z     _In_ DWORD nVolumeNameSize,
windows	Build the native Windows release provider and TypeScript	2026-08-28T05:27:34.9255721Z     _Out_opt_ LPDWORD lpVolumeSerialNumber,
windows	Build the native Windows release provider and TypeScript	2026-08-28T05:27:34.9256524Z     _Out_opt_ LPDWORD lpMaximumComponentLength,
windows	Build the native Windows release provider and TypeScript	2026-08-28T05:27:34.9257046Z     _Out_opt_ LPDWORD lpFileSystemFlags,
windows	Build the native Windows release provider and TypeScript	2026-08-28T05:27:34.9257668Z     _Out_writes_opt_(nFileSystemNameSize) LPWSTR lpFileSystemNameBuffer,
windows	Build the native Windows release provider and TypeScript	2026-08-28T05:27:34.9258314Z     _In_ DWORD nFileSystemNameSize
windows	Build the native Windows release provider and TypeScript	2026-08-28T05:27:34.9258732Z     );
windows	Build the native Windows release provider and TypeScript	2026-08-28T05:27:34.9258884Z 
windows	Build the native Windows release provider and TypeScript	2026-08-28T05:27:34.9259832Z #endif /* _WIN32_WINNT >=  0x0600 */
windows	Build the native Windows release provider and TypeScript	2026-08-28T05:27:34.9261595Z 
windows	Build the native Windows release provider and TypeScript	2026-08-28T05:27:34.9263514Z WINBASEAPI
windows	Build the native Windows release provider and TypeScript	2026-08-28T05:27:34.9265831Z BOOL
windows	Build the native Windows release provider and TypeScript	2026-08-28T05:27:34.9267547Z WINAPI
windows	Build the native Windows release provider and TypeScript	2026-08-28T05:27:34.9269889Z GetVolumeInformationW(
windows	Build the native Windows release provider and TypeScript	2026-08-28T05:27:34.9271596Z     _In_opt_ LPCWSTR lpRootPathName,
windows	Build the native Windows release provider and TypeScript	2026-08-28T05:27:34.9273713Z     _Out_writes_opt_(nVolumeNameSize) LPWSTR lpVolumeNameBuffer,
windows	Build the native Windows release provider and TypeScript	2026-08-28T05:27:34.9275566Z     _In_ DWORD nVolumeNameSize,
windows	Build the native Windows release provider and TypeScript	2026-08-28T05:27:34.9277634Z     _Out_opt_ LPDWORD lpVolumeSerialNumber,
windows	Build the native Windows release provider and TypeScript	2026-08-28T05:27:34.9279844Z     _Out_opt_ LPDWORD lpMaximumComponentLength,
windows	Build the native Windows release provider and TypeScript	2026-08-28T05:27:34.9281466Z     _Out_opt_ LPDWORD lpFileSystemFlags,
windows	Build the native Windows release provider and TypeScript	2026-08-28T05:27:34.9283968Z     _Out_writes_opt_(nFileSystemNameSize) LPWSTR lpFileSystemNameBuffer,
windows	Build the native Windows release provider and TypeScript	2026-08-28T05:27:34.9285790Z     _In_ DWORD nFileSystemNameSize
windows	Build the native Windows release provider and TypeScript	2026-08-28T05:27:34.9288301Z     );
windows	Build the native Windows release provider and TypeScript	2026-08-28T05:27:34.9289995Z 
windows	Build the native Windows release provider and TypeScript	2026-08-28T05:27:34.9291697Z #ifdef UNICODE
windows	Build the native Windows release provider and TypeScript	2026-08-28T05:27:34.9293652Z #define GetVolumeInformation  GetVolumeInformationW
windows	Build the native Windows release provider and TypeScript	2026-08-28T05:27:34.9295426Z #endif
windows	Build the native Windows release provider and TypeScript	2026-08-28T05:27:38.9756774Z contained-fs.cc
windows	Build the native Windows release provider and TypeScript	2026-08-28T05:27:43.1510613Z D:\a\exspecso\exspecso\native\contained-fs.cc(75): warning C4267: 'argument': conversion from 'size_t' to 'uint32_t', possible loss of data
windows	Build the native Windows release provider and TypeScript	2026-08-28T05:27:49.6684006Z    Creating library C:\Users\RUNNER~1\AppData\Local\Temp\exspecso-native-build-OCi19D\contained-fs.lib and object C:\Users\RUNNER~1\AppData\Local\Temp\exspecso-native-build-OCi19D\contained-fs.exp
windows	Build the native Windows release provider and TypeScript	2026-08-28T05:27:49.7828404Z Microsoft (R) COFF/PE Dumper Version 14.44.35228.0
windows	Build the native Windows release provider and TypeScript	2026-08-28T05:27:49.7829437Z Copyright (C) Microsoft Corporation.  All rights reserved.
windows	Build the native Windows release provider and TypeScript	2026-08-28T05:27:49.7829981Z 
windows	Build the native Windows release provider and TypeScript	2026-08-28T05:27:49.7830028Z 
windows	Build the native Windows release provider and TypeScript	2026-08-28T05:27:49.7830394Z Dump of file D:\a\exspecso\exspecso\dist\native\win32-x64\contained-fs.node
windows	Build the native Windows release provider and TypeScript	2026-08-28T05:27:49.7830925Z 
windows	Build the native Windows release provider and TypeScript	2026-08-28T05:27:49.7831064Z File Type: DLL
windows	Build the native Windows release provider and TypeScript	2026-08-28T05:27:49.7831613Z 
windows	Build the native Windows release provider and TypeScript	2026-08-28T05:27:49.7831801Z   Image has the following dependencies:
windows	Build the native Windows release provider and TypeScript	2026-08-28T05:27:49.7832135Z 
windows	Build the native Windows release provider and TypeScript	2026-08-28T05:27:49.7832244Z     node.exe
windows	Build the native Windows release provider and TypeScript	2026-08-28T05:27:49.7832526Z     KERNEL32.dll
windows	Build the native Windows release provider and TypeScript	2026-08-28T05:27:49.7832724Z 
windows	Build the native Windows release provider and TypeScript	2026-08-28T05:27:49.7832828Z   Summary
windows	Build the native Windows release provider and TypeScript	2026-08-28T05:27:49.7832994Z 
windows	Build the native Windows release provider and TypeScript	2026-08-28T05:27:49.7833104Z         2000 .data
windows	Build the native Windows release provider and TypeScript	2026-08-28T05:27:49.7833387Z         1000 .fptable
windows	Build the native Windows release provider and TypeScript	2026-08-28T05:27:49.7833709Z         2000 .pdata
windows	Build the native Windows release provider and TypeScript	2026-08-28T05:27:49.7834018Z        10000 .rdata
windows	Build the native Windows release provider and TypeScript	2026-08-28T05:27:49.7834306Z         1000 .reloc
windows	Build the native Windows release provider and TypeScript	2026-08-28T05:27:49.7834603Z        1A000 .text
windows	Build the native Windows release provider and TypeScript	2026-08-28T05:27:49.7834794Z 
windows	Build the native Windows release provider and TypeScript	2026-08-28T05:27:49.8275299Z {"variant":"release","target":"win32-x64","binary":"D:\\a\\exspecso\\exspecso\\dist\\native\\win32-x64\\contained-fs.node","sha256":"ec630ce62ea3e7ec8c8514d84431ee89f9a878e0d569453de8ad15d8df2f05a2","buildCommit":"8ec34a671091d340d351257cb2706cf20b9e2d63"}
windows	Build the native Windows release provider and TypeScript	2026-08-28T05:27:50.9519085Z 
windows	Build the native Windows release provider and TypeScript	2026-08-28T05:27:50.9519660Z > exspecso@0.1.0 build
windows	Build the native Windows release provider and TypeScript	2026-08-28T05:27:50.9520168Z > tsc -p tsconfig.json
windows	Build the native Windows release provider and TypeScript	2026-08-28T05:27:50.9520401Z 
windows	Prove native Windows provider parity	﻿2026-08-28T05:27:51.3614368Z ##[group]Run npm test -- --run tests/unit/contained-fs.test.ts --testTimeout 30000 --reporter=default --reporter=json --outputFile=windows-provider-results.json
windows	Prove native Windows provider parity	2026-08-28T05:27:51.3616056Z [36;1mnpm test -- --run tests/unit/contained-fs.test.ts --testTimeout 30000 --reporter=default --reporter=json --outputFile=windows-provider-results.json[0m
windows	Prove native Windows provider parity	2026-08-28T05:27:51.3713451Z shell: C:\Program Files\PowerShell\7\pwsh.EXE -command ". '{0}'"
windows	Prove native Windows provider parity	2026-08-28T05:27:51.3713803Z env:
windows	Prove native Windows provider parity	2026-08-28T05:27:51.3714062Z   EXSPECSO_NODE_HEADERS: D:\a\_temp\node-v20.19.0-headers.tar.gz
windows	Prove native Windows provider parity	2026-08-28T05:27:51.3714410Z   EXSPECSO_NODE_LIB: D:\a\_temp\node.lib
windows	Prove native Windows provider parity	2026-08-28T05:27:51.3714658Z ##[endgroup]
windows	Prove native Windows provider parity	2026-08-28T05:27:52.0447803Z 
windows	Prove native Windows provider parity	2026-08-28T05:27:52.0448364Z > exspecso@0.1.0 test
windows	Prove native Windows provider parity	2026-08-28T05:27:52.0449234Z > vitest --run tests/unit/contained-fs.test.ts --testTimeout 30000 --reporter=default --reporter=json --outputFile=windows-provider-results.json
windows	Prove native Windows provider parity	2026-08-28T05:27:52.0449963Z 
windows	Prove native Windows provider parity	2026-08-28T05:27:52.5221758Z 
windows	Prove native Windows provider parity	2026-08-28T05:27:52.5225857Z [1m[30m[46m RUN [49m[39m[22m [36mv4.1.11 [39m[90mD:/a/exspecso/exspecso[39m
windows	Prove native Windows provider parity	2026-08-28T05:27:52.5226314Z 
windows	Prove native Windows provider parity	2026-08-28T05:28:01.9528995Z  [32m✓[39m tests/unit/contained-fs.test.ts [2m([22m[2m11 tests[22m[2m)[22m[33m 9088[2mms[22m[39m
windows	Prove native Windows provider parity	2026-08-28T05:28:01.9530348Z      [33m[2m✓[22m[39m NP-01 rejects invalid components and wrong types without creating entries [33m 3513[2mms[22m[39m
windows	Prove native Windows provider parity	2026-08-28T05:28:01.9531549Z      [33m[2m✓[22m[39m NP-01 rejects symlink directories and file leaves [33m 529[2mms[22m[39m
windows	Prove native Windows provider parity	2026-08-28T05:28:01.9532786Z      [33m[2m✓[22m[39m NP-02 replaces an entry without modifying its hardlink alias [33m 520[2mms[22m[39m
windows	Prove native Windows provider parity	2026-08-28T05:28:01.9534004Z      [33m[2m✓[22m[39m NP-02 binds a moved directory object and never follows its substituted name (limitation) [33m 527[2mms[22m[39m
windows	Prove native Windows provider parity	2026-08-28T05:28:01.9535022Z      [33m[2m✓[22m[39m NP-03 rejects replacement with a file from a different parent and closes idempotently [33m 531[2mms[22m[39m
windows	Prove native Windows provider parity	2026-08-28T05:28:01.9535964Z      [33m[2m✓[22m[39m NP-01 creates exclusively and removes only the named file or empty directory [33m 537[2mms[22m[39m
windows	Prove native Windows provider parity	2026-08-28T05:28:01.9536798Z      [33m[2m✓[22m[39m NP-03 rejects writes through a read-only capability and invalid buffers [33m 532[2mms[22m[39m
windows	Prove native Windows provider parity	2026-08-28T05:28:01.9537643Z      [33m[2m✓[22m[39m W-01 rejects junctions, alternate streams, device aliases and wrong entry kinds [33m 546[2mms[22m[39m
windows	Prove native Windows provider parity	2026-08-28T05:28:01.9538576Z      [33m[2m✓[22m[39m W-02 replaces with an open reader while preserving the old object and full identity observation [33m 525[2mms[22m[39m
windows	Prove native Windows provider parity	2026-08-28T05:28:01.9539509Z      [33m[2m✓[22m[39m W-02 rejects a substituted private sibling without replacing the intended target [33m 518[2mms[22m[39m
windows	Prove native Windows provider parity	2026-08-28T05:28:01.9540338Z      [33m[2m✓[22m[39m W-02 reports a real sharing conflict without modifying either file [33m 806[2mms[22m[39m
windows	Prove native Windows provider parity	2026-08-28T05:28:01.9590265Z 
windows	Prove native Windows provider parity	2026-08-28T05:28:01.9596198Z [2m Test Files [22m [1m[32m1 passed[39m[22m[90m (1)[39m
windows	Prove native Windows provider parity	2026-08-28T05:28:01.9598029Z [2m      Tests [22m [1m[32m11 passed[39m[22m[90m (11)[39m
windows	Prove native Windows provider parity	2026-08-28T05:28:01.9599798Z [2m   Start at [22m 05:27:52
windows	Prove native Windows provider parity	2026-08-28T05:28:01.9603448Z [2m   Duration [22m 9.42s[2m (transform 87ms, setup 0ms, import 119ms, tests 9.09s, environment 0ms)[22m
windows	Prove native Windows provider parity	2026-08-28T05:28:01.9607063Z 
windows	Prove native Windows provider parity	2026-08-28T05:28:01.9640202Z JSON report written to D:/a/exspecso/exspecso/windows-provider-results.json
windows	Record the historical installed CLI race RED	﻿2026-08-28T05:28:02.1314415Z ##[group]Run npm test -- --run tests/integration/init-codex-tracer.test.ts -t 'native (leaf|parent|ancestor) substitution' --reporter=default --reporter=json --outputFile=historical-red-results.json
windows	Record the historical installed CLI race RED	2026-08-28T05:28:02.1315945Z [36;1mnpm test -- --run tests/integration/init-codex-tracer.test.ts -t 'native (leaf|parent|ancestor) substitution' --reporter=default --reporter=json --outputFile=historical-red-results.json[0m
windows	Record the historical installed CLI race RED	2026-08-28T05:28:02.1316925Z [36;1mif ($LASTEXITCODE -ne 1) { throw 'Expected historical regression exit 1' }[0m
windows	Record the historical installed CLI race RED	2026-08-28T05:28:02.1318027Z [36;1mnode -e "const r=require('./historical-red-results.json');const a=r.testResults.flatMap(t=>t.assertionResults).filter(t=>t.status==='failed');if(a.length!==3||a.some(t=>!t.failureMessages.join('').includes('external sentinel')))process.exit(1)"[0m
windows	Record the historical installed CLI race RED	2026-08-28T05:28:02.1319246Z [36;1mif ($LASTEXITCODE) { throw 'Historical failures did not reproduce the external-write regression' }[0m
windows	Record the historical installed CLI race RED	2026-08-28T05:28:02.1319714Z [36;1mexit 0[0m
windows	Record the historical installed CLI race RED	2026-08-28T05:28:02.1417613Z shell: C:\Program Files\PowerShell\7\pwsh.EXE -command ". '{0}'"
windows	Record the historical installed CLI race RED	2026-08-28T05:28:02.1417964Z env:
windows	Record the historical installed CLI race RED	2026-08-28T05:28:02.1418227Z   EXSPECSO_NODE_HEADERS: D:\a\_temp\node-v20.19.0-headers.tar.gz
windows	Record the historical installed CLI race RED	2026-08-28T05:28:02.1418571Z   EXSPECSO_NODE_LIB: D:\a\_temp\node.lib
windows	Record the historical installed CLI race RED	2026-08-28T05:28:02.1418838Z   EXSPECSO_RUN_VULNERABLE_TRACER: 1
windows	Record the historical installed CLI race RED	2026-08-28T05:28:02.1419077Z ##[endgroup]
windows	Record the historical installed CLI race RED	2026-08-28T05:28:02.6978952Z 
windows	Record the historical installed CLI race RED	2026-08-28T05:28:02.6979570Z > exspecso@0.1.0 test
windows	Record the historical installed CLI race RED	2026-08-28T05:28:02.6980970Z > vitest --run tests/integration/init-codex-tracer.test.ts -t native (leaf|parent|ancestor) substitution --reporter=default --reporter=json --outputFile=historical-red-results.json
windows	Record the historical installed CLI race RED	2026-08-28T05:28:02.6982243Z 
windows	Record the historical installed CLI race RED	2026-08-28T05:28:03.1798245Z 
windows	Record the historical installed CLI race RED	2026-08-28T05:28:03.1803551Z [1m[30m[46m RUN [49m[39m[22m [36mv4.1.11 [39m[90mD:/a/exspecso/exspecso[39m
windows	Record the historical installed CLI race RED	2026-08-28T05:28:03.1804099Z 
windows	Record the historical installed CLI race RED	2026-08-28T05:28:29.3288733Z  [31m❯[39m tests/integration/init-codex-tracer.test.ts [2m([22m[2m11 tests[22m[2m | [22m[31m3 failed[39m[2m | [22m[33m8 skipped[39m[2m)[22m[33m 25791[2mms[22m[39m
windows	Record the historical installed CLI race RED	2026-08-28T05:28:29.3290024Z      [2m[90m↓[39m[22m contained promotion tracer rejects a missing installed provider before any project mutation
windows	Record the historical installed CLI race RED	2026-08-28T05:28:29.3292039Z [31m     [31m×[31m contained promotion tracer reaches the native leaf substitution boundary[39m[33m 9633[2mms[22m[39m
windows	Record the historical installed CLI race RED	2026-08-28T05:28:29.3293738Z [31m     [31m×[31m contained promotion tracer reaches the native parent substitution boundary[39m[33m 8060[2mms[22m[39m
windows	Record the historical installed CLI race RED	2026-08-28T05:28:29.3295450Z [31m     [31m×[31m contained promotion tracer reaches the native ancestor substitution boundary[39m[33m 8093[2mms[22m[39m
windows	Record the historical installed CLI race RED	2026-08-28T05:28:29.3296571Z      [2m[90m↓[39m[22m contained promotion tracer preserves an external hardlink during an additive rerun
windows	Record the historical installed CLI race RED	2026-08-28T05:28:29.3297502Z      [2m[90m↓[39m[22m creates only the canonical foundation and Codex adapter
windows	Record the historical installed CLI race RED	2026-08-28T05:28:29.3298108Z      [2m[90m↓[39m[22m returns an error before writing when the selected agent is unsupported
windows	Record the historical installed CLI race RED	2026-08-28T05:28:29.3299062Z      [2m[90m↓[39m[22m resolves the containing Git root before initialization
windows	Record the historical installed CLI race RED	2026-08-28T05:28:29.3299629Z      [2m[90m↓[39m[22m initializes at the nearest containing Git root from a deep nested cwd
windows	Record the historical installed CLI race RED	2026-08-28T05:28:29.3300220Z      [2m[90m↓[39m[22m uses a nested Git repository instead of its parent repository
windows	Record the historical installed CLI race RED	2026-08-28T05:28:29.3302069Z      [2m[90m↓[39m[22m reports a repairable no-repository diagnostic without writes
windows	Record the historical installed CLI race RED	2026-08-28T05:28:29.3330885Z 
windows	Record the historical installed CLI race RED	2026-08-28T05:28:29.3331370Z [31m⎯⎯⎯⎯⎯⎯⎯[39m[1m[41m Failed Tests 3 [49m[22m[31m⎯⎯⎯⎯⎯⎯⎯[39m
windows	Record the historical installed CLI race RED	2026-08-28T05:28:29.3331655Z 
windows	Record the historical installed CLI race RED	2026-08-28T05:28:29.3338725Z [41m[1m FAIL [22m[49m tests/integration/init-codex-tracer.test.ts[2m > [22mpacked Codex initializer tracer[2m > [22mcontained promotion tracer reaches the native leaf substitution boundary
windows	Record the historical installed CLI race RED	2026-08-28T05:28:29.3341366Z [41m[1m FAIL [22m[49m tests/integration/init-codex-tracer.test.ts[2m > [22mpacked Codex initializer tracer[2m > [22mcontained promotion tracer reaches the native parent substitution boundary
windows	Record the historical installed CLI race RED	2026-08-28T05:28:29.3346279Z [41m[1m FAIL [22m[49m tests/integration/init-codex-tracer.test.ts[2m > [22mpacked Codex initializer tracer[2m > [22mcontained promotion tracer reaches the native ancestor substitution boundary
windows	Record the historical installed CLI race RED	2026-08-28T05:28:29.3351086Z [31m[1mAssertionError[22m: expected 1 to be +0 // Object.is equality[39m
windows	Record the historical installed CLI race RED	2026-08-28T05:28:29.3351508Z 
windows	Record the historical installed CLI race RED	2026-08-28T05:28:29.3351669Z [32m- Expected[39m
windows	Record the historical installed CLI race RED	2026-08-28T05:28:29.3351908Z [31m+ Received[39m
windows	Record the historical installed CLI race RED	2026-08-28T05:28:29.3352032Z 
windows	Record the historical installed CLI race RED	2026-08-28T05:28:29.3352123Z [32m- 0[39m
windows	Record the historical installed CLI race RED	2026-08-28T05:28:29.3352322Z [31m+ 1[39m
windows	Record the historical installed CLI race RED	2026-08-28T05:28:29.3352434Z 
windows	Record the historical installed CLI race RED	2026-08-28T05:28:29.3354771Z [36m [2m❯[22m tests/integration/init-codex-tracer.test.ts:[2m70:172[22m[39m
windows	Record the historical installed CLI race RED	2026-08-28T05:28:29.3430890Z     [90m 68|[39m       const historical = process.env.EXSPECSO_RUN_VULNERABLE_TRACER ==…
windows	Record the historical installed CLI race RED	2026-08-28T05:28:29.3432414Z     [90m 69|[39m       [35mif[39m (historical) temporaryPaths[33m.[39m[34mpush[39m(historical[33m.[39mdirectory)[33m;[39m
windows	Record the historical installed CLI race RED	2026-08-28T05:28:29.3433992Z     [90m 70|[39m       expect((historical ? await runCli(process.execPath, [historical.…
windows	Record the historical installed CLI race RED	2026-08-28T05:28:29.3443509Z     [90m   |[39m                                                                                                                                                                            [31m^[39m
windows	Record the historical installed CLI race RED	2026-08-28T05:28:29.3444208Z 
windows	Record the historical installed CLI race RED	2026-08-28T05:28:29.3445140Z     [90m 71|[39m       [35mconst[39m relativeAdapter [33m=[39m [32m".agents/skills/exspecso-start/SKILL.md"[39m[33m;[39m
windows	Record the historical installed CLI race RED	2026-08-28T05:28:29.3446822Z     [90m 72|[39m       [35mconst[39m adapter [33m=[39m [34mjoin[39m(fixture[33m.[39mroot[33m,[39m relativeAdapter)[33m;[39m
windows	Record the historical installed CLI race RED	2026-08-28T05:28:29.3447574Z 
windows	Record the historical installed CLI race RED	2026-08-28T05:28:29.3447876Z [31m[2m⎯⎯⎯⎯⎯⎯⎯⎯⎯⎯⎯⎯⎯⎯⎯⎯⎯⎯⎯⎯⎯⎯⎯⎯[1/3]⎯[22m[39m
windows	Record the historical installed CLI race RED	2026-08-28T05:28:29.3448200Z 
windows	Record the historical installed CLI race RED	2026-08-28T05:28:29.3448522Z [2m Test Files [22m [1m[31m1 failed[39m[22m[90m (1)[39m
windows	Record the historical installed CLI race RED	2026-08-28T05:28:29.3449303Z [2m      Tests [22m [1m[31m3 failed[39m[22m[2m | [22m[33m8 skipped[39m[90m (11)[39m
windows	Record the historical installed CLI race RED	2026-08-28T05:28:29.3449752Z [2m   Start at [22m 05:28:03
windows	Record the historical installed CLI race RED	2026-08-28T05:28:29.3451013Z [2m   Duration [22m 26.14s[2m (transform 99ms, setup 0ms, import 133ms, tests 25.79s, environment 0ms)[22m
windows	Record the historical installed CLI race RED	2026-08-28T05:28:29.3454408Z 
windows	Record the historical installed CLI race RED	2026-08-28T05:28:29.3487625Z JSON report written to D:/a/exspecso/exspecso/historical-red-results.json
windows	Record the historical installed CLI race RED	2026-08-28T05:28:29.6723827Z [31;1mException: [0mD:\a\_temp\22784f31-a12b-4e53-b7a0-46053a30307f.ps1:5[0m
windows	Record the historical installed CLI race RED	2026-08-28T05:28:29.6724739Z [31;1m[0m[36;1mLine |[0m
windows	Record the historical installed CLI race RED	2026-08-28T05:28:29.6725695Z [31;1m[0m[36;1m[36;1m   5 | [0m … EXITCODE) { [36;1mthrow 'Historical failures did not reproduce the external[0m …[0m
windows	Record the historical installed CLI race RED	2026-08-28T05:28:29.6726548Z [31;1m[0m[36;1m[36;1m[0m[36;1m[0m[36;1m     | [31;1m               ~~~~~~~~~~~~~~~~~~~~~~~~~~~~~~~~~~~~~~~~~~~~~~~~~~~~~~~~~[0m
windows	Record the historical installed CLI race RED	2026-08-28T05:28:29.6727476Z [31;1m[0m[36;1m[36;1m[0m[36;1m[0m[36;1m[31;1m[31;1m[36;1m     | [31;1mHistorical failures did not reproduce the external-write regression[0m
windows	Record the historical installed CLI race RED	2026-08-28T05:28:29.6943756Z ##[error]Process completed with exit code 1.
windows	Preserve actual Windows observations	﻿2026-08-28T05:28:29.7164470Z Node 20 is being deprecated. This workflow is running with Node 24 by default. If you need to temporarily use Node 20, you can set the ACTIONS_ALLOW_USE_UNSECURE_NODE_VERSION=true environment variable. For more information see: https://github.blog/changelog/2025-09-19-deprecation-of-node-20-on-github-actions-runners/
windows	Preserve actual Windows observations	2026-08-28T05:28:29.7171875Z ##[group]Run actions/upload-artifact@ea165f8d65b6e75b540449e92b4886f43607fa02
windows	Preserve actual Windows observations	2026-08-28T05:28:29.7172284Z with:
windows	Preserve actual Windows observations	2026-08-28T05:28:29.7172485Z   name: containment-windows-parity
windows	Preserve actual Windows observations	2026-08-28T05:28:29.7173248Z   path: windows-preflight/
windows	Preserve actual Windows observations	windows-provider-results.json
windows	Preserve actual Windows observations	historical-red-results.json
windows	Preserve actual Windows observations	windows-tracer-results.json
windows	Preserve actual Windows observations	dist/native/
windows	Preserve actual Windows observations	
windows	Preserve actual Windows observations	2026-08-28T05:28:29.7173957Z   if-no-files-found: error
windows	Preserve actual Windows observations	2026-08-28T05:28:29.7174174Z   retention-days: 7
windows	Preserve actual Windows observations	2026-08-28T05:28:29.7174373Z   compression-level: 6
windows	Preserve actual Windows observations	2026-08-28T05:28:29.7174587Z   overwrite: false
windows	Preserve actual Windows observations	2026-08-28T05:28:29.7174784Z   include-hidden-files: false
windows	Preserve actual Windows observations	2026-08-28T05:28:29.7175024Z env:
windows	Preserve actual Windows observations	2026-08-28T05:28:29.7175278Z   EXSPECSO_NODE_HEADERS: D:\a\_temp\node-v20.19.0-headers.tar.gz
windows	Preserve actual Windows observations	2026-08-28T05:28:29.7175699Z   EXSPECSO_NODE_LIB: D:\a\_temp\node.lib
windows	Preserve actual Windows observations	2026-08-28T05:28:29.7175948Z ##[endgroup]
windows	Preserve actual Windows observations	2026-08-28T05:28:29.9225535Z (node:980) [DEP0040] DeprecationWarning: The `punycode` module is deprecated. Please use a userland alternative instead.
windows	Preserve actual Windows observations	2026-08-28T05:28:29.9226751Z (Use `node --trace-deprecation ...` to show where the warning was created)
windows	Preserve actual Windows observations	2026-08-28T05:28:29.9354012Z Multiple search paths detected. Calculating the least common ancestor of all paths
windows	Preserve actual Windows observations	2026-08-28T05:28:29.9357830Z The least common ancestor is D:\a\exspecso\exspecso. This will be the root directory of the artifact
windows	Preserve actual Windows observations	2026-08-28T05:28:29.9358883Z With the provided path, there will be 7 files uploaded
windows	Preserve actual Windows observations	2026-08-28T05:28:29.9365200Z Artifact name is valid!
windows	Preserve actual Windows observations	2026-08-28T05:28:29.9366669Z Root directory input is valid!
windows	Preserve actual Windows observations	2026-08-28T05:28:30.2869795Z Beginning upload of artifact content to blob storage
windows	Preserve actual Windows observations	2026-08-28T05:28:30.3261288Z (node:980) [DEP0169] DeprecationWarning: `url.parse()` behavior is not standardized and prone to errors that have security implications. Use the WHATWG URL API instead. CVEs are not issued for `url.parse()` vulnerabilities.
windows	Preserve actual Windows observations	2026-08-28T05:28:30.7284134Z Uploaded bytes 96031
windows	Preserve actual Windows observations	2026-08-28T05:28:30.7974985Z Finished uploading artifact content to blob storage!
windows	Preserve actual Windows observations	2026-08-28T05:28:30.7976602Z SHA256 digest of uploaded artifact zip is 30f5534643d7e598aede0627d0f2a64ac303452e636b4c2d497cfc2756a4eb27
windows	Preserve actual Windows observations	2026-08-28T05:28:30.7979023Z Finalizing artifact upload
windows	Preserve actual Windows observations	2026-08-28T05:28:31.0849874Z Artifact containment-windows-parity.zip successfully finalized. Artifact ID 9675356196
windows	Preserve actual Windows observations	2026-08-28T05:28:31.0851673Z Artifact containment-windows-parity has been successfully uploaded! Final size is 96031 bytes. Artifact ID is 9675356196
windows	Preserve actual Windows observations	2026-08-28T05:28:31.0863144Z Artifact download URL: https://github.com/ishk-sftckz/exspecso/actions/runs/33144791900/artifacts/9675356196
windows	Complete job	﻿2026-08-28T05:28:31.1079937Z Cleaning up orphan processes
windows	Complete job	2026-08-28T05:28:31.1290103Z Terminate orphan process: pid (3112) (vctip)
windows	Complete job	2026-08-28T05:28:31.1674595Z ##[warning]Node.js 20 is deprecated. The following actions target Node.js 20 but are being forced to run on Node.js 24: actions/upload-artifact@ea165f8d65b6e75b540449e92b4886f43607fa02. For more information see: https://github.blog/changelog/2025-09-19-deprecation-of-node-20-on-github-actions-runners/
