macos	Set up job	﻿2026-08-28T05:22:45.0469120Z Current runner version: '2.336.0'
macos	Set up job	2026-08-28T05:22:45.0482840Z ##[group]Runner Image Provisioner
macos	Set up job	2026-08-28T05:22:45.0483300Z Hosted Compute Agent
macos	Set up job	2026-08-28T05:22:45.0483640Z Version: 20260707.563
macos	Set up job	2026-08-28T05:22:45.0484000Z Commit: 02667638d2b423fbc733a8e32a88b44996a3ba6e
macos	Set up job	2026-08-28T05:22:45.0484430Z Build Date: 2026-07-07T19:33:50Z
macos	Set up job	2026-08-28T05:22:45.0484820Z Worker ID: {53d823d5-c469-49c3-92a0-3db611b12818}
macos	Set up job	2026-08-28T05:22:45.0485240Z Azure Region: westus
macos	Set up job	2026-08-28T05:22:45.0485580Z ##[endgroup]
macos	Set up job	2026-08-28T05:22:45.0486310Z ##[group]Operating System
macos	Set up job	2026-08-28T05:22:45.0486660Z macOS
macos	Set up job	2026-08-28T05:22:45.0486960Z 15.7.7
macos	Set up job	2026-08-28T05:22:45.0487250Z 24G720
macos	Set up job	2026-08-28T05:22:45.0487560Z ##[endgroup]
macos	Set up job	2026-08-28T05:22:45.0487900Z ##[group]Runner Image
macos	Set up job	2026-08-28T05:22:45.0488250Z Image: macos-15-arm64
macos	Set up job	2026-08-28T05:22:45.0488600Z Version: 20260727.0256.1
macos	Set up job	2026-08-28T05:22:45.0489290Z Included Software: https://github.com/actions/runner-images/blob/macos-15-arm64/20260727.0256/images/macos/macos-15-arm64-Readme.md
macos	Set up job	2026-08-28T05:22:45.0490370Z Image Release: https://github.com/actions/runner-images/releases/tag/macos-15-arm64%2F20260727.0256
macos	Set up job	2026-08-28T05:22:45.0490990Z ##[endgroup]
macos	Set up job	2026-08-28T05:22:45.0491570Z ##[group]GITHUB_TOKEN Permissions
macos	Set up job	2026-08-28T05:22:45.0492470Z Metadata: read
macos	Set up job	2026-08-28T05:22:45.0492800Z ##[endgroup]
macos	Set up job	2026-08-28T05:22:45.0493920Z Secret source: Actions
macos	Set up job	2026-08-28T05:22:45.0494500Z Prepare workflow directory
macos	Set up job	2026-08-28T05:22:45.0708950Z Prepare all required actions
macos	Set up job	2026-08-28T05:22:45.0739350Z Getting action download info
macos	Set up job	2026-08-28T05:22:45.4397370Z Download action repository 'actions/upload-artifact@ea165f8d65b6e75b540449e92b4886f43607fa02' (SHA:ea165f8d65b6e75b540449e92b4886f43607fa02)
macos	Set up job	2026-08-28T05:22:45.8038550Z Complete job name: macos
macos	Fetch this exact public task snapshot	﻿2026-08-28T05:22:45.8723270Z ##[group]Run git init .
macos	Fetch this exact public task snapshot	2026-08-28T05:22:45.8723740Z [36;1mgit init .[0m
macos	Fetch this exact public task snapshot	2026-08-28T05:22:45.8724240Z [36;1mgit remote add origin https://github.com/ishk-sftckz/exspecso.git[0m
macos	Fetch this exact public task snapshot	2026-08-28T05:22:45.8724820Z [36;1mgit fetch --depth=1 origin "$GITHUB_SHA"[0m
macos	Fetch this exact public task snapshot	2026-08-28T05:22:45.8725290Z [36;1mgit checkout --detach FETCH_HEAD[0m
macos	Fetch this exact public task snapshot	2026-08-28T05:22:45.8766950Z shell: /bin/bash --noprofile --norc -e -o pipefail {0}
macos	Fetch this exact public task snapshot	2026-08-28T05:22:45.8767700Z env:
macos	Fetch this exact public task snapshot	2026-08-28T05:22:45.8768150Z   DEVELOPER_DIR: /Applications/Xcode_16.4.app/Contents/Developer
macos	Fetch this exact public task snapshot	2026-08-28T05:22:45.8768630Z ##[endgroup]
macos	Fetch this exact public task snapshot	2026-08-28T05:22:45.9760040Z hint: Using 'master' as the name for the initial branch. This default branch name
macos	Fetch this exact public task snapshot	2026-08-28T05:22:45.9761000Z Initialized empty Git repository in /Users/runner/work/exspecso/exspecso/.git/
macos	Fetch this exact public task snapshot	2026-08-28T05:22:45.9762110Z hint: will change to "main" in Git 3.0. To configure the initial branch name
macos	Fetch this exact public task snapshot	2026-08-28T05:22:45.9763320Z hint: to use in all of your new repositories, which will suppress this warning,
macos	Fetch this exact public task snapshot	2026-08-28T05:22:45.9764260Z hint: call:
macos	Fetch this exact public task snapshot	2026-08-28T05:22:45.9764690Z hint:
macos	Fetch this exact public task snapshot	2026-08-28T05:22:45.9765230Z hint: 	git config --global init.defaultBranch <name>
macos	Fetch this exact public task snapshot	2026-08-28T05:22:45.9765840Z hint:
macos	Fetch this exact public task snapshot	2026-08-28T05:22:45.9766300Z hint: Names commonly chosen instead of 'master' are 'main', 'trunk' and
macos	Fetch this exact public task snapshot	2026-08-28T05:22:45.9767110Z hint: 'development'. The just-created branch can be renamed via this command:
macos	Fetch this exact public task snapshot	2026-08-28T05:22:45.9767720Z hint:
macos	Fetch this exact public task snapshot	2026-08-28T05:22:45.9768900Z hint: 	git branch -m <name>
macos	Fetch this exact public task snapshot	2026-08-28T05:22:45.9769370Z hint:
macos	Fetch this exact public task snapshot	2026-08-28T05:22:45.9769930Z hint: Disable this message with "git config set advice.defaultBranchName false"
macos	Fetch this exact public task snapshot	2026-08-28T05:22:46.5481280Z From https://github.com/ishk-sftckz/exspecso
macos	Fetch this exact public task snapshot	2026-08-28T05:22:46.5486080Z  * branch            bdbde5c5735d859fbd704433bc0a10d075e4fe5f -> FETCH_HEAD
macos	Fetch this exact public task snapshot	2026-08-28T05:22:46.5719840Z HEAD is now at bdbde5c test(01-10): expand installed tracer and historical race evidence
macos	Verify the approved runner and fetch checksum-verified Node inputs	﻿2026-08-28T05:22:46.5902600Z ##[group]Run node --input-type=module <<'NODE'
macos	Verify the approved runner and fetch checksum-verified Node inputs	2026-08-28T05:22:46.5903280Z [36;1mnode --input-type=module <<'NODE'[0m
macos	Verify the approved runner and fetch checksum-verified Node inputs	2026-08-28T05:22:46.5903820Z [36;1mimport { createHash } from 'node:crypto';[0m
macos	Verify the approved runner and fetch checksum-verified Node inputs	2026-08-28T05:22:46.5904440Z [36;1mimport { writeFileSync, appendFileSync } from 'node:fs';[0m
macos	Verify the approved runner and fetch checksum-verified Node inputs	2026-08-28T05:22:46.5905690Z [36;1mimport { execFileSync } from 'node:child_process';[0m
macos	Verify the approved runner and fetch checksum-verified Node inputs	2026-08-28T05:22:46.5906380Z [36;1mimport { join } from 'node:path';[0m
macos	Verify the approved runner and fetch checksum-verified Node inputs	2026-08-28T05:22:46.5907500Z [36;1mif (process.arch !== 'arm64' || process.env.ImageVersion !== '20260727.0256.1') throw new Error('Runner CPU/image drift: ' + JSON.stringify({arch: process.arch, image: process.env.ImageVersion}));[0m
macos	Verify the approved runner and fetch checksum-verified Node inputs	2026-08-28T05:22:46.5908670Z [36;1mconst base = 'https://nodejs.org/dist/v20.19.0/';[0m
macos	Verify the approved runner and fetch checksum-verified Node inputs	2026-08-28T05:22:46.5909320Z [36;1mconst sumsResponse = await fetch(base + 'SHASUMS256.txt');[0m
macos	Verify the approved runner and fetch checksum-verified Node inputs	2026-08-28T05:22:46.5910050Z [36;1mif (!sumsResponse.ok) throw new Error('Cannot fetch Node checksums');[0m
macos	Verify the approved runner and fetch checksum-verified Node inputs	2026-08-28T05:22:46.5910760Z [36;1mconst sums = await sumsResponse.text();[0m
macos	Verify the approved runner and fetch checksum-verified Node inputs	2026-08-28T05:22:46.5911520Z [36;1mfor (const name of ['node-v20.19.0-darwin-arm64.tar.gz', 'node-v20.19.0-headers.tar.gz']) {[0m
macos	Verify the approved runner and fetch checksum-verified Node inputs	2026-08-28T05:22:46.5912320Z [36;1m  const response = await fetch(base + name);[0m
macos	Verify the approved runner and fetch checksum-verified Node inputs	2026-08-28T05:22:46.5912940Z [36;1m  if (!response.ok) throw new Error('Cannot fetch ' + name);[0m
macos	Verify the approved runner and fetch checksum-verified Node inputs	2026-08-28T05:22:46.5913640Z [36;1m  const bytes = Buffer.from(await response.arrayBuffer());[0m
macos	Verify the approved runner and fetch checksum-verified Node inputs	2026-08-28T05:22:46.5914360Z [36;1m  const sha256 = createHash('sha256').update(bytes).digest('hex');[0m
macos	Verify the approved runner and fetch checksum-verified Node inputs	2026-08-28T05:22:46.5915270Z [36;1m  const expected = sums.split('\n').map(line => line.trim().split(/\s+/)).find(parts => parts[1] === name)?.[0];[0m
macos	Verify the approved runner and fetch checksum-verified Node inputs	2026-08-28T05:22:46.5916230Z [36;1m  if (sha256 !== expected) throw new Error('Node input hash mismatch: ' + name);[0m
macos	Verify the approved runner and fetch checksum-verified Node inputs	2026-08-28T05:22:46.5917000Z [36;1m  writeFileSync(join(process.env.RUNNER_TEMP, name), bytes);[0m
macos	Verify the approved runner and fetch checksum-verified Node inputs	2026-08-28T05:22:46.5917640Z [36;1m  console.log(JSON.stringify({name, sha256}));[0m
macos	Verify the approved runner and fetch checksum-verified Node inputs	2026-08-28T05:22:46.5918150Z [36;1m}[0m
macos	Verify the approved runner and fetch checksum-verified Node inputs	2026-08-28T05:22:46.5918920Z [36;1mexecFileSync('tar', ['-xzf', join(process.env.RUNNER_TEMP, 'node-v20.19.0-darwin-arm64.tar.gz'), '-C', process.env.RUNNER_TEMP]);[0m
macos	Verify the approved runner and fetch checksum-verified Node inputs	2026-08-28T05:22:46.5920130Z [36;1mappendFileSync(process.env.GITHUB_PATH, join(process.env.RUNNER_TEMP, 'node-v20.19.0-darwin-arm64', 'bin') + '\n');[0m
macos	Verify the approved runner and fetch checksum-verified Node inputs	2026-08-28T05:22:46.5921430Z [36;1mappendFileSync(process.env.GITHUB_ENV, 'EXSPECSO_NODE_HEADERS=' + join(process.env.RUNNER_TEMP, 'node-v20.19.0-headers.tar.gz') + '\n');[0m
macos	Verify the approved runner and fetch checksum-verified Node inputs	2026-08-28T05:22:46.5922690Z [36;1mconsole.log(JSON.stringify({image: process.env.ImageVersion, arch: process.arch}));[0m
macos	Verify the approved runner and fetch checksum-verified Node inputs	2026-08-28T05:22:46.5923350Z [36;1mNODE[0m
macos	Verify the approved runner and fetch checksum-verified Node inputs	2026-08-28T05:22:46.5958740Z shell: /bin/bash --noprofile --norc -e -o pipefail {0}
macos	Verify the approved runner and fetch checksum-verified Node inputs	2026-08-28T05:22:46.5959330Z env:
macos	Verify the approved runner and fetch checksum-verified Node inputs	2026-08-28T05:22:46.5959840Z   DEVELOPER_DIR: /Applications/Xcode_16.4.app/Contents/Developer
macos	Verify the approved runner and fetch checksum-verified Node inputs	2026-08-28T05:22:46.5960430Z ##[endgroup]
macos	Verify the approved runner and fetch checksum-verified Node inputs	2026-08-28T05:22:47.2601190Z {"name":"node-v20.19.0-darwin-arm64.tar.gz","sha256":"c016cd1975a264a29dc1b07c6fbe60d5df0a0c2beb4113c0450e3d998d1a0d9c"}
macos	Verify the approved runner and fetch checksum-verified Node inputs	2026-08-28T05:22:47.4802790Z {"name":"node-v20.19.0-headers.tar.gz","sha256":"800194e32cef4ee77f5a2e8c0e5dd2b4acb38b39ef2ea544929c181b949494bb"}
macos	Verify the approved runner and fetch checksum-verified Node inputs	2026-08-28T05:22:48.4545120Z {"image":"20260727.0256.1","arch":"arm64"}
macos	Install locked development dependencies without lifecycle scripts	﻿2026-08-28T05:22:48.4697040Z ##[group]Run npm ci --ignore-scripts
macos	Install locked development dependencies without lifecycle scripts	2026-08-28T05:22:48.4698350Z [36;1mnpm ci --ignore-scripts[0m
macos	Install locked development dependencies without lifecycle scripts	2026-08-28T05:22:48.4760100Z shell: /bin/bash -e {0}
macos	Install locked development dependencies without lifecycle scripts	2026-08-28T05:22:48.4761170Z env:
macos	Install locked development dependencies without lifecycle scripts	2026-08-28T05:22:48.4762330Z   DEVELOPER_DIR: /Applications/Xcode_16.4.app/Contents/Developer
macos	Install locked development dependencies without lifecycle scripts	2026-08-28T05:22:48.4764210Z   EXSPECSO_NODE_HEADERS: /Users/runner/work/_temp/node-v20.19.0-headers.tar.gz
macos	Install locked development dependencies without lifecycle scripts	2026-08-28T05:22:48.4766790Z ##[endgroup]
macos	Install locked development dependencies without lifecycle scripts	2026-08-28T05:22:49.8997730Z 
macos	Install locked development dependencies without lifecycle scripts	2026-08-28T05:22:49.9070260Z added 75 packages, and audited 76 packages in 1s
macos	Install locked development dependencies without lifecycle scripts	2026-08-28T05:22:49.9072500Z 
macos	Install locked development dependencies without lifecycle scripts	2026-08-28T05:22:49.9073480Z 20 packages are looking for funding
macos	Install locked development dependencies without lifecycle scripts	2026-08-28T05:22:49.9074440Z   run `npm fund` for details
macos	Install locked development dependencies without lifecycle scripts	2026-08-28T05:22:49.9074890Z 
macos	Install locked development dependencies without lifecycle scripts	2026-08-28T05:22:49.9075650Z found 0 vulnerabilities
macos	Build the release provider and TypeScript	﻿2026-08-28T05:22:49.9156350Z ##[group]Run node native/build.mjs --variant release --target darwin-arm64 --out . --headers "$EXSPECSO_NODE_HEADERS"
macos	Build the release provider and TypeScript	2026-08-28T05:22:49.9160160Z [36;1mnode native/build.mjs --variant release --target darwin-arm64 --out . --headers "$EXSPECSO_NODE_HEADERS"[0m
macos	Build the release provider and TypeScript	2026-08-28T05:22:49.9160650Z [36;1mnpm run build[0m
macos	Build the release provider and TypeScript	2026-08-28T05:22:49.9199850Z shell: /bin/bash -e {0}
macos	Build the release provider and TypeScript	2026-08-28T05:22:49.9200100Z env:
macos	Build the release provider and TypeScript	2026-08-28T05:22:49.9200370Z   DEVELOPER_DIR: /Applications/Xcode_16.4.app/Contents/Developer
macos	Build the release provider and TypeScript	2026-08-28T05:22:49.9200840Z   EXSPECSO_NODE_HEADERS: /Users/runner/work/_temp/node-v20.19.0-headers.tar.gz
macos	Build the release provider and TypeScript	2026-08-28T05:22:49.9201250Z ##[endgroup]
macos	Build the release provider and TypeScript	2026-08-28T05:22:54.2798320Z {"variant":"release","target":"darwin-arm64","binary":"/Users/runner/work/exspecso/exspecso/dist/native/darwin-arm64/contained-fs.node","sha256":"0f96f9185b7caedb8f355c7a8440b074e8b0c6f51c6efc99e1c46b6e4ede990e","buildCommit":"bdbde5c5735d859fbd704433bc0a10d075e4fe5f"}
macos	Build the release provider and TypeScript	2026-08-28T05:22:54.5493290Z 
macos	Build the release provider and TypeScript	2026-08-28T05:22:54.5494020Z > exspecso@0.1.0 build
macos	Build the release provider and TypeScript	2026-08-28T05:22:54.5502680Z > tsc -p tsconfig.json
macos	Build the release provider and TypeScript	2026-08-28T05:22:54.5503000Z 
macos	Run the provider and installed tracer tests	﻿2026-08-28T05:22:54.6951940Z ##[group]Run npm test -- --run tests/unit/contained-fs.test.ts tests/integration/init-codex-tracer.test.ts --testTimeout 60000 --reporter=default --reporter=json --outputFile=tracer-results.json
macos	Run the provider and installed tracer tests	2026-08-28T05:22:54.6953280Z [36;1mnpm test -- --run tests/unit/contained-fs.test.ts tests/integration/init-codex-tracer.test.ts --testTimeout 60000 --reporter=default --reporter=json --outputFile=tracer-results.json[0m
macos	Run the provider and installed tracer tests	2026-08-28T05:22:54.6987030Z shell: /bin/bash -e {0}
macos	Run the provider and installed tracer tests	2026-08-28T05:22:54.6987290Z env:
macos	Run the provider and installed tracer tests	2026-08-28T05:22:54.6987520Z   DEVELOPER_DIR: /Applications/Xcode_16.4.app/Contents/Developer
macos	Run the provider and installed tracer tests	2026-08-28T05:22:54.6987930Z   EXSPECSO_NODE_HEADERS: /Users/runner/work/_temp/node-v20.19.0-headers.tar.gz
macos	Run the provider and installed tracer tests	2026-08-28T05:22:54.6988250Z ##[endgroup]
macos	Run the provider and installed tracer tests	2026-08-28T05:22:54.8180250Z 
macos	Run the provider and installed tracer tests	2026-08-28T05:22:54.8281390Z > exspecso@0.1.0 test
macos	Run the provider and installed tracer tests	2026-08-28T05:22:54.8383460Z > vitest --run tests/unit/contained-fs.test.ts tests/integration/init-codex-tracer.test.ts --testTimeout 60000 --reporter=default --reporter=json --outputFile=tracer-results.json
macos	Run the provider and installed tracer tests	2026-08-28T05:22:54.8486670Z 
macos	Run the provider and installed tracer tests	2026-08-28T05:22:55.0675950Z 
macos	Run the provider and installed tracer tests	2026-08-28T05:22:55.0677640Z [1m[30m[46m RUN [49m[39m[22m [36mv4.1.11 [39m[90m/Users/runner/work/exspecso/exspecso[39m
macos	Run the provider and installed tracer tests	2026-08-28T05:22:55.0678230Z 
macos	Run the provider and installed tracer tests	2026-08-28T05:22:55.4156410Z  [32m✓[39m tests/unit/contained-fs.test.ts [2m([22m[2m10 tests[22m[2m)[22m[32m 203[2mms[22m[39m
macos	Run the provider and installed tracer tests	2026-08-28T05:23:02.0101610Z [90mstdout[2m | tests/integration/init-codex-tracer.test.ts[2m > [22m[2mpacked Codex initializer tracer[2m > [22m[2mcontained promotion tracer reaches the native leaf substitution boundary
macos	Run the provider and installed tracer tests	2026-08-28T05:23:02.0220060Z [22m[39m{"family":"TR-01","site":"leaf","mode":"instrumented","limitation":false,"provider":"/private/var/folders/_5/zjnzxgh147qcg3bb5cg2wvqw0000gn/T/exspecso-test-install-3E15uw/runner/node_modules/exspecso/dist/native/darwin-arm64/contained-fs.node","providerSHA256":"e86700d99e1a83cda4765612b43f374f479143f760e34b1b8308aef33e05af93","tarballSHA256":"ff71e1d36c2292e29e4a995f937911250cf6707b0d598c452faaefce5baaf616","provenance":{"buildCommit":"bdbde5c5735d859fbd704433bc0a10d075e4fe5f","variant":"test","sources":{"native/contained-fs.cc":"f4d3532be4e1df6a561f26c78f02b6b72ac911752952018925fb70f982e6d3bc","native/contained-fs-posix.cc":"e1f4a20784d71345143e763da09652cebcfca1ea8f912aa425a45f731b422fdf","native/contained-fs-win.cc":"58d2e4633842f6e8fc2ec5799d4767eb6bf3cf6ad66d07369f7294b8844009d8","native/build.mjs":"4036a919bbb5b115ffe23ed16377fb5568dbdf7ef3094774ff49e38d2098432b","native/windows-preflight.ps1":"03ca2bffed190f0b194d21064db49dda7f2a954abdae17348049e0beb4cca23c"},"headerHash":"800194e32cef4ee77f5a2e8c0e5dd2b4acb38b39ef2ea544929c181b949494bb","compiler":"/Applications/Xcode_16.4.app/Contents/Developer/Toolchains/XcodeDefault.xctoolchain/usr/bin/clang++","compilerVersion":"Apple clang version 17.0.0 (clang-1700.0.13.5)\nTarget: arm64-apple-darwin24.6.0\nThread model: posix\nInstalledDir: /Applications/Xcode_16.4.app/Contents/Developer/Toolchains/XcodeDefault.xctoolchain/usr/bin","sdkVersion":"15.5","xcode":"Xcode 16.4\nBuild version 16F6","osVersion":"15.7.7","osBuild":"24G720","args":["-std=c++17","-O2","-Wall","-Wextra","-fvisibility=hidden","-bundle","-undefined","dynamic_lookup","-isysroot","/Applications/Xcode_16.4.app/Contents/Developer/Platforms/MacOSX.platform/Developer/SDKs/MacOSX15.5.sdk","-mmacosx-version-min=15.7.7","-DNAPI_VERSION=8","-DNODE_GYP_MODULE_NAME=contained_fs","-I","/var/folders/_5/zjnzxgh147qcg3bb5cg2wvqw0000gn/T/exspecso-native-build-JEHpKJ/node-v20.19.0/include/node","-DEXSPECSO_CONTAINMENT_TEST=1","/Users/runner/work/exspecso/exspecso/native/contained-fs.cc","-o","/var/folders/_5/zjnzxgh147qcg3bb5cg2wvqw0000gn/T/exspecso-test-install-3E15uw/package/dist/native/darwin-arm64/contained-fs.node"],"binarySHA256":"e86700d99e1a83cda4765612b43f374f479143f760e34b1b8308aef33e05af93"},"reached":{"operation":"replace:before","pid":13023,"providerPath":"/private/var/folders/_5/zjnzxgh147qcg3bb5cg2wvqw0000gn/T/exspecso-test-install-3E15uw/runner/node_modules/exspecso/dist/native/darwin-arm64/contained-fs.node"},"exitCode":1}
macos	Run the provider and installed tracer tests	2026-08-28T05:23:02.0326950Z 
macos	Run the provider and installed tracer tests	2026-08-28T05:23:05.6458450Z [90mstdout[2m | tests/integration/init-codex-tracer.test.ts[2m > [22m[2mpacked Codex initializer tracer[2m > [22m[2mcontained promotion tracer reaches the native parent substitution boundary
macos	Run the provider and installed tracer tests	2026-08-28T05:23:05.6467890Z [22m[39m{"family":"TR-01","site":"parent","mode":"instrumented","limitation":true,"provider":"/private/var/folders/_5/zjnzxgh147qcg3bb5cg2wvqw0000gn/T/exspecso-test-install-zOvon9/runner/node_modules/exspecso/dist/native/darwin-arm64/contained-fs.node","providerSHA256":"e86700d99e1a83cda4765612b43f374f479143f760e34b1b8308aef33e05af93","tarballSHA256":"0985fae04c43b45dad6967b7ac5deefcc26378bd1b7ddaa8afaaf891c228a497","provenance":{"buildCommit":"bdbde5c5735d859fbd704433bc0a10d075e4fe5f","variant":"test","sources":{"native/contained-fs.cc":"f4d3532be4e1df6a561f26c78f02b6b72ac911752952018925fb70f982e6d3bc","native/contained-fs-posix.cc":"e1f4a20784d71345143e763da09652cebcfca1ea8f912aa425a45f731b422fdf","native/contained-fs-win.cc":"58d2e4633842f6e8fc2ec5799d4767eb6bf3cf6ad66d07369f7294b8844009d8","native/build.mjs":"4036a919bbb5b115ffe23ed16377fb5568dbdf7ef3094774ff49e38d2098432b","native/windows-preflight.ps1":"03ca2bffed190f0b194d21064db49dda7f2a954abdae17348049e0beb4cca23c"},"headerHash":"800194e32cef4ee77f5a2e8c0e5dd2b4acb38b39ef2ea544929c181b949494bb","compiler":"/Applications/Xcode_16.4.app/Contents/Developer/Toolchains/XcodeDefault.xctoolchain/usr/bin/clang++","compilerVersion":"Apple clang version 17.0.0 (clang-1700.0.13.5)\nTarget: arm64-apple-darwin24.6.0\nThread model: posix\nInstalledDir: /Applications/Xcode_16.4.app/Contents/Developer/Toolchains/XcodeDefault.xctoolchain/usr/bin","sdkVersion":"15.5","xcode":"Xcode 16.4\nBuild version 16F6","osVersion":"15.7.7","osBuild":"24G720","args":["-std=c++17","-O2","-Wall","-Wextra","-fvisibility=hidden","-bundle","-undefined","dynamic_lookup","-isysroot","/Applications/Xcode_16.4.app/Contents/Developer/Platforms/MacOSX.platform/Developer/SDKs/MacOSX15.5.sdk","-mmacosx-version-min=15.7.7","-DNAPI_VERSION=8","-DNODE_GYP_MODULE_NAME=contained_fs","-I","/var/folders/_5/zjnzxgh147qcg3bb5cg2wvqw0000gn/T/exspecso-native-build-ziYai7/node-v20.19.0/include/node","-DEXSPECSO_CONTAINMENT_TEST=1","/Users/runner/work/exspecso/exspecso/native/contained-fs.cc","-o","/var/folders/_5/zjnzxgh147qcg3bb5cg2wvqw0000gn/T/exspecso-test-install-zOvon9/package/dist/native/darwin-arm64/contained-fs.node"],"binarySHA256":"e86700d99e1a83cda4765612b43f374f479143f760e34b1b8308aef33e05af93"},"reached":{"operation":"replace:before","pid":13123,"providerPath":"/private/var/folders/_5/zjnzxgh147qcg3bb5cg2wvqw0000gn/T/exspecso-test-install-zOvon9/runner/node_modules/exspecso/dist/native/darwin-arm64/contained-fs.node"},"exitCode":0}
macos	Run the provider and installed tracer tests	2026-08-28T05:23:05.6587430Z 
macos	Run the provider and installed tracer tests	2026-08-28T05:23:09.2118550Z [90mstdout[2m | tests/integration/init-codex-tracer.test.ts[2m > [22m[2mpacked Codex initializer tracer[2m > [22m[2mcontained promotion tracer reaches the native ancestor substitution boundary
macos	Run the provider and installed tracer tests	2026-08-28T05:23:09.2230750Z [22m[39m{"family":"TR-01","site":"ancestor","mode":"instrumented","limitation":true,"provider":"/private/var/folders/_5/zjnzxgh147qcg3bb5cg2wvqw0000gn/T/exspecso-test-install-funwgY/runner/node_modules/exspecso/dist/native/darwin-arm64/contained-fs.node","providerSHA256":"e86700d99e1a83cda4765612b43f374f479143f760e34b1b8308aef33e05af93","tarballSHA256":"b4285e217b85eac970d58701c6941ed5b4dd5ea9ac7334f50a12f4ebbe6a7ef1","provenance":{"buildCommit":"bdbde5c5735d859fbd704433bc0a10d075e4fe5f","variant":"test","sources":{"native/contained-fs.cc":"f4d3532be4e1df6a561f26c78f02b6b72ac911752952018925fb70f982e6d3bc","native/contained-fs-posix.cc":"e1f4a20784d71345143e763da09652cebcfca1ea8f912aa425a45f731b422fdf","native/contained-fs-win.cc":"58d2e4633842f6e8fc2ec5799d4767eb6bf3cf6ad66d07369f7294b8844009d8","native/build.mjs":"4036a919bbb5b115ffe23ed16377fb5568dbdf7ef3094774ff49e38d2098432b","native/windows-preflight.ps1":"03ca2bffed190f0b194d21064db49dda7f2a954abdae17348049e0beb4cca23c"},"headerHash":"800194e32cef4ee77f5a2e8c0e5dd2b4acb38b39ef2ea544929c181b949494bb","compiler":"/Applications/Xcode_16.4.app/Contents/Developer/Toolchains/XcodeDefault.xctoolchain/usr/bin/clang++","compilerVersion":"Apple clang version 17.0.0 (clang-1700.0.13.5)\nTarget: arm64-apple-darwin24.6.0\nThread model: posix\nInstalledDir: /Applications/Xcode_16.4.app/Contents/Developer/Toolchains/XcodeDefault.xctoolchain/usr/bin","sdkVersion":"15.5","xcode":"Xcode 16.4\nBuild version 16F6","osVersion":"15.7.7","osBuild":"24G720","args":["-std=c++17","-O2","-Wall","-Wextra","-fvisibility=hidden","-bundle","-undefined","dynamic_lookup","-isysroot","/Applications/Xcode_16.4.app/Contents/Developer/Platforms/MacOSX.platform/Developer/SDKs/MacOSX15.5.sdk","-mmacosx-version-min=15.7.7","-DNAPI_VERSION=8","-DNODE_GYP_MODULE_NAME=contained_fs","-I","/var/folders/_5/zjnzxgh147qcg3bb5cg2wvqw0000gn/T/exspecso-native-build-ZIbxF0/node-v20.19.0/include/node","-DEXSPECSO_CONTAINMENT_TEST=1","/Users/runner/work/exspecso/exspecso/native/contained-fs.cc","-o","/var/folders/_5/zjnzxgh147qcg3bb5cg2wvqw0000gn/T/exspecso-test-install-funwgY/package/dist/native/darwin-arm64/contained-fs.node"],"binarySHA256":"e86700d99e1a83cda4765612b43f374f479143f760e34b1b8308aef33e05af93"},"reached":{"operation":"replace:before","pid":13439,"providerPath":"/private/var/folders/_5/zjnzxgh147qcg3bb5cg2wvqw0000gn/T/exspecso-test-install-funwgY/runner/node_modules/exspecso/dist/native/darwin-arm64/contained-fs.node"},"exitCode":0}
macos	Run the provider and installed tracer tests	2026-08-28T05:23:09.2340230Z 
macos	Run the provider and installed tracer tests	2026-08-28T05:23:18.2254300Z  [32m✓[39m tests/integration/init-codex-tracer.test.ts [2m([22m[2m11 tests[22m[2m)[22m[33m 22993[2mms[22m[39m
macos	Run the provider and installed tracer tests	2026-08-28T05:23:18.2371640Z      [33m[2m✓[22m[39m contained promotion tracer rejects a missing installed provider before any project mutation [33m 3188[2mms[22m[39m
macos	Run the provider and installed tracer tests	2026-08-28T05:23:18.2472940Z      [33m[2m✓[22m[39m contained promotion tracer reaches the native leaf substitution boundary [33m 3670[2mms[22m[39m
macos	Run the provider and installed tracer tests	2026-08-28T05:23:18.2573920Z      [33m[2m✓[22m[39m contained promotion tracer reaches the native parent substitution boundary [33m 3637[2mms[22m[39m
macos	Run the provider and installed tracer tests	2026-08-28T05:23:18.2657520Z      [33m[2m✓[22m[39m contained promotion tracer reaches the native ancestor substitution boundary [33m 3557[2mms[22m[39m
macos	Run the provider and installed tracer tests	2026-08-28T05:23:18.2658390Z      [33m[2m✓[22m[39m contained promotion tracer preserves an external hardlink during an additive rerun [33m 2442[2mms[22m[39m
macos	Run the provider and installed tracer tests	2026-08-28T05:23:18.2659200Z      [33m[2m✓[22m[39m creates only the canonical foundation and Codex adapter [33m 1327[2mms[22m[39m
macos	Run the provider and installed tracer tests	2026-08-28T05:23:18.2659960Z      [33m[2m✓[22m[39m returns an error before writing when the selected agent is unsupported [33m 1209[2mms[22m[39m
macos	Run the provider and installed tracer tests	2026-08-28T05:23:18.2660660Z      [33m[2m✓[22m[39m initializes at the nearest containing Git root from a deep nested cwd [33m 1320[2mms[22m[39m
macos	Run the provider and installed tracer tests	2026-08-28T05:23:18.2661420Z      [33m[2m✓[22m[39m uses a nested Git repository instead of its parent repository [33m 1345[2mms[22m[39m
macos	Run the provider and installed tracer tests	2026-08-28T05:23:18.2663530Z      [33m[2m✓[22m[39m reports a repairable no-repository diagnostic without writes [33m 1295[2mms[22m[39m
macos	Run the provider and installed tracer tests	2026-08-28T05:23:18.2663990Z 
macos	Run the provider and installed tracer tests	2026-08-28T05:23:18.2664260Z [2m Test Files [22m [1m[32m2 passed[39m[22m[90m (2)[39m
macos	Run the provider and installed tracer tests	2026-08-28T05:23:18.2664740Z [2m      Tests [22m [1m[32m21 passed[39m[22m[90m (21)[39m
macos	Run the provider and installed tracer tests	2026-08-28T05:23:18.2665130Z [2m   Start at [22m 05:22:55
macos	Run the provider and installed tracer tests	2026-08-28T05:23:18.2665670Z [2m   Duration [22m 23.15s[2m (transform 101ms, setup 0ms, import 126ms, tests 23.20s, environment 0ms)[22m
macos	Run the provider and installed tracer tests	2026-08-28T05:23:18.2666090Z 
macos	Run the provider and installed tracer tests	2026-08-28T05:23:18.2666360Z JSON report written to /Users/runner/work/exspecso/exspecso/tracer-results.json
macos	Record the historical installed CLI race RED	﻿2026-08-28T05:23:18.2699360Z ##[group]Run status=0
macos	Record the historical installed CLI race RED	2026-08-28T05:23:18.2699570Z [36;1mstatus=0[0m
macos	Record the historical installed CLI race RED	2026-08-28T05:23:18.2700190Z [36;1mnpm test -- --run tests/integration/init-codex-tracer.test.ts -t 'native (leaf|parent|ancestor) substitution' --reporter=default --reporter=json --outputFile=historical-red-results.json || status=$?[0m
macos	Record the historical installed CLI race RED	2026-08-28T05:23:18.2700860Z [36;1mtest "$status" = 1[0m
macos	Record the historical installed CLI race RED	2026-08-28T05:23:18.2701600Z [36;1mnode -e "const r=require('./historical-red-results.json');const a=r.testResults.flatMap(t=>t.assertionResults).filter(t=>t.status==='failed');if(a.length!==3||a.some(t=>!t.failureMessages.join('').includes('external sentinel')))process.exit(1)"[0m
macos	Record the historical installed CLI race RED	2026-08-28T05:23:18.2754520Z shell: /bin/bash -e {0}
macos	Record the historical installed CLI race RED	2026-08-28T05:23:18.2754750Z env:
macos	Record the historical installed CLI race RED	2026-08-28T05:23:18.2754990Z   DEVELOPER_DIR: /Applications/Xcode_16.4.app/Contents/Developer
macos	Record the historical installed CLI race RED	2026-08-28T05:23:18.2755420Z   EXSPECSO_NODE_HEADERS: /Users/runner/work/_temp/node-v20.19.0-headers.tar.gz
macos	Record the historical installed CLI race RED	2026-08-28T05:23:18.2755760Z   EXSPECSO_RUN_VULNERABLE_TRACER: 1
macos	Record the historical installed CLI race RED	2026-08-28T05:23:18.2756080Z ##[endgroup]
macos	Record the historical installed CLI race RED	2026-08-28T05:23:18.4167070Z 
macos	Record the historical installed CLI race RED	2026-08-28T05:23:18.4251430Z > exspecso@0.1.0 test
macos	Record the historical installed CLI race RED	2026-08-28T05:23:18.4353200Z > vitest --run tests/integration/init-codex-tracer.test.ts -t native (leaf|parent|ancestor) substitution --reporter=default --reporter=json --outputFile=historical-red-results.json
macos	Record the historical installed CLI race RED	2026-08-28T05:23:18.4452970Z 
macos	Record the historical installed CLI race RED	2026-08-28T05:23:18.6482620Z 
macos	Record the historical installed CLI race RED	2026-08-28T05:23:18.6484410Z [1m[30m[46m RUN [49m[39m[22m [36mv4.1.11 [39m[90m/Users/runner/work/exspecso/exspecso[39m
macos	Record the historical installed CLI race RED	2026-08-28T05:23:18.6484890Z 
macos	Record the historical installed CLI race RED	2026-08-28T05:26:19.0188750Z  [31m❯[39m tests/integration/init-codex-tracer.test.ts [2m([22m[2m11 tests[22m[2m | [22m[31m3 failed[39m[2m | [22m[33m8 skipped[39m[2m)[22m[33m 180230[2mms[22m[39m
macos	Record the historical installed CLI race RED	2026-08-28T05:26:19.0190910Z      [2m[90m↓[39m[22m contained promotion tracer rejects a missing installed provider before any project mutation
macos	Record the historical installed CLI race RED	2026-08-28T05:26:19.0191950Z [31m     [31m×[31m contained promotion tracer reaches the native leaf substitution boundary[39m[33m 60058[2mms[22m[39m
macos	Record the historical installed CLI race RED	2026-08-28T05:26:19.0193330Z [31m     [31m×[31m contained promotion tracer reaches the native parent substitution boundary[39m[33m 60091[2mms[22m[39m
macos	Record the historical installed CLI race RED	2026-08-28T05:26:19.0194330Z [31m     [31m×[31m contained promotion tracer reaches the native ancestor substitution boundary[39m[33m 60080[2mms[22m[39m
macos	Record the historical installed CLI race RED	2026-08-28T05:26:19.0195350Z      [2m[90m↓[39m[22m contained promotion tracer preserves an external hardlink during an additive rerun
macos	Record the historical installed CLI race RED	2026-08-28T05:26:19.0196120Z      [2m[90m↓[39m[22m creates only the canonical foundation and Codex adapter
macos	Record the historical installed CLI race RED	2026-08-28T05:26:19.0196810Z      [2m[90m↓[39m[22m returns an error before writing when the selected agent is unsupported
macos	Record the historical installed CLI race RED	2026-08-28T05:26:19.0197580Z      [2m[90m↓[39m[22m resolves the containing Git root before initialization
macos	Record the historical installed CLI race RED	2026-08-28T05:26:19.0199400Z      [2m[90m↓[39m[22m initializes at the nearest containing Git root from a deep nested cwd
macos	Record the historical installed CLI race RED	2026-08-28T05:26:19.0200120Z      [2m[90m↓[39m[22m uses a nested Git repository instead of its parent repository
macos	Record the historical installed CLI race RED	2026-08-28T05:26:19.0200910Z      [2m[90m↓[39m[22m reports a repairable no-repository diagnostic without writes
macos	Record the historical installed CLI race RED	2026-08-28T05:26:19.0224410Z 
macos	Record the historical installed CLI race RED	2026-08-28T05:26:19.0225270Z [31m⎯⎯⎯⎯⎯⎯⎯[39m[1m[41m Failed Tests 3 [49m[22m[31m⎯⎯⎯⎯⎯⎯⎯[39m
macos	Record the historical installed CLI race RED	2026-08-28T05:26:19.0235990Z 
macos	Record the historical installed CLI race RED	2026-08-28T05:26:19.0236760Z [41m[1m FAIL [22m[49m tests/integration/init-codex-tracer.test.ts[2m > [22mpacked Codex initializer tracer[2m > [22mcontained promotion tracer reaches the native leaf substitution boundary
macos	Record the historical installed CLI race RED	2026-08-28T05:26:19.0238010Z [41m[1m FAIL [22m[49m tests/integration/init-codex-tracer.test.ts[2m > [22mpacked Codex initializer tracer[2m > [22mcontained promotion tracer reaches the native parent substitution boundary
macos	Record the historical installed CLI race RED	2026-08-28T05:26:19.0239310Z [41m[1m FAIL [22m[49m tests/integration/init-codex-tracer.test.ts[2m > [22mpacked Codex initializer tracer[2m > [22mcontained promotion tracer reaches the native ancestor substitution boundary
macos	Record the historical installed CLI race RED	2026-08-28T05:26:19.0240580Z [31m[1mError[22m: Test timed out in 60000ms.
macos	Record the historical installed CLI race RED	2026-08-28T05:26:19.0241240Z If this is a long-running test, pass a timeout value as the last argument or configure it globally with "testTimeout".[39m
macos	Record the historical installed CLI race RED	2026-08-28T05:26:19.0241860Z [36m [2m❯[22m tests/integration/init-codex-tracer.test.ts:[2m66:5[22m[39m
macos	Record the historical installed CLI race RED	2026-08-28T05:26:19.0286800Z     [90m 64|[39m
macos	Record the historical installed CLI race RED	2026-08-28T05:26:19.0286990Z 
macos	Record the historical installed CLI race RED	2026-08-28T05:26:19.0287270Z [2m Test Files [22m [1m[31m1 failed[39m[22m[90m (1)[39m
macos	Record the historical installed CLI race RED	2026-08-28T05:26:19.0291930Z     [90m 65|[39m   [35mfor[39m ([35mconst[39m site [35mof[39m [[32m"leaf"[39m[33m,[39m [32m"parent"[39m[33m,[39m [32m"ancestor"[39m] [35mas[39m [35mconst[39m) {
macos	Record the historical installed CLI race RED	2026-08-28T05:26:19.0292670Z [2m      Tests [22m [1m[31m3 failed[39m[22m[2m | [22m[33m8 skipped[39m[90m (11)[39m
macos	Record the historical installed CLI race RED	2026-08-28T05:26:19.0293310Z [2m   Start at [22m 05:23:18
macos	Record the historical installed CLI race RED	2026-08-28T05:26:19.0294150Z     [90m 66|[39m     it(`contained promotion tracer reaches the native ${site} substitu…
macos	Record the historical installed CLI race RED	2026-08-28T05:26:19.0295040Z [2m   Duration [22m 180.37s[2m (transform 44ms, setup 0ms, import 57ms, tests 180.23s, environment 0ms)[22m
macos	Record the historical installed CLI race RED	2026-08-28T05:26:19.0295770Z     [90m   |[39m     [31m^[39m
macos	Record the historical installed CLI race RED	2026-08-28T05:26:19.0299450Z 
macos	Record the historical installed CLI race RED	2026-08-28T05:26:19.0299980Z     [90m 67|[39m       [35mconst[39m fixture [33m=[39m [35mawait[39m [34museFixture[39m(createGitFixture)[33m;[39m
macos	Record the historical installed CLI race RED	2026-08-28T05:26:19.0301090Z     [90m 68|[39m       const historical = process.env.EXSPECSO_RUN_VULNERABLE_TRACER ==…
macos	Record the historical installed CLI race RED	2026-08-28T05:26:19.0301530Z 
macos	Record the historical installed CLI race RED	2026-08-28T05:26:19.0301870Z [31m[2m⎯⎯⎯⎯⎯⎯⎯⎯⎯⎯⎯⎯⎯⎯⎯⎯⎯⎯⎯⎯⎯⎯⎯⎯[1/3]⎯[22m[39m
macos	Record the historical installed CLI race RED	2026-08-28T05:26:19.0302230Z 
macos	Record the historical installed CLI race RED	2026-08-28T05:26:19.0306080Z JSON report written to /Users/runner/work/exspecso/exspecso/historical-red-results.json
macos	Record the historical installed CLI race RED	2026-08-28T05:26:19.0794020Z ##[error]Process completed with exit code 1.
macos	Preserve the actual host binaries and test report	﻿2026-08-28T05:26:19.0912060Z Node 20 is being deprecated. This workflow is running with Node 24 by default. If you need to temporarily use Node 20, you can set the ACTIONS_ALLOW_USE_UNSECURE_NODE_VERSION=true environment variable. For more information see: https://github.blog/changelog/2025-09-19-deprecation-of-node-20-on-github-actions-runners/
macos	Preserve the actual host binaries and test report	2026-08-28T05:26:19.0916950Z ##[group]Run actions/upload-artifact@ea165f8d65b6e75b540449e92b4886f43607fa02
macos	Preserve the actual host binaries and test report	2026-08-28T05:26:19.0917250Z with:
macos	Preserve the actual host binaries and test report	2026-08-28T05:26:19.0917440Z   name: containment-posix-tracer
macos	Preserve the actual host binaries and test report	2026-08-28T05:26:19.0917830Z   path: dist/native/
macos	Preserve the actual host binaries and test report	tracer-results.json
macos	Preserve the actual host binaries and test report	regression-results.json
macos	Preserve the actual host binaries and test report	historical-red-results.json
macos	Preserve the actual host binaries and test report	
macos	Preserve the actual host binaries and test report	2026-08-28T05:26:19.0918240Z   if-no-files-found: warn
macos	Preserve the actual host binaries and test report	2026-08-28T05:26:19.0918400Z   retention-days: 7
macos	Preserve the actual host binaries and test report	2026-08-28T05:26:19.0918620Z   compression-level: 6
macos	Preserve the actual host binaries and test report	2026-08-28T05:26:19.0918780Z   overwrite: false
macos	Preserve the actual host binaries and test report	2026-08-28T05:26:19.0918930Z   include-hidden-files: false
macos	Preserve the actual host binaries and test report	2026-08-28T05:26:19.0919080Z env:
macos	Preserve the actual host binaries and test report	2026-08-28T05:26:19.0919330Z   DEVELOPER_DIR: /Applications/Xcode_16.4.app/Contents/Developer
macos	Preserve the actual host binaries and test report	2026-08-28T05:26:19.0919890Z   EXSPECSO_NODE_HEADERS: /Users/runner/work/_temp/node-v20.19.0-headers.tar.gz
macos	Preserve the actual host binaries and test report	2026-08-28T05:26:19.0920220Z ##[endgroup]
macos	Preserve the actual host binaries and test report	2026-08-28T05:26:19.4664120Z (node:17800) [DEP0040] DeprecationWarning: The `punycode` module is deprecated. Please use a userland alternative instead.
macos	Preserve the actual host binaries and test report	2026-08-28T05:26:19.4664910Z (Use `node --trace-deprecation ...` to show where the warning was created)
macos	Preserve the actual host binaries and test report	2026-08-28T05:26:19.4712240Z Multiple search paths detected. Calculating the least common ancestor of all paths
macos	Preserve the actual host binaries and test report	2026-08-28T05:26:19.4713960Z The least common ancestor is /Users/runner/work/exspecso/exspecso. This will be the root directory of the artifact
macos	Preserve the actual host binaries and test report	2026-08-28T05:26:19.4714610Z With the provided path, there will be 5 files uploaded
macos	Preserve the actual host binaries and test report	2026-08-28T05:26:19.4716220Z Artifact name is valid!
macos	Preserve the actual host binaries and test report	2026-08-28T05:26:19.4716740Z Root directory input is valid!
macos	Preserve the actual host binaries and test report	2026-08-28T05:26:19.9138000Z Beginning upload of artifact content to blob storage
macos	Preserve the actual host binaries and test report	2026-08-28T05:26:19.9415510Z (node:17800) [DEP0169] DeprecationWarning: `url.parse()` behavior is not standardized and prone to errors that have security implications. Use the WHATWG URL API instead. CVEs are not issued for `url.parse()` vulnerabilities.
macos	Preserve the actual host binaries and test report	2026-08-28T05:26:20.2848040Z Uploaded bytes 28752
macos	Preserve the actual host binaries and test report	2026-08-28T05:26:20.3638480Z Finished uploading artifact content to blob storage!
macos	Preserve the actual host binaries and test report	2026-08-28T05:26:20.3644380Z SHA256 digest of uploaded artifact zip is df00550b682767697c2711066f1d66bfe0bcb6aac0b358ab150f01e7d56ca38a
macos	Preserve the actual host binaries and test report	2026-08-28T05:26:20.3647320Z Finalizing artifact upload
macos	Preserve the actual host binaries and test report	2026-08-28T05:26:20.6200880Z Artifact containment-posix-tracer.zip successfully finalized. Artifact ID 9675317565
macos	Preserve the actual host binaries and test report	2026-08-28T05:26:20.6205040Z Artifact containment-posix-tracer has been successfully uploaded! Final size is 28752 bytes. Artifact ID is 9675317565
macos	Preserve the actual host binaries and test report	2026-08-28T05:26:20.6233980Z Artifact download URL: https://github.com/ishk-sftckz/exspecso/actions/runs/33144576050/artifacts/9675317565
macos	Complete job	﻿2026-08-28T05:26:20.6585280Z Cleaning up orphan processes
macos	Complete job	2026-08-28T05:26:20.9852980Z ##[warning]Node.js 20 is deprecated. The following actions target Node.js 20 but are being forced to run on Node.js 24: actions/upload-artifact@ea165f8d65b6e75b540449e92b4886f43607fa02. For more information see: https://github.blog/changelog/2025-09-19-deprecation-of-node-20-on-github-actions-runners/
windows	Set up job	﻿2026-08-28T05:22:44.1538230Z Current runner version: '2.336.0'
windows	Set up job	2026-08-28T05:22:44.1593702Z ##[group]Runner Image Provisioner
windows	Set up job	2026-08-28T05:22:44.1594522Z Hosted Compute Agent
windows	Set up job	2026-08-28T05:22:44.1595058Z Version: 20260729.566
windows	Set up job	2026-08-28T05:22:44.1595582Z Commit: cf7153fe6e25b664e8693c24944bf2b00355d109
windows	Set up job	2026-08-28T05:22:44.1596236Z Build Date: 2026-07-29T19:17:02Z
windows	Set up job	2026-08-28T05:22:44.1596880Z Worker ID: {09cbea03-a79b-4892-99f3-256d2db96d6a}
windows	Set up job	2026-08-28T05:22:44.1597506Z Azure Region: westcentralus
windows	Set up job	2026-08-28T05:22:44.1598015Z ##[endgroup]
windows	Set up job	2026-08-28T05:22:44.1599202Z ##[group]Operating System
windows	Set up job	2026-08-28T05:22:44.1599769Z Microsoft Windows Server 2025
windows	Set up job	2026-08-28T05:22:44.1600295Z 10.0.26100
windows	Set up job	2026-08-28T05:22:44.1600982Z Datacenter
windows	Set up job	2026-08-28T05:22:44.1601537Z ##[endgroup]
windows	Set up job	2026-08-28T05:22:44.1602011Z ##[group]Runner Image
windows	Set up job	2026-08-28T05:22:44.1603357Z Image: windows-2025-vs2026
windows	Set up job	2026-08-28T05:22:44.1603917Z Version: 20260818.207.1
windows	Set up job	2026-08-28T05:22:44.1604937Z Included Software: https://github.com/actions/runner-images/blob/win25-vs2026/20260818.207/images/windows/Windows2025-VS2026-Readme.md
windows	Set up job	2026-08-28T05:22:44.1606780Z Image Release: https://github.com/actions/runner-images/releases/tag/win25-vs2026%2F20260818.207
windows	Set up job	2026-08-28T05:22:44.1607700Z ##[endgroup]
windows	Set up job	2026-08-28T05:22:44.1608581Z ##[group]GITHUB_TOKEN Permissions
windows	Set up job	2026-08-28T05:22:44.1610677Z Metadata: read
windows	Set up job	2026-08-28T05:22:44.1611196Z ##[endgroup]
windows	Set up job	2026-08-28T05:22:44.1613114Z Secret source: Actions
windows	Set up job	2026-08-28T05:22:44.1614017Z Prepare workflow directory
windows	Set up job	2026-08-28T05:22:44.1920296Z Prepare all required actions
windows	Set up job	2026-08-28T05:22:44.1967270Z Getting action download info
windows	Set up job	2026-08-28T05:22:44.5178816Z Download action repository 'actions/upload-artifact@ea165f8d65b6e75b540449e92b4886f43607fa02' (SHA:ea165f8d65b6e75b540449e92b4886f43607fa02)
windows	Set up job	2026-08-28T05:22:44.7986379Z Complete job name: windows
windows	Fetch this exact public task snapshot	﻿2026-08-28T05:22:44.9410179Z ##[group]Run git init .
windows	Fetch this exact public task snapshot	2026-08-28T05:22:44.9411128Z [36;1mgit init .[0m
windows	Fetch this exact public task snapshot	2026-08-28T05:22:44.9411758Z [36;1mif ($LASTEXITCODE) { throw 'git init failed' }[0m
windows	Fetch this exact public task snapshot	2026-08-28T05:22:44.9412652Z [36;1mgit remote add origin https://github.com/ishk-sftckz/exspecso.git[0m
windows	Fetch this exact public task snapshot	2026-08-28T05:22:44.9413461Z [36;1mgit fetch --depth=1 origin $env:GITHUB_SHA[0m
windows	Fetch this exact public task snapshot	2026-08-28T05:22:44.9414216Z [36;1mif ($LASTEXITCODE) { throw 'git fetch failed' }[0m
windows	Fetch this exact public task snapshot	2026-08-28T05:22:44.9414894Z [36;1mgit checkout --detach FETCH_HEAD[0m
windows	Fetch this exact public task snapshot	2026-08-28T05:22:44.9415562Z [36;1mif ($LASTEXITCODE) { throw 'git checkout failed' }[0m
windows	Fetch this exact public task snapshot	2026-08-28T05:22:45.1393071Z shell: C:\Program Files\PowerShell\7\pwsh.EXE -command ". '{0}'"
windows	Fetch this exact public task snapshot	2026-08-28T05:22:45.1394232Z ##[endgroup]
windows	Fetch this exact public task snapshot	2026-08-28T05:22:45.9056895Z Initialized empty Git repository in D:/a/exspecso/exspecso/.git/
windows	Fetch this exact public task snapshot	2026-08-28T05:22:47.5430422Z From https://github.com/ishk-sftckz/exspecso
windows	Fetch this exact public task snapshot	2026-08-28T05:22:47.5431586Z  * branch            bdbde5c5735d859fbd704433bc0a10d075e4fe5f -> FETCH_HEAD
windows	Fetch this exact public task snapshot	2026-08-28T05:22:47.6649750Z HEAD is now at bdbde5c test(01-10): expand installed tracer and historical race evidence
windows	Inspect the pinned native Windows SDK and toolchain	﻿2026-08-28T05:22:47.8315230Z ##[group]Run ./native/windows-preflight.ps1
windows	Inspect the pinned native Windows SDK and toolchain	2026-08-28T05:22:47.8315896Z [36;1m./native/windows-preflight.ps1[0m
windows	Inspect the pinned native Windows SDK and toolchain	2026-08-28T05:22:47.8405170Z shell: C:\Program Files\PowerShell\7\pwsh.EXE -command ". '{0}'"
windows	Inspect the pinned native Windows SDK and toolchain	2026-08-28T05:22:47.8405685Z ##[endgroup]
windows	Inspect the pinned native Windows SDK and toolchain	2026-08-28T05:22:50.8656207Z {
windows	Inspect the pinned native Windows SDK and toolchain	2026-08-28T05:22:50.8657507Z   "imageVersion": "20260818.207.1",
windows	Inspect the pinned native Windows SDK and toolchain	2026-08-28T05:22:50.8658690Z   "imageOS": "win25-vs2026",
windows	Inspect the pinned native Windows SDK and toolchain	2026-08-28T05:22:50.8659360Z   "architecture": "X64",
windows	Inspect the pinned native Windows SDK and toolchain	2026-08-28T05:22:50.8659855Z   "caption": "Microsoft Windows Server 2025 Datacenter",
windows	Inspect the pinned native Windows SDK and toolchain	2026-08-28T05:22:50.8660394Z   "version": "10.0.26100",
windows	Inspect the pinned native Windows SDK and toolchain	2026-08-28T05:22:50.8660779Z   "build": "26100",
windows	Inspect the pinned native Windows SDK and toolchain	2026-08-28T05:22:50.8661143Z   "ubr": 33296,
windows	Inspect the pinned native Windows SDK and toolchain	2026-08-28T05:22:50.8661490Z   "displayVersion": "24H2",
windows	Inspect the pinned native Windows SDK and toolchain	2026-08-28T05:22:50.8661913Z   "filesystem": "NTFS",
windows	Inspect the pinned native Windows SDK and toolchain	2026-08-28T05:22:50.8662286Z   "visualStudio": [
windows	Inspect the pinned native Windows SDK and toolchain	2026-08-28T05:22:50.8662624Z     {
windows	Inspect the pinned native Windows SDK and toolchain	2026-08-28T05:22:50.8662992Z       "installationVersion": "18.9.12112.369",
windows	Inspect the pinned native Windows SDK and toolchain	2026-08-28T05:22:50.8663685Z       "installationPath": "C:\\Program Files\\Microsoft Visual Studio\\18\\Enterprise"
windows	Inspect the pinned native Windows SDK and toolchain	2026-08-28T05:22:50.8667255Z     }
windows	Inspect the pinned native Windows SDK and toolchain	2026-08-28T05:22:50.8667749Z   ],
windows	Inspect the pinned native Windows SDK and toolchain	2026-08-28T05:22:50.8668118Z   "sdkVersion": "10.0.26100.0",
windows	Inspect the pinned native Windows SDK and toolchain	2026-08-28T05:22:50.8668566Z   "msvcVersion": "14.44.35207"
windows	Inspect the pinned native Windows SDK and toolchain	2026-08-28T05:22:50.8668984Z }
windows	Inspect the pinned native Windows SDK and toolchain	2026-08-28T05:22:51.2083736Z --- um/winternl.h line 213 ---
windows	Inspect the pinned native Windows SDK and toolchain	2026-08-28T05:22:51.2084646Z 
windows	Inspect the pinned native Windows SDK and toolchain	2026-08-28T05:22:51.2084858Z typedef struct _OBJECT_ATTRIBUTES {
windows	Inspect the pinned native Windows SDK and toolchain	2026-08-28T05:22:51.2085513Z     ULONG Length;
windows	Inspect the pinned native Windows SDK and toolchain	2026-08-28T05:22:51.2090174Z     HANDLE RootDirectory;
windows	Inspect the pinned native Windows SDK and toolchain	2026-08-28T05:22:51.2091270Z     PUNICODE_STRING ObjectName;
windows	Inspect the pinned native Windows SDK and toolchain	2026-08-28T05:22:51.2092358Z     ULONG Attributes;
windows	Inspect the pinned native Windows SDK and toolchain	2026-08-28T05:22:51.2093468Z     PVOID SecurityDescriptor;
windows	Inspect the pinned native Windows SDK and toolchain	2026-08-28T05:22:51.2095041Z     PVOID SecurityQualityOfService;
windows	Inspect the pinned native Windows SDK and toolchain	2026-08-28T05:22:51.2096545Z } OBJECT_ATTRIBUTES;
windows	Inspect the pinned native Windows SDK and toolchain	2026-08-28T05:22:51.2098199Z typedef OBJECT_ATTRIBUTES *POBJECT_ATTRIBUTES;
windows	Inspect the pinned native Windows SDK and toolchain	2026-08-28T05:22:51.2100732Z 
windows	Inspect the pinned native Windows SDK and toolchain	2026-08-28T05:22:51.2102407Z typedef struct _IO_STATUS_BLOCK {
windows	Inspect the pinned native Windows SDK and toolchain	2026-08-28T05:22:51.2103907Z #pragma warning(push)
windows	Inspect the pinned native Windows SDK and toolchain	2026-08-28T05:22:51.2105671Z #pragma warning(disable: 4201) // we'll always use the Microsoft compiler
windows	Inspect the pinned native Windows SDK and toolchain	2026-08-28T05:22:51.2106622Z     union {
windows	Inspect the pinned native Windows SDK and toolchain	2026-08-28T05:22:51.2108807Z         NTSTATUS Status;
windows	Inspect the pinned native Windows SDK and toolchain	2026-08-28T05:22:51.2109552Z         PVOID Pointer;
windows	Inspect the pinned native Windows SDK and toolchain	2026-08-28T05:22:51.2111827Z     } DUMMYUNIONNAME;
windows	Inspect the pinned native Windows SDK and toolchain	2026-08-28T05:22:51.2114357Z #pragma warning(pop)
windows	Inspect the pinned native Windows SDK and toolchain	2026-08-28T05:22:51.2115874Z 
windows	Inspect the pinned native Windows SDK and toolchain	2026-08-28T05:22:51.2117474Z     ULONG_PTR Information;
windows	Inspect the pinned native Windows SDK and toolchain	2026-08-28T05:22:51.2119217Z } IO_STATUS_BLOCK, *PIO_STATUS_BLOCK;
windows	Inspect the pinned native Windows SDK and toolchain	2026-08-28T05:22:51.2120434Z 
windows	Inspect the pinned native Windows SDK and toolchain	2026-08-28T05:22:51.2122073Z typedef
windows	Inspect the pinned native Windows SDK and toolchain	2026-08-28T05:22:51.2123768Z VOID
windows	Inspect the pinned native Windows SDK and toolchain	2026-08-28T05:22:51.2125339Z (NTAPI *PIO_APC_ROUTINE) (
windows	Inspect the pinned native Windows SDK and toolchain	2026-08-28T05:22:51.2126995Z     IN PVOID ApcContext,
windows	Inspect the pinned native Windows SDK and toolchain	2026-08-28T05:22:51.2128457Z     IN PIO_STATUS_BLOCK IoStatusBlock,
windows	Inspect the pinned native Windows SDK and toolchain	2026-08-28T05:22:51.2130055Z     IN ULONG Reserved
windows	Inspect the pinned native Windows SDK and toolchain	2026-08-28T05:22:51.2131513Z     );
windows	Inspect the pinned native Windows SDK and toolchain	2026-08-28T05:22:51.2134537Z 
windows	Inspect the pinned native Windows SDK and toolchain	2026-08-28T05:22:51.2135374Z --- um/winternl.h line 475 ---
windows	Inspect the pinned native Windows SDK and toolchain	2026-08-28T05:22:51.2137040Z NTAPI
windows	Inspect the pinned native Windows SDK and toolchain	2026-08-28T05:22:51.2138512Z NtCreateFile (
windows	Inspect the pinned native Windows SDK and toolchain	2026-08-28T05:22:51.2140292Z     OUT PHANDLE FileHandle,
windows	Inspect the pinned native Windows SDK and toolchain	2026-08-28T05:22:51.2142591Z     IN ACCESS_MASK DesiredAccess,
windows	Inspect the pinned native Windows SDK and toolchain	2026-08-28T05:22:51.2144220Z     IN POBJECT_ATTRIBUTES ObjectAttributes,
windows	Inspect the pinned native Windows SDK and toolchain	2026-08-28T05:22:51.2145775Z     OUT PIO_STATUS_BLOCK IoStatusBlock,
windows	Inspect the pinned native Windows SDK and toolchain	2026-08-28T05:22:51.2147296Z     IN PLARGE_INTEGER AllocationSize OPTIONAL,
windows	Inspect the pinned native Windows SDK and toolchain	2026-08-28T05:22:51.2148704Z     IN ULONG FileAttributes,
windows	Inspect the pinned native Windows SDK and toolchain	2026-08-28T05:22:51.2150177Z     IN ULONG ShareAccess,
windows	Inspect the pinned native Windows SDK and toolchain	2026-08-28T05:22:51.2151708Z     IN ULONG CreateDisposition,
windows	Inspect the pinned native Windows SDK and toolchain	2026-08-28T05:22:51.2153242Z     IN ULONG CreateOptions,
windows	Inspect the pinned native Windows SDK and toolchain	2026-08-28T05:22:51.2154959Z     IN PVOID EaBuffer OPTIONAL,
windows	Inspect the pinned native Windows SDK and toolchain	2026-08-28T05:22:51.2156378Z     IN ULONG EaLength
windows	Inspect the pinned native Windows SDK and toolchain	2026-08-28T05:22:51.2157958Z     );
windows	Inspect the pinned native Windows SDK and toolchain	2026-08-28T05:22:51.2159172Z 
windows	Inspect the pinned native Windows SDK and toolchain	2026-08-28T05:22:51.2160724Z //
windows	Inspect the pinned native Windows SDK and toolchain	2026-08-28T05:22:51.2162271Z // use the Win32 API instead
windows	Inspect the pinned native Windows SDK and toolchain	2026-08-28T05:22:51.2163682Z //     CreateFile
windows	Inspect the pinned native Windows SDK and toolchain	2026-08-28T05:22:51.2165152Z //
windows	Inspect the pinned native Windows SDK and toolchain	2026-08-28T05:22:51.2167961Z __kernel_entry NTSTATUS
windows	Inspect the pinned native Windows SDK and toolchain	2026-08-28T05:22:51.2168486Z NTAPI
windows	Inspect the pinned native Windows SDK and toolchain	2026-08-28T05:22:51.2170609Z NtOpenFile (
windows	Inspect the pinned native Windows SDK and toolchain	2026-08-28T05:22:51.2171943Z     OUT PHANDLE FileHandle,
windows	Inspect the pinned native Windows SDK and toolchain	2026-08-28T05:22:51.2173279Z     IN ACCESS_MASK DesiredAccess,
windows	Inspect the pinned native Windows SDK and toolchain	2026-08-28T05:22:51.2174271Z     IN POBJECT_ATTRIBUTES ObjectAttributes,
windows	Inspect the pinned native Windows SDK and toolchain	2026-08-28T05:22:51.2176004Z     OUT PIO_STATUS_BLOCK IoStatusBlock,
windows	Inspect the pinned native Windows SDK and toolchain	2026-08-28T05:22:51.2178116Z     IN ULONG ShareAccess,
windows	Inspect the pinned native Windows SDK and toolchain	2026-08-28T05:22:51.2178904Z     IN ULONG OpenOptions
windows	Inspect the pinned native Windows SDK and toolchain	2026-08-28T05:22:51.2180855Z     );
windows	Inspect the pinned native Windows SDK and toolchain	2026-08-28T05:22:51.2182042Z 
windows	Inspect the pinned native Windows SDK and toolchain	2026-08-28T05:22:51.2183432Z //
windows	Inspect the pinned native Windows SDK and toolchain	2026-08-28T05:22:51.2185057Z --- um/winternl.h line 992 ---
windows	Inspect the pinned native Windows SDK and toolchain	2026-08-28T05:22:51.2186450Z #define FILE_CREATE                     0x00000002
windows	Inspect the pinned native Windows SDK and toolchain	2026-08-28T05:22:51.2187883Z #define FILE_OPEN_IF                    0x00000003
windows	Inspect the pinned native Windows SDK and toolchain	2026-08-28T05:22:51.2188705Z #define FILE_OVERWRITE                  0x00000004
windows	Inspect the pinned native Windows SDK and toolchain	2026-08-28T05:22:51.2190498Z #define FILE_OVERWRITE_IF               0x00000005
windows	Inspect the pinned native Windows SDK and toolchain	2026-08-28T05:22:51.2192192Z #define FILE_MAXIMUM_DISPOSITION        0x00000005
windows	Inspect the pinned native Windows SDK and toolchain	2026-08-28T05:22:51.2192752Z 
windows	Inspect the pinned native Windows SDK and toolchain	2026-08-28T05:22:51.2195006Z //
windows	Inspect the pinned native Windows SDK and toolchain	2026-08-28T05:22:51.2196466Z // Define the create/open option flags
windows	Inspect the pinned native Windows SDK and toolchain	2026-08-28T05:22:51.2198018Z //
windows	Inspect the pinned native Windows SDK and toolchain	2026-08-28T05:22:51.2201424Z 
windows	Inspect the pinned native Windows SDK and toolchain	2026-08-28T05:22:51.2202077Z #define FILE_DIRECTORY_FILE                     0x00000001
windows	Inspect the pinned native Windows SDK and toolchain	2026-08-28T05:22:51.2202994Z #define FILE_WRITE_THROUGH                      0x00000002
windows	Inspect the pinned native Windows SDK and toolchain	2026-08-28T05:22:51.2205277Z #define FILE_SEQUENTIAL_ONLY                    0x00000004
windows	Inspect the pinned native Windows SDK and toolchain	2026-08-28T05:22:51.2205979Z #define FILE_NO_INTERMEDIATE_BUFFERING          0x00000008
windows	Inspect the pinned native Windows SDK and toolchain	2026-08-28T05:22:51.2207364Z 
windows	Inspect the pinned native Windows SDK and toolchain	2026-08-28T05:22:51.2209151Z #define FILE_SYNCHRONOUS_IO_ALERT               0x00000010
windows	Inspect the pinned native Windows SDK and toolchain	2026-08-28T05:22:51.2210720Z #define FILE_SYNCHRONOUS_IO_NONALERT            0x00000020
windows	Inspect the pinned native Windows SDK and toolchain	2026-08-28T05:22:51.2212274Z #define FILE_NON_DIRECTORY_FILE                 0x00000040
windows	Inspect the pinned native Windows SDK and toolchain	2026-08-28T05:22:51.2213552Z #define FILE_CREATE_TREE_CONNECTION             0x00000080
windows	Inspect the pinned native Windows SDK and toolchain	2026-08-28T05:22:51.2214802Z 
windows	Inspect the pinned native Windows SDK and toolchain	2026-08-28T05:22:51.2216180Z #define FILE_COMPLETE_IF_OPLOCKED               0x00000100
windows	Inspect the pinned native Windows SDK and toolchain	2026-08-28T05:22:51.2217562Z #define FILE_NO_EA_KNOWLEDGE                    0x00000200
windows	Inspect the pinned native Windows SDK and toolchain	2026-08-28T05:22:51.2218870Z #define FILE_OPEN_REMOTE_INSTANCE               0x00000400
windows	Inspect the pinned native Windows SDK and toolchain	2026-08-28T05:22:51.2220326Z #define FILE_RANDOM_ACCESS                      0x00000800
windows	Inspect the pinned native Windows SDK and toolchain	2026-08-28T05:22:51.2221338Z 
windows	Inspect the pinned native Windows SDK and toolchain	2026-08-28T05:22:51.2222993Z #define FILE_DELETE_ON_CLOSE                    0x00001000
windows	Inspect the pinned native Windows SDK and toolchain	2026-08-28T05:22:51.2224180Z #define FILE_OPEN_BY_FILE_ID                    0x00002000
windows	Inspect the pinned native Windows SDK and toolchain	2026-08-28T05:22:51.2225477Z #define FILE_OPEN_FOR_BACKUP_INTENT             0x00004000
windows	Inspect the pinned native Windows SDK and toolchain	2026-08-28T05:22:51.2226843Z #define FILE_NO_COMPRESSION                     0x00008000
windows	Inspect the pinned native Windows SDK and toolchain	2026-08-28T05:22:51.2227799Z 
windows	Inspect the pinned native Windows SDK and toolchain	2026-08-28T05:22:51.2229356Z #if (_WIN32_WINNT >= _WIN32_WINNT_WIN7)
windows	Inspect the pinned native Windows SDK and toolchain	2026-08-28T05:22:51.2230774Z --- um/winternl.h line 1007 ---
windows	Inspect the pinned native Windows SDK and toolchain	2026-08-28T05:22:51.2232140Z #define FILE_SYNCHRONOUS_IO_ALERT               0x00000010
windows	Inspect the pinned native Windows SDK and toolchain	2026-08-28T05:22:51.2233385Z #define FILE_SYNCHRONOUS_IO_NONALERT            0x00000020
windows	Inspect the pinned native Windows SDK and toolchain	2026-08-28T05:22:51.2235130Z #define FILE_NON_DIRECTORY_FILE                 0x00000040
windows	Inspect the pinned native Windows SDK and toolchain	2026-08-28T05:22:51.2235670Z #define FILE_CREATE_TREE_CONNECTION             0x00000080
windows	Inspect the pinned native Windows SDK and toolchain	2026-08-28T05:22:51.2236653Z 
windows	Inspect the pinned native Windows SDK and toolchain	2026-08-28T05:22:51.2238436Z #define FILE_COMPLETE_IF_OPLOCKED               0x00000100
windows	Inspect the pinned native Windows SDK and toolchain	2026-08-28T05:22:51.2239674Z #define FILE_NO_EA_KNOWLEDGE                    0x00000200
windows	Inspect the pinned native Windows SDK and toolchain	2026-08-28T05:22:51.2241036Z #define FILE_OPEN_REMOTE_INSTANCE               0x00000400
windows	Inspect the pinned native Windows SDK and toolchain	2026-08-28T05:22:51.2242311Z #define FILE_RANDOM_ACCESS                      0x00000800
windows	Inspect the pinned native Windows SDK and toolchain	2026-08-28T05:22:51.2243404Z 
windows	Inspect the pinned native Windows SDK and toolchain	2026-08-28T05:22:51.2245056Z #define FILE_DELETE_ON_CLOSE                    0x00001000
windows	Inspect the pinned native Windows SDK and toolchain	2026-08-28T05:22:51.2246898Z #define FILE_OPEN_BY_FILE_ID                    0x00002000
windows	Inspect the pinned native Windows SDK and toolchain	2026-08-28T05:22:51.2248730Z #define FILE_OPEN_FOR_BACKUP_INTENT             0x00004000
windows	Inspect the pinned native Windows SDK and toolchain	2026-08-28T05:22:51.2250229Z #define FILE_NO_COMPRESSION                     0x00008000
windows	Inspect the pinned native Windows SDK and toolchain	2026-08-28T05:22:51.2251463Z 
windows	Inspect the pinned native Windows SDK and toolchain	2026-08-28T05:22:51.2253097Z #if (_WIN32_WINNT >= _WIN32_WINNT_WIN7)
windows	Inspect the pinned native Windows SDK and toolchain	2026-08-28T05:22:51.2254700Z #define FILE_OPEN_REQUIRING_OPLOCK              0x00010000
windows	Inspect the pinned native Windows SDK and toolchain	2026-08-28T05:22:51.2256482Z #endif
windows	Inspect the pinned native Windows SDK and toolchain	2026-08-28T05:22:51.2257716Z 
windows	Inspect the pinned native Windows SDK and toolchain	2026-08-28T05:22:51.2259348Z #define FILE_RESERVE_OPFILTER                   0x00100000
windows	Inspect the pinned native Windows SDK and toolchain	2026-08-28T05:22:51.2260732Z #define FILE_OPEN_REPARSE_POINT                 0x00200000
windows	Inspect the pinned native Windows SDK and toolchain	2026-08-28T05:22:51.2262286Z #define FILE_OPEN_NO_RECALL                     0x00400000
windows	Inspect the pinned native Windows SDK and toolchain	2026-08-28T05:22:51.2263694Z #define FILE_OPEN_FOR_FREE_SPACE_QUERY          0x00800000
windows	Inspect the pinned native Windows SDK and toolchain	2026-08-28T05:22:51.2264691Z 
windows	Inspect the pinned native Windows SDK and toolchain	2026-08-28T05:22:51.2266492Z #define FILE_VALID_OPTION_FLAGS                 0x00ffffff
windows	Inspect the pinned native Windows SDK and toolchain	2026-08-28T05:22:51.2267874Z #define FILE_VALID_PIPE_OPTION_FLAGS            0x00000032
windows	Inspect the pinned native Windows SDK and toolchain	2026-08-28T05:22:51.2269196Z #define FILE_VALID_MAILSLOT_OPTION_FLAGS        0x00000032
windows	Inspect the pinned native Windows SDK and toolchain	2026-08-28T05:22:51.2270500Z #define FILE_VALID_SET_FLAGS                    0x00000036
windows	Inspect the pinned native Windows SDK and toolchain	2026-08-28T05:22:51.2271434Z 
windows	Inspect the pinned native Windows SDK and toolchain	2026-08-28T05:22:51.2272795Z //
windows	Inspect the pinned native Windows SDK and toolchain	2026-08-28T05:22:51.2275085Z // Define the I/O status information return values for NtCreateFile/NtOpenFile
windows	Inspect the pinned native Windows SDK and toolchain	2026-08-28T05:22:51.2276426Z --- um/winternl.h line 1026 ---
windows	Inspect the pinned native Windows SDK and toolchain	2026-08-28T05:22:51.2278385Z #define FILE_RESERVE_OPFILTER                   0x00100000
windows	Inspect the pinned native Windows SDK and toolchain	2026-08-28T05:22:51.2279122Z #define FILE_OPEN_REPARSE_POINT                 0x00200000
windows	Inspect the pinned native Windows SDK and toolchain	2026-08-28T05:22:51.2280951Z #define FILE_OPEN_NO_RECALL                     0x00400000
windows	Inspect the pinned native Windows SDK and toolchain	2026-08-28T05:22:51.2282395Z #define FILE_OPEN_FOR_FREE_SPACE_QUERY          0x00800000
windows	Inspect the pinned native Windows SDK and toolchain	2026-08-28T05:22:51.2283401Z 
windows	Inspect the pinned native Windows SDK and toolchain	2026-08-28T05:22:51.2285062Z #define FILE_VALID_OPTION_FLAGS                 0x00ffffff
windows	Inspect the pinned native Windows SDK and toolchain	2026-08-28T05:22:51.2286362Z #define FILE_VALID_PIPE_OPTION_FLAGS            0x00000032
windows	Inspect the pinned native Windows SDK and toolchain	2026-08-28T05:22:51.2287906Z #define FILE_VALID_MAILSLOT_OPTION_FLAGS        0x00000032
windows	Inspect the pinned native Windows SDK and toolchain	2026-08-28T05:22:51.2289116Z #define FILE_VALID_SET_FLAGS                    0x00000036
windows	Inspect the pinned native Windows SDK and toolchain	2026-08-28T05:22:51.2290150Z 
windows	Inspect the pinned native Windows SDK and toolchain	2026-08-28T05:22:51.2292316Z //
windows	Inspect the pinned native Windows SDK and toolchain	2026-08-28T05:22:51.2294426Z // Define the I/O status information return values for NtCreateFile/NtOpenFile
windows	Inspect the pinned native Windows SDK and toolchain	2026-08-28T05:22:51.2296670Z //
windows	Inspect the pinned native Windows SDK and toolchain	2026-08-28T05:22:51.2297590Z 
windows	Inspect the pinned native Windows SDK and toolchain	2026-08-28T05:22:51.2299259Z #define FILE_SUPERSEDED                 0x00000000
windows	Inspect the pinned native Windows SDK and toolchain	2026-08-28T05:22:51.2301217Z #define FILE_OPENED                     0x00000001
windows	Inspect the pinned native Windows SDK and toolchain	2026-08-28T05:22:51.2302544Z #define FILE_CREATED                    0x00000002
windows	Inspect the pinned native Windows SDK and toolchain	2026-08-28T05:22:51.2303995Z #define FILE_OVERWRITTEN                0x00000003
windows	Inspect the pinned native Windows SDK and toolchain	2026-08-28T05:22:51.2305249Z #define FILE_EXISTS                     0x00000004
windows	Inspect the pinned native Windows SDK and toolchain	2026-08-28T05:22:51.2306650Z #define FILE_DOES_NOT_EXIST             0x00000005
windows	Inspect the pinned native Windows SDK and toolchain	2026-08-28T05:22:51.2307711Z 
windows	Inspect the pinned native Windows SDK and toolchain	2026-08-28T05:22:51.2309227Z #ifndef __os_arm64x_get_x64_information
windows	Inspect the pinned native Windows SDK and toolchain	2026-08-28T05:22:51.2311016Z #define __os_arm64x_get_x64_information __os_arm64x_rdtsc
windows	Inspect the pinned native Windows SDK and toolchain	2026-08-28T05:22:51.2312496Z #endif
windows	Inspect the pinned native Windows SDK and toolchain	2026-08-28T05:22:51.2314062Z #ifndef __os_arm64x_set_x64_information
windows	Inspect the pinned native Windows SDK and toolchain	2026-08-28T05:22:51.2315335Z #define __os_arm64x_set_x64_information __os_arm64x_cpuidex
windows	Inspect the pinned native Windows SDK and toolchain	2026-08-28T05:22:51.2316693Z #endif
windows	Inspect the pinned native Windows SDK and toolchain	2026-08-28T05:22:51.2317909Z 
windows	Inspect the pinned native Windows SDK and toolchain	2026-08-28T05:22:51.2319611Z #ifdef __cplusplus
windows	Inspect the pinned native Windows SDK and toolchain	2026-08-28T05:22:51.2320671Z }
windows	Inspect the pinned native Windows SDK and toolchain	2026-08-28T05:22:51.2322337Z #endif
windows	Inspect the pinned native Windows SDK and toolchain	2026-08-28T05:22:51.2323571Z --- um/winternl.h line 1036 ---
windows	Inspect the pinned native Windows SDK and toolchain	2026-08-28T05:22:51.2324774Z //
windows	Inspect the pinned native Windows SDK and toolchain	2026-08-28T05:22:51.2326554Z // Define the I/O status information return values for NtCreateFile/NtOpenFile
windows	Inspect the pinned native Windows SDK and toolchain	2026-08-28T05:22:51.2328113Z //
windows	Inspect the pinned native Windows SDK and toolchain	2026-08-28T05:22:51.2329331Z 
windows	Inspect the pinned native Windows SDK and toolchain	2026-08-28T05:22:51.2331137Z #define FILE_SUPERSEDED                 0x00000000
windows	Inspect the pinned native Windows SDK and toolchain	2026-08-28T05:22:51.2332786Z #define FILE_OPENED                     0x00000001
windows	Inspect the pinned native Windows SDK and toolchain	2026-08-28T05:22:51.2334236Z #define FILE_CREATED                    0x00000002
windows	Inspect the pinned native Windows SDK and toolchain	2026-08-28T05:22:51.2336000Z #define FILE_OVERWRITTEN                0x00000003
windows	Inspect the pinned native Windows SDK and toolchain	2026-08-28T05:22:51.2337351Z #define FILE_EXISTS                     0x00000004
windows	Inspect the pinned native Windows SDK and toolchain	2026-08-28T05:22:51.2338810Z #define FILE_DOES_NOT_EXIST             0x00000005
windows	Inspect the pinned native Windows SDK and toolchain	2026-08-28T05:22:51.2339869Z 
windows	Inspect the pinned native Windows SDK and toolchain	2026-08-28T05:22:51.2341534Z #ifndef __os_arm64x_get_x64_information
windows	Inspect the pinned native Windows SDK and toolchain	2026-08-28T05:22:51.2342554Z #define __os_arm64x_get_x64_information __os_arm64x_rdtsc
windows	Inspect the pinned native Windows SDK and toolchain	2026-08-28T05:22:51.2343934Z #endif
windows	Inspect the pinned native Windows SDK and toolchain	2026-08-28T05:22:51.2345647Z #ifndef __os_arm64x_set_x64_information
windows	Inspect the pinned native Windows SDK and toolchain	2026-08-28T05:22:51.2347101Z #define __os_arm64x_set_x64_information __os_arm64x_cpuidex
windows	Inspect the pinned native Windows SDK and toolchain	2026-08-28T05:22:51.2347595Z #endif
windows	Inspect the pinned native Windows SDK and toolchain	2026-08-28T05:22:51.2349050Z 
windows	Inspect the pinned native Windows SDK and toolchain	2026-08-28T05:22:51.2350932Z #ifdef __cplusplus
windows	Inspect the pinned native Windows SDK and toolchain	2026-08-28T05:22:51.2352438Z }
windows	Inspect the pinned native Windows SDK and toolchain	2026-08-28T05:22:51.2354400Z #endif
windows	Inspect the pinned native Windows SDK and toolchain	2026-08-28T05:22:51.2355421Z 
windows	Inspect the pinned native Windows SDK and toolchain	2026-08-28T05:22:51.2357042Z #endif // (_WIN32_WINNT >= 0x0500)
windows	Inspect the pinned native Windows SDK and toolchain	2026-08-28T05:22:51.2358118Z 
windows	Inspect the pinned native Windows SDK and toolchain	2026-08-28T05:22:51.2359460Z 
windows	Inspect the pinned native Windows SDK and toolchain	2026-08-28T05:22:51.2361153Z #endif /* WINAPI_FAMILY_PARTITION(WINAPI_PARTITION_DESKTOP | WINAPI_PARTITION_SYSTEM) */
windows	Inspect the pinned native Windows SDK and toolchain	2026-08-28T05:22:51.2362669Z #pragma endregion
windows	Inspect the pinned native Windows SDK and toolchain	2026-08-28T05:22:51.2363626Z 
windows	Inspect the pinned native Windows SDK and toolchain	2026-08-28T05:22:51.2365141Z #endif // _WINTERNL_
windows	Inspect the pinned native Windows SDK and toolchain	2026-08-28T05:22:51.2366788Z --- um/WinBase.h line 9104 ---
windows	Inspect the pinned native Windows SDK and toolchain	2026-08-28T05:22:51.2368541Z #if (_WIN32_WINNT >= _WIN32_WINNT_WIN10_RS1)
windows	Inspect the pinned native Windows SDK and toolchain	2026-08-28T05:22:51.2369570Z #define FILE_RENAME_FLAG_REPLACE_IF_EXISTS                  0x00000001
windows	Inspect the pinned native Windows SDK and toolchain	2026-08-28T05:22:51.2371441Z #define FILE_RENAME_FLAG_POSIX_SEMANTICS                    0x00000002
windows	Inspect the pinned native Windows SDK and toolchain	2026-08-28T05:22:51.2372233Z #endif
windows	Inspect the pinned native Windows SDK and toolchain	2026-08-28T05:22:51.2374028Z 
windows	Inspect the pinned native Windows SDK and toolchain	2026-08-28T05:22:51.2375754Z #if (_WIN32_WINNT >= _WIN32_WINNT_WIN10_RS3)
windows	Inspect the pinned native Windows SDK and toolchain	2026-08-28T05:22:51.2377419Z #define FILE_RENAME_FLAG_SUPPRESS_PIN_STATE_INHERITANCE     0x00000004
windows	Inspect the pinned native Windows SDK and toolchain	2026-08-28T05:22:51.2378094Z #endif
windows	Inspect the pinned native Windows SDK and toolchain	2026-08-28T05:22:51.2379545Z 
windows	Inspect the pinned native Windows SDK and toolchain	2026-08-28T05:22:51.2381707Z typedef struct _FILE_RENAME_INFO {
windows	Inspect the pinned native Windows SDK and toolchain	2026-08-28T05:22:51.2383041Z #if (_WIN32_WINNT >= _WIN32_WINNT_WIN10_RS1)
windows	Inspect the pinned native Windows SDK and toolchain	2026-08-28T05:22:51.2384203Z     union {
windows	Inspect the pinned native Windows SDK and toolchain	2026-08-28T05:22:51.2385605Z         BOOLEAN ReplaceIfExists;  // FileRenameInfo
windows	Inspect the pinned native Windows SDK and toolchain	2026-08-28T05:22:51.2386868Z         DWORD Flags;              // FileRenameInfoEx
windows	Inspect the pinned native Windows SDK and toolchain	2026-08-28T05:22:51.2388268Z     } DUMMYUNIONNAME;
windows	Inspect the pinned native Windows SDK and toolchain	2026-08-28T05:22:51.2389647Z #else
windows	Inspect the pinned native Windows SDK and toolchain	2026-08-28T05:22:51.2390937Z     BOOLEAN ReplaceIfExists;
windows	Inspect the pinned native Windows SDK and toolchain	2026-08-28T05:22:51.2392447Z #endif
windows	Inspect the pinned native Windows SDK and toolchain	2026-08-28T05:22:51.2393855Z     HANDLE RootDirectory;
windows	Inspect the pinned native Windows SDK and toolchain	2026-08-28T05:22:51.2395440Z     DWORD FileNameLength;
windows	Inspect the pinned native Windows SDK and toolchain	2026-08-28T05:22:51.2396788Z     WCHAR FileName[1];
windows	Inspect the pinned native Windows SDK and toolchain	2026-08-28T05:22:51.2398047Z } FILE_RENAME_INFO, *PFILE_RENAME_INFO;
windows	Inspect the pinned native Windows SDK and toolchain	2026-08-28T05:22:51.2399183Z 
windows	Inspect the pinned native Windows SDK and toolchain	2026-08-28T05:22:51.2400799Z typedef struct _FILE_ALLOCATION_INFO {
windows	Inspect the pinned native Windows SDK and toolchain	2026-08-28T05:22:51.2402116Z     LARGE_INTEGER AllocationSize;
windows	Inspect the pinned native Windows SDK and toolchain	2026-08-28T05:22:51.2403618Z } FILE_ALLOCATION_INFO, *PFILE_ALLOCATION_INFO;
windows	Inspect the pinned native Windows SDK and toolchain	2026-08-28T05:22:51.2404678Z 
windows	Inspect the pinned native Windows SDK and toolchain	2026-08-28T05:22:51.2406213Z typedef struct _FILE_END_OF_FILE_INFO {
windows	Inspect the pinned native Windows SDK and toolchain	2026-08-28T05:22:51.2407599Z     LARGE_INTEGER EndOfFile;
windows	Inspect the pinned native Windows SDK and toolchain	2026-08-28T05:22:51.2408965Z } FILE_END_OF_FILE_INFO, *PFILE_END_OF_FILE_INFO;
windows	Inspect the pinned native Windows SDK and toolchain	2026-08-28T05:22:51.2410198Z 
windows	Inspect the pinned native Windows SDK and toolchain	2026-08-28T05:22:51.2411774Z --- um/WinBase.h line 9105 ---
windows	Inspect the pinned native Windows SDK and toolchain	2026-08-28T05:22:51.2413668Z #define FILE_RENAME_FLAG_REPLACE_IF_EXISTS                  0x00000001
windows	Inspect the pinned native Windows SDK and toolchain	2026-08-28T05:22:51.2415407Z #define FILE_RENAME_FLAG_POSIX_SEMANTICS                    0x00000002
windows	Inspect the pinned native Windows SDK and toolchain	2026-08-28T05:22:51.2416626Z #endif
windows	Inspect the pinned native Windows SDK and toolchain	2026-08-28T05:22:51.2417853Z 
windows	Inspect the pinned native Windows SDK and toolchain	2026-08-28T05:22:51.2419537Z #if (_WIN32_WINNT >= _WIN32_WINNT_WIN10_RS3)
windows	Inspect the pinned native Windows SDK and toolchain	2026-08-28T05:22:51.2420937Z #define FILE_RENAME_FLAG_SUPPRESS_PIN_STATE_INHERITANCE     0x00000004
windows	Inspect the pinned native Windows SDK and toolchain	2026-08-28T05:22:51.2422124Z #endif
windows	Inspect the pinned native Windows SDK and toolchain	2026-08-28T05:22:51.2423239Z 
windows	Inspect the pinned native Windows SDK and toolchain	2026-08-28T05:22:51.2424688Z typedef struct _FILE_RENAME_INFO {
windows	Inspect the pinned native Windows SDK and toolchain	2026-08-28T05:22:51.2426004Z #if (_WIN32_WINNT >= _WIN32_WINNT_WIN10_RS1)
windows	Inspect the pinned native Windows SDK and toolchain	2026-08-28T05:22:51.2427219Z     union {
windows	Inspect the pinned native Windows SDK and toolchain	2026-08-28T05:22:51.2428610Z         BOOLEAN ReplaceIfExists;  // FileRenameInfo
windows	Inspect the pinned native Windows SDK and toolchain	2026-08-28T05:22:51.2429903Z         DWORD Flags;              // FileRenameInfoEx
windows	Inspect the pinned native Windows SDK and toolchain	2026-08-28T05:22:51.2431324Z     } DUMMYUNIONNAME;
windows	Inspect the pinned native Windows SDK and toolchain	2026-08-28T05:22:51.2433338Z #else
windows	Inspect the pinned native Windows SDK and toolchain	2026-08-28T05:22:51.2433838Z     BOOLEAN ReplaceIfExists;
windows	Inspect the pinned native Windows SDK and toolchain	2026-08-28T05:22:51.2435579Z #endif
windows	Inspect the pinned native Windows SDK and toolchain	2026-08-28T05:22:51.2437112Z     HANDLE RootDirectory;
windows	Inspect the pinned native Windows SDK and toolchain	2026-08-28T05:22:51.2438509Z     DWORD FileNameLength;
windows	Inspect the pinned native Windows SDK and toolchain	2026-08-28T05:22:51.2440112Z     WCHAR FileName[1];
windows	Inspect the pinned native Windows SDK and toolchain	2026-08-28T05:22:51.2441753Z } FILE_RENAME_INFO, *PFILE_RENAME_INFO;
windows	Inspect the pinned native Windows SDK and toolchain	2026-08-28T05:22:51.2442696Z 
windows	Inspect the pinned native Windows SDK and toolchain	2026-08-28T05:22:51.2444466Z typedef struct _FILE_ALLOCATION_INFO {
windows	Inspect the pinned native Windows SDK and toolchain	2026-08-28T05:22:51.2445678Z     LARGE_INTEGER AllocationSize;
windows	Inspect the pinned native Windows SDK and toolchain	2026-08-28T05:22:51.2447059Z } FILE_ALLOCATION_INFO, *PFILE_ALLOCATION_INFO;
windows	Inspect the pinned native Windows SDK and toolchain	2026-08-28T05:22:51.2448193Z 
windows	Inspect the pinned native Windows SDK and toolchain	2026-08-28T05:22:51.2449796Z typedef struct _FILE_END_OF_FILE_INFO {
windows	Inspect the pinned native Windows SDK and toolchain	2026-08-28T05:22:51.2452411Z     LARGE_INTEGER EndOfFile;
windows	Inspect the pinned native Windows SDK and toolchain	2026-08-28T05:22:51.2453647Z } FILE_END_OF_FILE_INFO, *PFILE_END_OF_FILE_INFO;
windows	Inspect the pinned native Windows SDK and toolchain	2026-08-28T05:22:51.2454624Z 
windows	Inspect the pinned native Windows SDK and toolchain	2026-08-28T05:22:51.2456715Z typedef struct _FILE_STREAM_INFO {
windows	Inspect the pinned native Windows SDK and toolchain	2026-08-28T05:22:51.2458103Z --- um/WinBase.h line 9109 ---
windows	Inspect the pinned native Windows SDK and toolchain	2026-08-28T05:22:51.2460468Z #if (_WIN32_WINNT >= _WIN32_WINNT_WIN10_RS3)
windows	Inspect the pinned native Windows SDK and toolchain	2026-08-28T05:22:51.2462340Z #define FILE_RENAME_FLAG_SUPPRESS_PIN_STATE_INHERITANCE     0x00000004
windows	Inspect the pinned native Windows SDK and toolchain	2026-08-28T05:22:51.2463687Z #endif
windows	Inspect the pinned native Windows SDK and toolchain	2026-08-28T05:22:51.2464892Z 
windows	Inspect the pinned native Windows SDK and toolchain	2026-08-28T05:22:51.2466582Z typedef struct _FILE_RENAME_INFO {
windows	Inspect the pinned native Windows SDK and toolchain	2026-08-28T05:22:51.2467964Z #if (_WIN32_WINNT >= _WIN32_WINNT_WIN10_RS1)
windows	Inspect the pinned native Windows SDK and toolchain	2026-08-28T05:22:51.2469376Z     union {
windows	Inspect the pinned native Windows SDK and toolchain	2026-08-28T05:22:51.2470622Z         BOOLEAN ReplaceIfExists;  // FileRenameInfo
windows	Inspect the pinned native Windows SDK and toolchain	2026-08-28T05:22:51.2472434Z         DWORD Flags;              // FileRenameInfoEx
windows	Inspect the pinned native Windows SDK and toolchain	2026-08-28T05:22:51.2474152Z     } DUMMYUNIONNAME;
windows	Inspect the pinned native Windows SDK and toolchain	2026-08-28T05:22:51.2476174Z #else
windows	Inspect the pinned native Windows SDK and toolchain	2026-08-28T05:22:51.2477492Z     BOOLEAN ReplaceIfExists;
windows	Inspect the pinned native Windows SDK and toolchain	2026-08-28T05:22:51.2478825Z #endif
windows	Inspect the pinned native Windows SDK and toolchain	2026-08-28T05:22:51.2480328Z     HANDLE RootDirectory;
windows	Inspect the pinned native Windows SDK and toolchain	2026-08-28T05:22:51.2481611Z     DWORD FileNameLength;
windows	Inspect the pinned native Windows SDK and toolchain	2026-08-28T05:22:51.2483330Z     WCHAR FileName[1];
windows	Inspect the pinned native Windows SDK and toolchain	2026-08-28T05:22:51.2484901Z } FILE_RENAME_INFO, *PFILE_RENAME_INFO;
windows	Inspect the pinned native Windows SDK and toolchain	2026-08-28T05:22:51.2485945Z 
windows	Inspect the pinned native Windows SDK and toolchain	2026-08-28T05:22:51.2487592Z typedef struct _FILE_ALLOCATION_INFO {
windows	Inspect the pinned native Windows SDK and toolchain	2026-08-28T05:22:51.2488938Z     LARGE_INTEGER AllocationSize;
windows	Inspect the pinned native Windows SDK and toolchain	2026-08-28T05:22:51.2490334Z } FILE_ALLOCATION_INFO, *PFILE_ALLOCATION_INFO;
windows	Inspect the pinned native Windows SDK and toolchain	2026-08-28T05:22:51.2491606Z 
windows	Inspect the pinned native Windows SDK and toolchain	2026-08-28T05:22:51.2493153Z typedef struct _FILE_END_OF_FILE_INFO {
windows	Inspect the pinned native Windows SDK and toolchain	2026-08-28T05:22:51.2494703Z     LARGE_INTEGER EndOfFile;
windows	Inspect the pinned native Windows SDK and toolchain	2026-08-28T05:22:51.2495388Z } FILE_END_OF_FILE_INFO, *PFILE_END_OF_FILE_INFO;
windows	Inspect the pinned native Windows SDK and toolchain	2026-08-28T05:22:51.2496819Z 
windows	Inspect the pinned native Windows SDK and toolchain	2026-08-28T05:22:51.2498318Z typedef struct _FILE_STREAM_INFO {
windows	Inspect the pinned native Windows SDK and toolchain	2026-08-28T05:22:51.2499644Z     DWORD NextEntryOffset;
windows	Inspect the pinned native Windows SDK and toolchain	2026-08-28T05:22:51.2500945Z     DWORD StreamNameLength;
windows	Inspect the pinned native Windows SDK and toolchain	2026-08-28T05:22:51.2502324Z     LARGE_INTEGER StreamSize;
windows	Inspect the pinned native Windows SDK and toolchain	2026-08-28T05:22:51.2503585Z     LARGE_INTEGER StreamAllocationSize;
windows	Inspect the pinned native Windows SDK and toolchain	2026-08-28T05:22:51.2504876Z --- um/WinBase.h line 9112 ---
windows	Inspect the pinned native Windows SDK and toolchain	2026-08-28T05:22:51.2505835Z 
windows	Inspect the pinned native Windows SDK and toolchain	2026-08-28T05:22:51.2507366Z typedef struct _FILE_RENAME_INFO {
windows	Inspect the pinned native Windows SDK and toolchain	2026-08-28T05:22:51.2509025Z #if (_WIN32_WINNT >= _WIN32_WINNT_WIN10_RS1)
windows	Inspect the pinned native Windows SDK and toolchain	2026-08-28T05:22:51.2510905Z     union {
windows	Inspect the pinned native Windows SDK and toolchain	2026-08-28T05:22:51.2512243Z         BOOLEAN ReplaceIfExists;  // FileRenameInfo
windows	Inspect the pinned native Windows SDK and toolchain	2026-08-28T05:22:51.2513712Z         DWORD Flags;              // FileRenameInfoEx
windows	Inspect the pinned native Windows SDK and toolchain	2026-08-28T05:22:51.2514878Z     } DUMMYUNIONNAME;
windows	Inspect the pinned native Windows SDK and toolchain	2026-08-28T05:22:51.2516415Z #else
windows	Inspect the pinned native Windows SDK and toolchain	2026-08-28T05:22:51.2518098Z     BOOLEAN ReplaceIfExists;
windows	Inspect the pinned native Windows SDK and toolchain	2026-08-28T05:22:51.2519608Z #endif
windows	Inspect the pinned native Windows SDK and toolchain	2026-08-28T05:22:51.2521052Z     HANDLE RootDirectory;
windows	Inspect the pinned native Windows SDK and toolchain	2026-08-28T05:22:51.2522224Z     DWORD FileNameLength;
windows	Inspect the pinned native Windows SDK and toolchain	2026-08-28T05:22:51.2523830Z     WCHAR FileName[1];
windows	Inspect the pinned native Windows SDK and toolchain	2026-08-28T05:22:51.2525451Z } FILE_RENAME_INFO, *PFILE_RENAME_INFO;
windows	Inspect the pinned native Windows SDK and toolchain	2026-08-28T05:22:51.2526454Z 
windows	Inspect the pinned native Windows SDK and toolchain	2026-08-28T05:22:51.2528072Z typedef struct _FILE_ALLOCATION_INFO {
windows	Inspect the pinned native Windows SDK and toolchain	2026-08-28T05:22:51.2530100Z     LARGE_INTEGER AllocationSize;
windows	Inspect the pinned native Windows SDK and toolchain	2026-08-28T05:22:51.2530623Z } FILE_ALLOCATION_INFO, *PFILE_ALLOCATION_INFO;
windows	Inspect the pinned native Windows SDK and toolchain	2026-08-28T05:22:51.2531125Z 
windows	Inspect the pinned native Windows SDK and toolchain	2026-08-28T05:22:51.2533128Z typedef struct _FILE_END_OF_FILE_INFO {
windows	Inspect the pinned native Windows SDK and toolchain	2026-08-28T05:22:51.2534617Z     LARGE_INTEGER EndOfFile;
windows	Inspect the pinned native Windows SDK and toolchain	2026-08-28T05:22:51.2536221Z } FILE_END_OF_FILE_INFO, *PFILE_END_OF_FILE_INFO;
windows	Inspect the pinned native Windows SDK and toolchain	2026-08-28T05:22:51.2537207Z 
windows	Inspect the pinned native Windows SDK and toolchain	2026-08-28T05:22:51.2538856Z typedef struct _FILE_STREAM_INFO {
windows	Inspect the pinned native Windows SDK and toolchain	2026-08-28T05:22:51.2540189Z     DWORD NextEntryOffset;
windows	Inspect the pinned native Windows SDK and toolchain	2026-08-28T05:22:51.2541494Z     DWORD StreamNameLength;
windows	Inspect the pinned native Windows SDK and toolchain	2026-08-28T05:22:51.2542956Z     LARGE_INTEGER StreamSize;
windows	Inspect the pinned native Windows SDK and toolchain	2026-08-28T05:22:51.2544329Z     LARGE_INTEGER StreamAllocationSize;
windows	Inspect the pinned native Windows SDK and toolchain	2026-08-28T05:22:51.2545609Z     WCHAR StreamName[1];
windows	Inspect the pinned native Windows SDK and toolchain	2026-08-28T05:22:51.2547014Z } FILE_STREAM_INFO, *PFILE_STREAM_INFO;
windows	Inspect the pinned native Windows SDK and toolchain	2026-08-28T05:22:51.2548231Z 
windows	Inspect the pinned native Windows SDK and toolchain	2026-08-28T05:22:51.2549792Z --- um/WinBase.h line 9116 ---
windows	Inspect the pinned native Windows SDK and toolchain	2026-08-28T05:22:51.2551374Z         BOOLEAN ReplaceIfExists;  // FileRenameInfo
windows	Inspect the pinned native Windows SDK and toolchain	2026-08-28T05:22:51.2553221Z         DWORD Flags;              // FileRenameInfoEx
windows	Inspect the pinned native Windows SDK and toolchain	2026-08-28T05:22:51.2555219Z     } DUMMYUNIONNAME;
windows	Inspect the pinned native Windows SDK and toolchain	2026-08-28T05:22:51.2556569Z #else
windows	Inspect the pinned native Windows SDK and toolchain	2026-08-28T05:22:51.2558062Z     BOOLEAN ReplaceIfExists;
windows	Inspect the pinned native Windows SDK and toolchain	2026-08-28T05:22:51.2559338Z #endif
windows	Inspect the pinned native Windows SDK and toolchain	2026-08-28T05:22:51.2561024Z     HANDLE RootDirectory;
windows	Inspect the pinned native Windows SDK and toolchain	2026-08-28T05:22:51.2562542Z     DWORD FileNameLength;
windows	Inspect the pinned native Windows SDK and toolchain	2026-08-28T05:22:51.2563958Z     WCHAR FileName[1];
windows	Inspect the pinned native Windows SDK and toolchain	2026-08-28T05:22:51.2565627Z } FILE_RENAME_INFO, *PFILE_RENAME_INFO;
windows	Inspect the pinned native Windows SDK and toolchain	2026-08-28T05:22:51.2566761Z 
windows	Inspect the pinned native Windows SDK and toolchain	2026-08-28T05:22:51.2568316Z typedef struct _FILE_ALLOCATION_INFO {
windows	Inspect the pinned native Windows SDK and toolchain	2026-08-28T05:22:51.2569727Z     LARGE_INTEGER AllocationSize;
windows	Inspect the pinned native Windows SDK and toolchain	2026-08-28T05:22:51.2571682Z } FILE_ALLOCATION_INFO, *PFILE_ALLOCATION_INFO;
windows	Inspect the pinned native Windows SDK and toolchain	2026-08-28T05:22:51.2572665Z 
windows	Inspect the pinned native Windows SDK and toolchain	2026-08-28T05:22:51.2574435Z typedef struct _FILE_END_OF_FILE_INFO {
windows	Inspect the pinned native Windows SDK and toolchain	2026-08-28T05:22:51.2575869Z     LARGE_INTEGER EndOfFile;
windows	Inspect the pinned native Windows SDK and toolchain	2026-08-28T05:22:51.2577194Z } FILE_END_OF_FILE_INFO, *PFILE_END_OF_FILE_INFO;
windows	Inspect the pinned native Windows SDK and toolchain	2026-08-28T05:22:51.2578185Z 
windows	Inspect the pinned native Windows SDK and toolchain	2026-08-28T05:22:51.2579808Z typedef struct _FILE_STREAM_INFO {
windows	Inspect the pinned native Windows SDK and toolchain	2026-08-28T05:22:51.2581502Z     DWORD NextEntryOffset;
windows	Inspect the pinned native Windows SDK and toolchain	2026-08-28T05:22:51.2583166Z     DWORD StreamNameLength;
windows	Inspect the pinned native Windows SDK and toolchain	2026-08-28T05:22:51.2584566Z     LARGE_INTEGER StreamSize;
windows	Inspect the pinned native Windows SDK and toolchain	2026-08-28T05:22:51.2586083Z     LARGE_INTEGER StreamAllocationSize;
windows	Inspect the pinned native Windows SDK and toolchain	2026-08-28T05:22:51.2587472Z     WCHAR StreamName[1];
windows	Inspect the pinned native Windows SDK and toolchain	2026-08-28T05:22:51.2588822Z } FILE_STREAM_INFO, *PFILE_STREAM_INFO;
windows	Inspect the pinned native Windows SDK and toolchain	2026-08-28T05:22:51.2589915Z 
windows	Inspect the pinned native Windows SDK and toolchain	2026-08-28T05:22:51.2592013Z typedef struct _FILE_COMPRESSION_INFO {
windows	Inspect the pinned native Windows SDK and toolchain	2026-08-28T05:22:51.2593224Z     LARGE_INTEGER CompressedFileSize;
windows	Inspect the pinned native Windows SDK and toolchain	2026-08-28T05:22:51.2594521Z     WORD CompressionFormat;
windows	Inspect the pinned native Windows SDK and toolchain	2026-08-28T05:22:51.2596081Z     UCHAR CompressionUnitShift;
windows	Inspect the pinned native Windows SDK and toolchain	2026-08-28T05:22:51.2597588Z --- um/WinBase.h line 9156 ---
windows	Inspect the pinned native Windows SDK and toolchain	2026-08-28T05:22:51.2598554Z 
windows	Inspect the pinned native Windows SDK and toolchain	2026-08-28T05:22:51.2600234Z typedef struct _FILE_DISPOSITION_INFO {
windows	Inspect the pinned native Windows SDK and toolchain	2026-08-28T05:22:51.2601645Z     BOOLEAN DeleteFile;
windows	Inspect the pinned native Windows SDK and toolchain	2026-08-28T05:22:51.2602980Z } FILE_DISPOSITION_INFO, *PFILE_DISPOSITION_INFO;
windows	Inspect the pinned native Windows SDK and toolchain	2026-08-28T05:22:51.2603967Z 
windows	Inspect the pinned native Windows SDK and toolchain	2026-08-28T05:22:51.2605501Z #if (_WIN32_WINNT >= _WIN32_WINNT_WIN10_RS1)
windows	Inspect the pinned native Windows SDK and toolchain	2026-08-28T05:22:51.2607080Z #define FILE_DISPOSITION_FLAG_DO_NOT_DELETE              0x00000000
windows	Inspect the pinned native Windows SDK and toolchain	2026-08-28T05:22:51.2607793Z #define FILE_DISPOSITION_FLAG_DELETE                     0x00000001
windows	Inspect the pinned native Windows SDK and toolchain	2026-08-28T05:22:51.2609500Z #define FILE_DISPOSITION_FLAG_POSIX_SEMANTICS            0x00000002
windows	Inspect the pinned native Windows SDK and toolchain	2026-08-28T05:22:51.2611378Z #define FILE_DISPOSITION_FLAG_FORCE_IMAGE_SECTION_CHECK  0x00000004
windows	Inspect the pinned native Windows SDK and toolchain	2026-08-28T05:22:51.2612686Z #define FILE_DISPOSITION_FLAG_ON_CLOSE                   0x00000008
windows	Inspect the pinned native Windows SDK and toolchain	2026-08-28T05:22:51.2613589Z #if (_WIN32_WINNT >= _WIN32_WINNT_WIN10_RS5)
windows	Inspect the pinned native Windows SDK and toolchain	2026-08-28T05:22:51.2615093Z #define FILE_DISPOSITION_FLAG_IGNORE_READONLY_ATTRIBUTE  0x00000010
windows	Inspect the pinned native Windows SDK and toolchain	2026-08-28T05:22:51.2616352Z #endif
windows	Inspect the pinned native Windows SDK and toolchain	2026-08-28T05:22:51.2617251Z 
windows	Inspect the pinned native Windows SDK and toolchain	2026-08-28T05:22:51.2618819Z typedef struct _FILE_DISPOSITION_INFO_EX {
windows	Inspect the pinned native Windows SDK and toolchain	2026-08-28T05:22:51.2620148Z     DWORD Flags;
windows	Inspect the pinned native Windows SDK and toolchain	2026-08-28T05:22:51.2621617Z } FILE_DISPOSITION_INFO_EX, *PFILE_DISPOSITION_INFO_EX;
windows	Inspect the pinned native Windows SDK and toolchain	2026-08-28T05:22:51.2622579Z #endif
windows	Inspect the pinned native Windows SDK and toolchain	2026-08-28T05:22:51.2624063Z 
windows	Inspect the pinned native Windows SDK and toolchain	2026-08-28T05:22:51.2626093Z typedef struct _FILE_ID_BOTH_DIR_INFO {
windows	Inspect the pinned native Windows SDK and toolchain	2026-08-28T05:22:51.2627437Z     DWORD NextEntryOffset;
windows	Inspect the pinned native Windows SDK and toolchain	2026-08-28T05:22:51.2629117Z     DWORD FileIndex;
windows	Inspect the pinned native Windows SDK and toolchain	2026-08-28T05:22:51.2630534Z     LARGE_INTEGER CreationTime;
windows	Inspect the pinned native Windows SDK and toolchain	2026-08-28T05:22:51.2631825Z     LARGE_INTEGER LastAccessTime;
windows	Inspect the pinned native Windows SDK and toolchain	2026-08-28T05:22:51.2633644Z     LARGE_INTEGER LastWriteTime;
windows	Inspect the pinned native Windows SDK and toolchain	2026-08-28T05:22:51.2635010Z     LARGE_INTEGER ChangeTime;
windows	Inspect the pinned native Windows SDK and toolchain	2026-08-28T05:22:51.2636161Z     LARGE_INTEGER EndOfFile;
windows	Inspect the pinned native Windows SDK and toolchain	2026-08-28T05:22:51.2637462Z     LARGE_INTEGER AllocationSize;
windows	Inspect the pinned native Windows SDK and toolchain	2026-08-28T05:22:51.2638803Z     DWORD FileAttributes;
windows	Inspect the pinned native Windows SDK and toolchain	2026-08-28T05:22:51.2640336Z     DWORD FileNameLength;
windows	Inspect the pinned native Windows SDK and toolchain	2026-08-28T05:22:51.2641456Z --- um/WinBase.h line 9170 ---
windows	Inspect the pinned native Windows SDK and toolchain	2026-08-28T05:22:51.2642344Z 
windows	Inspect the pinned native Windows SDK and toolchain	2026-08-28T05:22:51.2644094Z typedef struct _FILE_DISPOSITION_INFO_EX {
windows	Inspect the pinned native Windows SDK and toolchain	2026-08-28T05:22:51.2645286Z     DWORD Flags;
windows	Inspect the pinned native Windows SDK and toolchain	2026-08-28T05:22:51.2646981Z } FILE_DISPOSITION_INFO_EX, *PFILE_DISPOSITION_INFO_EX;
windows	Inspect the pinned native Windows SDK and toolchain	2026-08-28T05:22:51.2648541Z #endif
windows	Inspect the pinned native Windows SDK and toolchain	2026-08-28T05:22:51.2649625Z 
windows	Inspect the pinned native Windows SDK and toolchain	2026-08-28T05:22:51.2651376Z typedef struct _FILE_ID_BOTH_DIR_INFO {
windows	Inspect the pinned native Windows SDK and toolchain	2026-08-28T05:22:51.2652520Z     DWORD NextEntryOffset;
windows	Inspect the pinned native Windows SDK and toolchain	2026-08-28T05:22:51.2653791Z     DWORD FileIndex;
windows	Inspect the pinned native Windows SDK and toolchain	2026-08-28T05:22:51.2655095Z     LARGE_INTEGER CreationTime;
windows	Inspect the pinned native Windows SDK and toolchain	2026-08-28T05:22:51.2656482Z     LARGE_INTEGER LastAccessTime;
windows	Inspect the pinned native Windows SDK and toolchain	2026-08-28T05:22:51.2657277Z     LARGE_INTEGER LastWriteTime;
windows	Inspect the pinned native Windows SDK and toolchain	2026-08-28T05:22:51.2658881Z     LARGE_INTEGER ChangeTime;
windows	Inspect the pinned native Windows SDK and toolchain	2026-08-28T05:22:51.2660531Z     LARGE_INTEGER EndOfFile;
windows	Inspect the pinned native Windows SDK and toolchain	2026-08-28T05:22:51.2661766Z     LARGE_INTEGER AllocationSize;
windows	Inspect the pinned native Windows SDK and toolchain	2026-08-28T05:22:51.2663168Z     DWORD FileAttributes;
windows	Inspect the pinned native Windows SDK and toolchain	2026-08-28T05:22:51.2664220Z     DWORD FileNameLength;
windows	Inspect the pinned native Windows SDK and toolchain	2026-08-28T05:22:51.2665535Z     DWORD EaSize;
windows	Inspect the pinned native Windows SDK and toolchain	2026-08-28T05:22:51.2666886Z     CCHAR ShortNameLength;
windows	Inspect the pinned native Windows SDK and toolchain	2026-08-28T05:22:51.2668027Z     WCHAR ShortName[12];
windows	Inspect the pinned native Windows SDK and toolchain	2026-08-28T05:22:51.2669100Z     LARGE_INTEGER FileId;
windows	Inspect the pinned native Windows SDK and toolchain	2026-08-28T05:22:51.2670897Z     WCHAR FileName[1];
windows	Inspect the pinned native Windows SDK and toolchain	2026-08-28T05:22:51.2672027Z } FILE_ID_BOTH_DIR_INFO, *PFILE_ID_BOTH_DIR_INFO;
windows	Inspect the pinned native Windows SDK and toolchain	2026-08-28T05:22:51.2673090Z 
windows	Inspect the pinned native Windows SDK and toolchain	2026-08-28T05:22:51.2674792Z typedef struct _FILE_FULL_DIR_INFO {
windows	Inspect the pinned native Windows SDK and toolchain	2026-08-28T05:22:51.2675990Z     ULONG NextEntryOffset;
windows	Inspect the pinned native Windows SDK and toolchain	2026-08-28T05:22:51.2677350Z     ULONG FileIndex;
windows	Inspect the pinned native Windows SDK and toolchain	2026-08-28T05:22:51.2678423Z     LARGE_INTEGER CreationTime;
windows	Inspect the pinned native Windows SDK and toolchain	2026-08-28T05:22:51.2679597Z     LARGE_INTEGER LastAccessTime;
windows	Inspect the pinned native Windows SDK and toolchain	2026-08-28T05:22:51.2680957Z     LARGE_INTEGER LastWriteTime;
windows	Inspect the pinned native Windows SDK and toolchain	2026-08-28T05:22:51.2682261Z     LARGE_INTEGER ChangeTime;
windows	Inspect the pinned native Windows SDK and toolchain	2026-08-28T05:22:51.2683518Z --- um/WinBase.h line 9259 ---
windows	Inspect the pinned native Windows SDK and toolchain	2026-08-28T05:22:51.2684529Z //
windows	Inspect the pinned native Windows SDK and toolchain	2026-08-28T05:22:51.2685854Z typedef struct _FILE_ID_INFO {
windows	Inspect the pinned native Windows SDK and toolchain	2026-08-28T05:22:51.2686910Z     ULONGLONG VolumeSerialNumber;
windows	Inspect the pinned native Windows SDK and toolchain	2026-08-28T05:22:51.2688090Z     FILE_ID_128 FileId;
windows	Inspect the pinned native Windows SDK and toolchain	2026-08-28T05:22:51.2689462Z } FILE_ID_INFO, *PFILE_ID_INFO;
windows	Inspect the pinned native Windows SDK and toolchain	2026-08-28T05:22:51.2690939Z 
windows	Inspect the pinned native Windows SDK and toolchain	2026-08-28T05:22:51.2692123Z //
windows	Inspect the pinned native Windows SDK and toolchain	2026-08-28T05:22:51.2693493Z //  Structure definition for FileIdExtdDirectoryInfo
windows	Inspect the pinned native Windows SDK and toolchain	2026-08-28T05:22:51.2694539Z //
windows	Inspect the pinned native Windows SDK and toolchain	2026-08-28T05:22:51.2695796Z typedef struct _FILE_ID_EXTD_DIR_INFO {
windows	Inspect the pinned native Windows SDK and toolchain	2026-08-28T05:22:51.2696823Z     ULONG NextEntryOffset;
windows	Inspect the pinned native Windows SDK and toolchain	2026-08-28T05:22:51.2697989Z     ULONG FileIndex;
windows	Inspect the pinned native Windows SDK and toolchain	2026-08-28T05:22:51.2699287Z     LARGE_INTEGER CreationTime;
windows	Inspect the pinned native Windows SDK and toolchain	2026-08-28T05:22:51.2700595Z     LARGE_INTEGER LastAccessTime;
windows	Inspect the pinned native Windows SDK and toolchain	2026-08-28T05:22:51.2701842Z     LARGE_INTEGER LastWriteTime;
windows	Inspect the pinned native Windows SDK and toolchain	2026-08-28T05:22:51.2702896Z     LARGE_INTEGER ChangeTime;
windows	Inspect the pinned native Windows SDK and toolchain	2026-08-28T05:22:51.2704141Z     LARGE_INTEGER EndOfFile;
windows	Inspect the pinned native Windows SDK and toolchain	2026-08-28T05:22:51.2705459Z     LARGE_INTEGER AllocationSize;
windows	Inspect the pinned native Windows SDK and toolchain	2026-08-28T05:22:51.2706723Z     ULONG FileAttributes;
windows	Inspect the pinned native Windows SDK and toolchain	2026-08-28T05:22:51.2707869Z     ULONG FileNameLength;
windows	Inspect the pinned native Windows SDK and toolchain	2026-08-28T05:22:51.2708956Z     ULONG EaSize;
windows	Inspect the pinned native Windows SDK and toolchain	2026-08-28T05:22:51.2710387Z     ULONG ReparsePointTag;
windows	Inspect the pinned native Windows SDK and toolchain	2026-08-28T05:22:51.2711824Z     FILE_ID_128 FileId;
windows	Inspect the pinned native Windows SDK and toolchain	2026-08-28T05:22:51.2712920Z     WCHAR FileName[1];
windows	Inspect the pinned native Windows SDK and toolchain	2026-08-28T05:22:51.2714307Z } FILE_ID_EXTD_DIR_INFO, *PFILE_ID_EXTD_DIR_INFO;
windows	Inspect the pinned native Windows SDK and toolchain	2026-08-28T05:22:51.2714766Z 
windows	Inspect the pinned native Windows SDK and toolchain	2026-08-28T05:22:51.2716316Z #endif
windows	Inspect the pinned native Windows SDK and toolchain	2026-08-28T05:22:51.2717397Z 
windows	Inspect the pinned native Windows SDK and toolchain	2026-08-28T05:22:51.2718875Z //
windows	Inspect the pinned native Windows SDK and toolchain	2026-08-28T05:22:51.2720616Z // File Remote protocol info (FileRemoteProtocolInfo)
windows	Inspect the pinned native Windows SDK and toolchain	2026-08-28T05:22:51.2722418Z //
windows	Inspect the pinned native Windows SDK and toolchain	2026-08-28T05:22:51.2723849Z --- um/fileapi.h line 889 ---
windows	Inspect the pinned native Windows SDK and toolchain	2026-08-28T05:22:51.2725141Z WINAPI
windows	Inspect the pinned native Windows SDK and toolchain	2026-08-28T05:22:51.2726399Z GetVolumeInformationByHandleW(
windows	Inspect the pinned native Windows SDK and toolchain	2026-08-28T05:22:51.2727650Z     _In_ HANDLE hFile,
windows	Inspect the pinned native Windows SDK and toolchain	2026-08-28T05:22:51.2729038Z     _Out_writes_opt_(nVolumeNameSize) LPWSTR lpVolumeNameBuffer,
windows	Inspect the pinned native Windows SDK and toolchain	2026-08-28T05:22:51.2730233Z     _In_ DWORD nVolumeNameSize,
windows	Inspect the pinned native Windows SDK and toolchain	2026-08-28T05:22:51.2731946Z     _Out_opt_ LPDWORD lpVolumeSerialNumber,
windows	Inspect the pinned native Windows SDK and toolchain	2026-08-28T05:22:51.2733470Z     _Out_opt_ LPDWORD lpMaximumComponentLength,
windows	Inspect the pinned native Windows SDK and toolchain	2026-08-28T05:22:51.2734979Z     _Out_opt_ LPDWORD lpFileSystemFlags,
windows	Inspect the pinned native Windows SDK and toolchain	2026-08-28T05:22:51.2736520Z     _Out_writes_opt_(nFileSystemNameSize) LPWSTR lpFileSystemNameBuffer,
windows	Inspect the pinned native Windows SDK and toolchain	2026-08-28T05:22:51.2737755Z     _In_ DWORD nFileSystemNameSize
windows	Inspect the pinned native Windows SDK and toolchain	2026-08-28T05:22:51.2738979Z     );
windows	Inspect the pinned native Windows SDK and toolchain	2026-08-28T05:22:51.2740203Z 
windows	Inspect the pinned native Windows SDK and toolchain	2026-08-28T05:22:51.2741783Z #endif /* _WIN32_WINNT >=  0x0600 */
windows	Inspect the pinned native Windows SDK and toolchain	2026-08-28T05:22:51.2742882Z 
windows	Inspect the pinned native Windows SDK and toolchain	2026-08-28T05:22:51.2744306Z WINBASEAPI
windows	Inspect the pinned native Windows SDK and toolchain	2026-08-28T05:22:51.2746051Z BOOL
windows	Inspect the pinned native Windows SDK and toolchain	2026-08-28T05:22:51.2747345Z WINAPI
windows	Inspect the pinned native Windows SDK and toolchain	2026-08-28T05:22:51.2748930Z GetVolumeInformationW(
windows	Inspect the pinned native Windows SDK and toolchain	2026-08-28T05:22:51.2751160Z     _In_opt_ LPCWSTR lpRootPathName,
windows	Inspect the pinned native Windows SDK and toolchain	2026-08-28T05:22:51.2752067Z     _Out_writes_opt_(nVolumeNameSize) LPWSTR lpVolumeNameBuffer,
windows	Inspect the pinned native Windows SDK and toolchain	2026-08-28T05:22:51.2753496Z     _In_ DWORD nVolumeNameSize,
windows	Inspect the pinned native Windows SDK and toolchain	2026-08-28T05:22:51.2754694Z     _Out_opt_ LPDWORD lpVolumeSerialNumber,
windows	Inspect the pinned native Windows SDK and toolchain	2026-08-28T05:22:51.2755942Z     _Out_opt_ LPDWORD lpMaximumComponentLength,
windows	Inspect the pinned native Windows SDK and toolchain	2026-08-28T05:22:51.2756902Z     _Out_opt_ LPDWORD lpFileSystemFlags,
windows	Inspect the pinned native Windows SDK and toolchain	2026-08-28T05:22:51.2758557Z     _Out_writes_opt_(nFileSystemNameSize) LPWSTR lpFileSystemNameBuffer,
windows	Inspect the pinned native Windows SDK and toolchain	2026-08-28T05:22:51.2760104Z     _In_ DWORD nFileSystemNameSize
windows	Inspect the pinned native Windows SDK and toolchain	2026-08-28T05:22:51.2761549Z     );
windows	Inspect the pinned native Windows SDK and toolchain	2026-08-28T05:22:51.2762799Z 
windows	Inspect the pinned native Windows SDK and toolchain	2026-08-28T05:22:51.2764432Z #ifdef UNICODE
windows	Inspect the pinned native Windows SDK and toolchain	2026-08-28T05:22:51.2765797Z #define GetVolumeInformation  GetVolumeInformationW
windows	Inspect the pinned native Windows SDK and toolchain	2026-08-28T05:22:51.2767916Z #endif
windows	Fetch checksum-verified native Node inputs	﻿2026-08-28T05:22:51.3645708Z ##[group]Run @'
windows	Fetch checksum-verified native Node inputs	2026-08-28T05:22:51.3646193Z [36;1m@'[0m
windows	Fetch checksum-verified native Node inputs	2026-08-28T05:22:51.3646558Z [36;1mimport { createHash } from 'node:crypto';[0m
windows	Fetch checksum-verified native Node inputs	2026-08-28T05:22:51.3647014Z [36;1mimport { writeFileSync, appendFileSync } from 'node:fs';[0m
windows	Fetch checksum-verified native Node inputs	2026-08-28T05:22:51.3647490Z [36;1mimport { execFileSync } from 'node:child_process';[0m
windows	Fetch checksum-verified native Node inputs	2026-08-28T05:22:51.3647923Z [36;1mimport { join, basename } from 'node:path';[0m
windows	Fetch checksum-verified native Node inputs	2026-08-28T05:22:51.3648425Z [36;1mif (process.arch !== 'x64') throw new Error('Native x64 Node bootstrap required');[0m
windows	Fetch checksum-verified native Node inputs	2026-08-28T05:22:51.3648961Z [36;1mconst base = 'https://nodejs.org/dist/v20.19.0/';[0m
windows	Fetch checksum-verified native Node inputs	2026-08-28T05:22:51.3649450Z [36;1mconst sumsResponse = await fetch(base + 'SHASUMS256.txt');[0m
windows	Fetch checksum-verified native Node inputs	2026-08-28T05:22:51.3649987Z [36;1mif (!sumsResponse.ok) throw new Error('Cannot fetch checksums');[0m
windows	Fetch checksum-verified native Node inputs	2026-08-28T05:22:51.3650452Z [36;1mconst sums = await sumsResponse.text();[0m
windows	Fetch checksum-verified native Node inputs	2026-08-28T05:22:51.3650999Z [36;1mfor (const name of ['node-v20.19.0-win-x64.zip', 'node-v20.19.0-headers.tar.gz', 'win-x64/node.lib']) {[0m
windows	Fetch checksum-verified native Node inputs	2026-08-28T05:22:51.3651785Z [36;1m  const response = await fetch(base + name);[0m
windows	Fetch checksum-verified native Node inputs	2026-08-28T05:22:51.3652219Z [36;1m  if (!response.ok) throw new Error('Cannot fetch ' + name);[0m
windows	Fetch checksum-verified native Node inputs	2026-08-28T05:22:51.3652683Z [36;1m  const bytes = Buffer.from(await response.arrayBuffer());[0m
windows	Fetch checksum-verified native Node inputs	2026-08-28T05:22:51.3653191Z [36;1m  const sha256 = createHash('sha256').update(bytes).digest('hex');[0m
windows	Fetch checksum-verified native Node inputs	2026-08-28T05:22:51.3653813Z [36;1m  const expected = sums.split('\n').map(line => line.trim().split(/\s+/)).find(parts => parts[1] === name)?.[0];[0m
windows	Fetch checksum-verified native Node inputs	2026-08-28T05:22:51.3654492Z [36;1m  if (sha256 !== expected) throw new Error('Checksum mismatch: ' + name);[0m
windows	Fetch checksum-verified native Node inputs	2026-08-28T05:22:51.3655041Z [36;1m  writeFileSync(join(process.env.RUNNER_TEMP, basename(name)), bytes);[0m
windows	Fetch checksum-verified native Node inputs	2026-08-28T05:22:51.3655773Z [36;1m  console.log(JSON.stringify({name, sha256}));[0m
windows	Fetch checksum-verified native Node inputs	2026-08-28T05:22:51.3656174Z [36;1m}[0m
windows	Fetch checksum-verified native Node inputs	2026-08-28T05:22:51.3656696Z [36;1mexecFileSync('tar', ['-xf', join(process.env.RUNNER_TEMP, 'node-v20.19.0-win-x64.zip'), '-C', process.env.RUNNER_TEMP]);[0m
windows	Fetch checksum-verified native Node inputs	2026-08-28T05:22:51.3657450Z [36;1mappendFileSync(process.env.GITHUB_PATH, join(process.env.RUNNER_TEMP, 'node-v20.19.0-win-x64') + '\n');[0m
windows	Fetch checksum-verified native Node inputs	2026-08-28T05:22:51.3658345Z [36;1mappendFileSync(process.env.GITHUB_ENV, 'EXSPECSO_NODE_HEADERS=' + join(process.env.RUNNER_TEMP, 'node-v20.19.0-headers.tar.gz') + '\n');[0m
windows	Fetch checksum-verified native Node inputs	2026-08-28T05:22:51.3659387Z [36;1mappendFileSync(process.env.GITHUB_ENV, 'EXSPECSO_NODE_LIB=' + join(process.env.RUNNER_TEMP, 'node.lib') + '\n');[0m
windows	Fetch checksum-verified native Node inputs	2026-08-28T05:22:51.3660002Z [36;1m'@ | node --input-type=module[0m
windows	Fetch checksum-verified native Node inputs	2026-08-28T05:22:51.3660425Z [36;1mif ($LASTEXITCODE) { throw 'Node input verification failed' }[0m
windows	Fetch checksum-verified native Node inputs	2026-08-28T05:22:51.3745393Z shell: C:\Program Files\PowerShell\7\pwsh.EXE -command ". '{0}'"
windows	Fetch checksum-verified native Node inputs	2026-08-28T05:22:51.3745789Z ##[endgroup]
windows	Fetch checksum-verified native Node inputs	2026-08-28T05:22:55.7127600Z {"name":"node-v20.19.0-win-x64.zip","sha256":"be72284c7bc62de07d5a9fd0ae196879842c085f11f7f2b60bf8864c0c9d6a4f"}
windows	Fetch checksum-verified native Node inputs	2026-08-28T05:22:56.0967583Z {"name":"node-v20.19.0-headers.tar.gz","sha256":"800194e32cef4ee77f5a2e8c0e5dd2b4acb38b39ef2ea544929c181b949494bb"}
windows	Fetch checksum-verified native Node inputs	2026-08-28T05:22:56.3682362Z {"name":"win-x64/node.lib","sha256":"72f7ca3b33f0991e93e25521f7e78c8adf187df7d5223bf0efcb5e005420f327"}
windows	Install locked development dependencies without lifecycle scripts	﻿2026-08-28T05:22:57.6304601Z ##[group]Run npm ci --ignore-scripts
windows	Install locked development dependencies without lifecycle scripts	2026-08-28T05:22:57.6305132Z [36;1mnpm ci --ignore-scripts[0m
windows	Install locked development dependencies without lifecycle scripts	2026-08-28T05:22:57.6305526Z [36;1mif ($LASTEXITCODE) { throw 'npm ci failed' }[0m
windows	Install locked development dependencies without lifecycle scripts	2026-08-28T05:22:57.6394703Z shell: C:\Program Files\PowerShell\7\pwsh.EXE -command ". '{0}'"
windows	Install locked development dependencies without lifecycle scripts	2026-08-28T05:22:57.6395158Z env:
windows	Install locked development dependencies without lifecycle scripts	2026-08-28T05:22:57.6395511Z   EXSPECSO_NODE_HEADERS: D:\a\_temp\node-v20.19.0-headers.tar.gz
windows	Install locked development dependencies without lifecycle scripts	2026-08-28T05:22:57.6395947Z   EXSPECSO_NODE_LIB: D:\a\_temp\node.lib
windows	Install locked development dependencies without lifecycle scripts	2026-08-28T05:22:57.6396306Z ##[endgroup]
windows	Install locked development dependencies without lifecycle scripts	2026-08-28T05:23:00.9220962Z 
windows	Install locked development dependencies without lifecycle scripts	2026-08-28T05:23:00.9222376Z added 74 packages, and audited 75 packages in 3s
windows	Install locked development dependencies without lifecycle scripts	2026-08-28T05:23:00.9223027Z 
windows	Install locked development dependencies without lifecycle scripts	2026-08-28T05:23:00.9223164Z 20 packages are looking for funding
windows	Install locked development dependencies without lifecycle scripts	2026-08-28T05:23:00.9223578Z   run `npm fund` for details
windows	Install locked development dependencies without lifecycle scripts	2026-08-28T05:23:00.9233927Z 
windows	Install locked development dependencies without lifecycle scripts	2026-08-28T05:23:00.9234177Z found 0 vulnerabilities
windows	Build the native Windows release provider and TypeScript	﻿2026-08-28T05:23:01.0545880Z ##[group]Run node native/build.mjs --variant release --target win32-x64 --out . --headers "$env:EXSPECSO_NODE_HEADERS" --node-lib "$env:EXSPECSO_NODE_LIB"
windows	Build the native Windows release provider and TypeScript	2026-08-28T05:23:01.0547105Z [36;1mnode native/build.mjs --variant release --target win32-x64 --out . --headers "$env:EXSPECSO_NODE_HEADERS" --node-lib "$env:EXSPECSO_NODE_LIB"[0m
windows	Build the native Windows release provider and TypeScript	2026-08-28T05:23:01.0547845Z [36;1mif ($LASTEXITCODE) { throw 'Native build failed' }[0m
windows	Build the native Windows release provider and TypeScript	2026-08-28T05:23:01.0548235Z [36;1mnpm run build[0m
windows	Build the native Windows release provider and TypeScript	2026-08-28T05:23:01.0548577Z [36;1mif ($LASTEXITCODE) { throw 'TypeScript build failed' }[0m
windows	Build the native Windows release provider and TypeScript	2026-08-28T05:23:01.0638133Z shell: C:\Program Files\PowerShell\7\pwsh.EXE -command ". '{0}'"
windows	Build the native Windows release provider and TypeScript	2026-08-28T05:23:01.0638611Z env:
windows	Build the native Windows release provider and TypeScript	2026-08-28T05:23:01.0638972Z   EXSPECSO_NODE_HEADERS: D:\a\_temp\node-v20.19.0-headers.tar.gz
windows	Build the native Windows release provider and TypeScript	2026-08-28T05:23:01.0639414Z   EXSPECSO_NODE_LIB: D:\a\_temp\node.lib
windows	Build the native Windows release provider and TypeScript	2026-08-28T05:23:01.0639756Z ##[endgroup]
windows	Build the native Windows release provider and TypeScript	2026-08-28T05:23:02.9161602Z {
windows	Build the native Windows release provider and TypeScript	2026-08-28T05:23:02.9162619Z   "imageVersion": "20260818.207.1",
windows	Build the native Windows release provider and TypeScript	2026-08-28T05:23:02.9163285Z   "imageOS": "win25-vs2026",
windows	Build the native Windows release provider and TypeScript	2026-08-28T05:23:02.9163728Z   "architecture": "X64",
windows	Build the native Windows release provider and TypeScript	2026-08-28T05:23:02.9164202Z   "caption": "Microsoft Windows Server 2025 Datacenter",
windows	Build the native Windows release provider and TypeScript	2026-08-28T05:23:02.9164820Z   "version": "10.0.26100",
windows	Build the native Windows release provider and TypeScript	2026-08-28T05:23:02.9165231Z   "build": "26100",
windows	Build the native Windows release provider and TypeScript	2026-08-28T05:23:02.9165694Z   "ubr": 33296,
windows	Build the native Windows release provider and TypeScript	2026-08-28T05:23:02.9166160Z   "displayVersion": "24H2",
windows	Build the native Windows release provider and TypeScript	2026-08-28T05:23:02.9166617Z   "filesystem": "NTFS",
windows	Build the native Windows release provider and TypeScript	2026-08-28T05:23:02.9167035Z   "visualStudio": [
windows	Build the native Windows release provider and TypeScript	2026-08-28T05:23:02.9167455Z     {
windows	Build the native Windows release provider and TypeScript	2026-08-28T05:23:02.9167862Z       "installationVersion": "18.9.12112.369",
windows	Build the native Windows release provider and TypeScript	2026-08-28T05:23:02.9168658Z       "installationPath": "C:\\Program Files\\Microsoft Visual Studio\\18\\Enterprise"
windows	Build the native Windows release provider and TypeScript	2026-08-28T05:23:02.9169394Z     }
windows	Build the native Windows release provider and TypeScript	2026-08-28T05:23:02.9169815Z   ],
windows	Build the native Windows release provider and TypeScript	2026-08-28T05:23:02.9170287Z   "sdkVersion": "10.0.26100.0",
windows	Build the native Windows release provider and TypeScript	2026-08-28T05:23:02.9170859Z   "msvcVersion": "14.44.35207"
windows	Build the native Windows release provider and TypeScript	2026-08-28T05:23:02.9171374Z }
windows	Build the native Windows release provider and TypeScript	2026-08-28T05:23:03.0432047Z --- um/winternl.h line 213 ---
windows	Build the native Windows release provider and TypeScript	2026-08-28T05:23:03.0436233Z 
windows	Build the native Windows release provider and TypeScript	2026-08-28T05:23:03.0440919Z typedef struct _OBJECT_ATTRIBUTES {
windows	Build the native Windows release provider and TypeScript	2026-08-28T05:23:03.0444933Z     ULONG Length;
windows	Build the native Windows release provider and TypeScript	2026-08-28T05:23:03.0448339Z     HANDLE RootDirectory;
windows	Build the native Windows release provider and TypeScript	2026-08-28T05:23:03.0451902Z     PUNICODE_STRING ObjectName;
windows	Build the native Windows release provider and TypeScript	2026-08-28T05:23:03.0455737Z     ULONG Attributes;
windows	Build the native Windows release provider and TypeScript	2026-08-28T05:23:03.0459203Z     PVOID SecurityDescriptor;
windows	Build the native Windows release provider and TypeScript	2026-08-28T05:23:03.0462733Z     PVOID SecurityQualityOfService;
windows	Build the native Windows release provider and TypeScript	2026-08-28T05:23:03.0465775Z } OBJECT_ATTRIBUTES;
windows	Build the native Windows release provider and TypeScript	2026-08-28T05:23:03.0469377Z typedef OBJECT_ATTRIBUTES *POBJECT_ATTRIBUTES;
windows	Build the native Windows release provider and TypeScript	2026-08-28T05:23:03.0472753Z 
windows	Build the native Windows release provider and TypeScript	2026-08-28T05:23:03.0475922Z typedef struct _IO_STATUS_BLOCK {
windows	Build the native Windows release provider and TypeScript	2026-08-28T05:23:03.0477676Z #pragma warning(push)
windows	Build the native Windows release provider and TypeScript	2026-08-28T05:23:03.0480786Z #pragma warning(disable: 4201) // we'll always use the Microsoft compiler
windows	Build the native Windows release provider and TypeScript	2026-08-28T05:23:03.0484154Z     union {
windows	Build the native Windows release provider and TypeScript	2026-08-28T05:23:03.0487169Z         NTSTATUS Status;
windows	Build the native Windows release provider and TypeScript	2026-08-28T05:23:03.0490034Z         PVOID Pointer;
windows	Build the native Windows release provider and TypeScript	2026-08-28T05:23:03.0492634Z     } DUMMYUNIONNAME;
windows	Build the native Windows release provider and TypeScript	2026-08-28T05:23:03.0495496Z #pragma warning(pop)
windows	Build the native Windows release provider and TypeScript	2026-08-28T05:23:03.0497839Z 
windows	Build the native Windows release provider and TypeScript	2026-08-28T05:23:03.0500011Z     ULONG_PTR Information;
windows	Build the native Windows release provider and TypeScript	2026-08-28T05:23:03.0502578Z } IO_STATUS_BLOCK, *PIO_STATUS_BLOCK;
windows	Build the native Windows release provider and TypeScript	2026-08-28T05:23:03.0504671Z 
windows	Build the native Windows release provider and TypeScript	2026-08-28T05:23:03.0506981Z typedef
windows	Build the native Windows release provider and TypeScript	2026-08-28T05:23:03.0510014Z VOID
windows	Build the native Windows release provider and TypeScript	2026-08-28T05:23:03.0512482Z (NTAPI *PIO_APC_ROUTINE) (
windows	Build the native Windows release provider and TypeScript	2026-08-28T05:23:03.0515357Z     IN PVOID ApcContext,
windows	Build the native Windows release provider and TypeScript	2026-08-28T05:23:03.0517988Z     IN PIO_STATUS_BLOCK IoStatusBlock,
windows	Build the native Windows release provider and TypeScript	2026-08-28T05:23:03.0520587Z     IN ULONG Reserved
windows	Build the native Windows release provider and TypeScript	2026-08-28T05:23:03.0523059Z     );
windows	Build the native Windows release provider and TypeScript	2026-08-28T05:23:03.0524895Z 
windows	Build the native Windows release provider and TypeScript	2026-08-28T05:23:03.0528246Z --- um/winternl.h line 475 ---
windows	Build the native Windows release provider and TypeScript	2026-08-28T05:23:03.0530742Z NTAPI
windows	Build the native Windows release provider and TypeScript	2026-08-28T05:23:03.0532690Z NtCreateFile (
windows	Build the native Windows release provider and TypeScript	2026-08-28T05:23:03.0535242Z     OUT PHANDLE FileHandle,
windows	Build the native Windows release provider and TypeScript	2026-08-28T05:23:03.0537371Z     IN ACCESS_MASK DesiredAccess,
windows	Build the native Windows release provider and TypeScript	2026-08-28T05:23:03.0539369Z     IN POBJECT_ATTRIBUTES ObjectAttributes,
windows	Build the native Windows release provider and TypeScript	2026-08-28T05:23:03.0541030Z     OUT PIO_STATUS_BLOCK IoStatusBlock,
windows	Build the native Windows release provider and TypeScript	2026-08-28T05:23:03.0544131Z     IN PLARGE_INTEGER AllocationSize OPTIONAL,
windows	Build the native Windows release provider and TypeScript	2026-08-28T05:23:03.0546046Z     IN ULONG FileAttributes,
windows	Build the native Windows release provider and TypeScript	2026-08-28T05:23:03.0548092Z     IN ULONG ShareAccess,
windows	Build the native Windows release provider and TypeScript	2026-08-28T05:23:03.0549474Z     IN ULONG CreateDisposition,
windows	Build the native Windows release provider and TypeScript	2026-08-28T05:23:03.0550916Z     IN ULONG CreateOptions,
windows	Build the native Windows release provider and TypeScript	2026-08-28T05:23:03.0552346Z     IN PVOID EaBuffer OPTIONAL,
windows	Build the native Windows release provider and TypeScript	2026-08-28T05:23:03.0553699Z     IN ULONG EaLength
windows	Build the native Windows release provider and TypeScript	2026-08-28T05:23:03.0555244Z     );
windows	Build the native Windows release provider and TypeScript	2026-08-28T05:23:03.0556534Z 
windows	Build the native Windows release provider and TypeScript	2026-08-28T05:23:03.0558212Z //
windows	Build the native Windows release provider and TypeScript	2026-08-28T05:23:03.0559570Z // use the Win32 API instead
windows	Build the native Windows release provider and TypeScript	2026-08-28T05:23:03.0560678Z //     CreateFile
windows	Build the native Windows release provider and TypeScript	2026-08-28T05:23:03.0562054Z //
windows	Build the native Windows release provider and TypeScript	2026-08-28T05:23:03.0563389Z __kernel_entry NTSTATUS
windows	Build the native Windows release provider and TypeScript	2026-08-28T05:23:03.0564753Z NTAPI
windows	Build the native Windows release provider and TypeScript	2026-08-28T05:23:03.0566027Z NtOpenFile (
windows	Build the native Windows release provider and TypeScript	2026-08-28T05:23:03.0567305Z     OUT PHANDLE FileHandle,
windows	Build the native Windows release provider and TypeScript	2026-08-28T05:23:03.0568579Z     IN ACCESS_MASK DesiredAccess,
windows	Build the native Windows release provider and TypeScript	2026-08-28T05:23:03.0570095Z     IN POBJECT_ATTRIBUTES ObjectAttributes,
windows	Build the native Windows release provider and TypeScript	2026-08-28T05:23:03.0571433Z     OUT PIO_STATUS_BLOCK IoStatusBlock,
windows	Build the native Windows release provider and TypeScript	2026-08-28T05:23:03.0572647Z     IN ULONG ShareAccess,
windows	Build the native Windows release provider and TypeScript	2026-08-28T05:23:03.0573879Z     IN ULONG OpenOptions
windows	Build the native Windows release provider and TypeScript	2026-08-28T05:23:03.0575345Z     );
windows	Build the native Windows release provider and TypeScript	2026-08-28T05:23:03.0577551Z 
windows	Build the native Windows release provider and TypeScript	2026-08-28T05:23:03.0579437Z //
windows	Build the native Windows release provider and TypeScript	2026-08-28T05:23:03.0580753Z --- um/winternl.h line 992 ---
windows	Build the native Windows release provider and TypeScript	2026-08-28T05:23:03.0582161Z #define FILE_CREATE                     0x00000002
windows	Build the native Windows release provider and TypeScript	2026-08-28T05:23:03.0583828Z #define FILE_OPEN_IF                    0x00000003
windows	Build the native Windows release provider and TypeScript	2026-08-28T05:23:03.0585434Z #define FILE_OVERWRITE                  0x00000004
windows	Build the native Windows release provider and TypeScript	2026-08-28T05:23:03.0586816Z #define FILE_OVERWRITE_IF               0x00000005
windows	Build the native Windows release provider and TypeScript	2026-08-28T05:23:03.0588451Z #define FILE_MAXIMUM_DISPOSITION        0x00000005
windows	Build the native Windows release provider and TypeScript	2026-08-28T05:23:03.0589596Z 
windows	Build the native Windows release provider and TypeScript	2026-08-28T05:23:03.0591177Z //
windows	Build the native Windows release provider and TypeScript	2026-08-28T05:23:03.0592526Z // Define the create/open option flags
windows	Build the native Windows release provider and TypeScript	2026-08-28T05:23:03.0594480Z //
windows	Build the native Windows release provider and TypeScript	2026-08-28T05:23:03.0595452Z 
windows	Build the native Windows release provider and TypeScript	2026-08-28T05:23:03.0597351Z #define FILE_DIRECTORY_FILE                     0x00000001
windows	Build the native Windows release provider and TypeScript	2026-08-28T05:23:03.0598767Z #define FILE_WRITE_THROUGH                      0x00000002
windows	Build the native Windows release provider and TypeScript	2026-08-28T05:23:03.0600202Z #define FILE_SEQUENTIAL_ONLY                    0x00000004
windows	Build the native Windows release provider and TypeScript	2026-08-28T05:23:03.0601580Z #define FILE_NO_INTERMEDIATE_BUFFERING          0x00000008
windows	Build the native Windows release provider and TypeScript	2026-08-28T05:23:03.0602555Z 
windows	Build the native Windows release provider and TypeScript	2026-08-28T05:23:03.0604031Z #define FILE_SYNCHRONOUS_IO_ALERT               0x00000010
windows	Build the native Windows release provider and TypeScript	2026-08-28T05:23:03.0605280Z #define FILE_SYNCHRONOUS_IO_NONALERT            0x00000020
windows	Build the native Windows release provider and TypeScript	2026-08-28T05:23:03.0606746Z #define FILE_NON_DIRECTORY_FILE                 0x00000040
windows	Build the native Windows release provider and TypeScript	2026-08-28T05:23:03.0608313Z #define FILE_CREATE_TREE_CONNECTION             0x00000080
windows	Build the native Windows release provider and TypeScript	2026-08-28T05:23:03.0609661Z 
windows	Build the native Windows release provider and TypeScript	2026-08-28T05:23:03.0611386Z #define FILE_COMPLETE_IF_OPLOCKED               0x00000100
windows	Build the native Windows release provider and TypeScript	2026-08-28T05:23:03.0612984Z #define FILE_NO_EA_KNOWLEDGE                    0x00000200
windows	Build the native Windows release provider and TypeScript	2026-08-28T05:23:03.0614480Z #define FILE_OPEN_REMOTE_INSTANCE               0x00000400
windows	Build the native Windows release provider and TypeScript	2026-08-28T05:23:03.0615810Z #define FILE_RANDOM_ACCESS                      0x00000800
windows	Build the native Windows release provider and TypeScript	2026-08-28T05:23:03.0616889Z 
windows	Build the native Windows release provider and TypeScript	2026-08-28T05:23:03.0618625Z #define FILE_DELETE_ON_CLOSE                    0x00001000
windows	Build the native Windows release provider and TypeScript	2026-08-28T05:23:03.0620019Z #define FILE_OPEN_BY_FILE_ID                    0x00002000
windows	Build the native Windows release provider and TypeScript	2026-08-28T05:23:03.0621417Z #define FILE_OPEN_FOR_BACKUP_INTENT             0x00004000
windows	Build the native Windows release provider and TypeScript	2026-08-28T05:23:03.0623236Z #define FILE_NO_COMPRESSION                     0x00008000
windows	Build the native Windows release provider and TypeScript	2026-08-28T05:23:03.0624999Z 
windows	Build the native Windows release provider and TypeScript	2026-08-28T05:23:03.0627431Z #if (_WIN32_WINNT >= _WIN32_WINNT_WIN7)
windows	Build the native Windows release provider and TypeScript	2026-08-28T05:23:03.0628484Z --- um/winternl.h line 1007 ---
windows	Build the native Windows release provider and TypeScript	2026-08-28T05:23:03.0629952Z #define FILE_SYNCHRONOUS_IO_ALERT               0x00000010
windows	Build the native Windows release provider and TypeScript	2026-08-28T05:23:03.0631250Z #define FILE_SYNCHRONOUS_IO_NONALERT            0x00000020
windows	Build the native Windows release provider and TypeScript	2026-08-28T05:23:03.0632524Z #define FILE_NON_DIRECTORY_FILE                 0x00000040
windows	Build the native Windows release provider and TypeScript	2026-08-28T05:23:03.0634218Z #define FILE_CREATE_TREE_CONNECTION             0x00000080
windows	Build the native Windows release provider and TypeScript	2026-08-28T05:23:03.0635277Z 
windows	Build the native Windows release provider and TypeScript	2026-08-28T05:23:03.0636821Z #define FILE_COMPLETE_IF_OPLOCKED               0x00000100
windows	Build the native Windows release provider and TypeScript	2026-08-28T05:23:03.0639261Z #define FILE_NO_EA_KNOWLEDGE                    0x00000200
windows	Build the native Windows release provider and TypeScript	2026-08-28T05:23:03.0641013Z #define FILE_OPEN_REMOTE_INSTANCE               0x00000400
windows	Build the native Windows release provider and TypeScript	2026-08-28T05:23:03.0642723Z #define FILE_RANDOM_ACCESS                      0x00000800
windows	Build the native Windows release provider and TypeScript	2026-08-28T05:23:03.0643672Z 
windows	Build the native Windows release provider and TypeScript	2026-08-28T05:23:03.0645301Z #define FILE_DELETE_ON_CLOSE                    0x00001000
windows	Build the native Windows release provider and TypeScript	2026-08-28T05:23:03.0646620Z #define FILE_OPEN_BY_FILE_ID                    0x00002000
windows	Build the native Windows release provider and TypeScript	2026-08-28T05:23:03.0647920Z #define FILE_OPEN_FOR_BACKUP_INTENT             0x00004000
windows	Build the native Windows release provider and TypeScript	2026-08-28T05:23:03.0649393Z #define FILE_NO_COMPRESSION                     0x00008000
windows	Build the native Windows release provider and TypeScript	2026-08-28T05:23:03.0650209Z 
windows	Build the native Windows release provider and TypeScript	2026-08-28T05:23:03.0651763Z #if (_WIN32_WINNT >= _WIN32_WINNT_WIN7)
windows	Build the native Windows release provider and TypeScript	2026-08-28T05:23:03.0653397Z #define FILE_OPEN_REQUIRING_OPLOCK              0x00010000
windows	Build the native Windows release provider and TypeScript	2026-08-28T05:23:03.0654661Z #endif
windows	Build the native Windows release provider and TypeScript	2026-08-28T05:23:03.0655572Z 
windows	Build the native Windows release provider and TypeScript	2026-08-28T05:23:03.0657180Z #define FILE_RESERVE_OPFILTER                   0x00100000
windows	Build the native Windows release provider and TypeScript	2026-08-28T05:23:03.0658610Z #define FILE_OPEN_REPARSE_POINT                 0x00200000
windows	Build the native Windows release provider and TypeScript	2026-08-28T05:23:03.0660080Z #define FILE_OPEN_NO_RECALL                     0x00400000
windows	Build the native Windows release provider and TypeScript	2026-08-28T05:23:03.0661394Z #define FILE_OPEN_FOR_FREE_SPACE_QUERY          0x00800000
windows	Build the native Windows release provider and TypeScript	2026-08-28T05:23:03.0662348Z 
windows	Build the native Windows release provider and TypeScript	2026-08-28T05:23:03.0663999Z #define FILE_VALID_OPTION_FLAGS                 0x00ffffff
windows	Build the native Windows release provider and TypeScript	2026-08-28T05:23:03.0665332Z #define FILE_VALID_PIPE_OPTION_FLAGS            0x00000032
windows	Build the native Windows release provider and TypeScript	2026-08-28T05:23:03.0666801Z #define FILE_VALID_MAILSLOT_OPTION_FLAGS        0x00000032
windows	Build the native Windows release provider and TypeScript	2026-08-28T05:23:03.0667978Z #define FILE_VALID_SET_FLAGS                    0x00000036
windows	Build the native Windows release provider and TypeScript	2026-08-28T05:23:03.0668842Z 
windows	Build the native Windows release provider and TypeScript	2026-08-28T05:23:03.0670496Z //
windows	Build the native Windows release provider and TypeScript	2026-08-28T05:23:03.0672062Z // Define the I/O status information return values for NtCreateFile/NtOpenFile
windows	Build the native Windows release provider and TypeScript	2026-08-28T05:23:03.0673628Z --- um/winternl.h line 1026 ---
windows	Build the native Windows release provider and TypeScript	2026-08-28T05:23:03.0676480Z #define FILE_RESERVE_OPFILTER                   0x00100000
windows	Build the native Windows release provider and TypeScript	2026-08-28T05:23:03.0677936Z #define FILE_OPEN_REPARSE_POINT                 0x00200000
windows	Build the native Windows release provider and TypeScript	2026-08-28T05:23:03.0679344Z #define FILE_OPEN_NO_RECALL                     0x00400000
windows	Build the native Windows release provider and TypeScript	2026-08-28T05:23:03.0680740Z #define FILE_OPEN_FOR_FREE_SPACE_QUERY          0x00800000
windows	Build the native Windows release provider and TypeScript	2026-08-28T05:23:03.0681646Z 
windows	Build the native Windows release provider and TypeScript	2026-08-28T05:23:03.0683242Z #define FILE_VALID_OPTION_FLAGS                 0x00ffffff
windows	Build the native Windows release provider and TypeScript	2026-08-28T05:23:03.0684738Z #define FILE_VALID_PIPE_OPTION_FLAGS            0x00000032
windows	Build the native Windows release provider and TypeScript	2026-08-28T05:23:03.0686051Z #define FILE_VALID_MAILSLOT_OPTION_FLAGS        0x00000032
windows	Build the native Windows release provider and TypeScript	2026-08-28T05:23:03.0687375Z #define FILE_VALID_SET_FLAGS                    0x00000036
windows	Build the native Windows release provider and TypeScript	2026-08-28T05:23:03.0688225Z 
windows	Build the native Windows release provider and TypeScript	2026-08-28T05:23:03.0689459Z //
windows	Build the native Windows release provider and TypeScript	2026-08-28T05:23:03.0691030Z // Define the I/O status information return values for NtCreateFile/NtOpenFile
windows	Build the native Windows release provider and TypeScript	2026-08-28T05:23:03.0692327Z //
windows	Build the native Windows release provider and TypeScript	2026-08-28T05:23:03.0694060Z 
windows	Build the native Windows release provider and TypeScript	2026-08-28T05:23:03.0696270Z #define FILE_SUPERSEDED                 0x00000000
windows	Build the native Windows release provider and TypeScript	2026-08-28T05:23:03.0698020Z #define FILE_OPENED                     0x00000001
windows	Build the native Windows release provider and TypeScript	2026-08-28T05:23:03.0699779Z #define FILE_CREATED                    0x00000002
windows	Build the native Windows release provider and TypeScript	2026-08-28T05:23:03.0701167Z #define FILE_OVERWRITTEN                0x00000003
windows	Build the native Windows release provider and TypeScript	2026-08-28T05:23:03.0702725Z #define FILE_EXISTS                     0x00000004
windows	Build the native Windows release provider and TypeScript	2026-08-28T05:23:03.0704087Z #define FILE_DOES_NOT_EXIST             0x00000005
windows	Build the native Windows release provider and TypeScript	2026-08-28T05:23:03.0705190Z 
windows	Build the native Windows release provider and TypeScript	2026-08-28T05:23:03.0708245Z #ifndef __os_arm64x_get_x64_information
windows	Build the native Windows release provider and TypeScript	2026-08-28T05:23:03.0710114Z #define __os_arm64x_get_x64_information __os_arm64x_rdtsc
windows	Build the native Windows release provider and TypeScript	2026-08-28T05:23:03.0711579Z #endif
windows	Build the native Windows release provider and TypeScript	2026-08-28T05:23:03.0713162Z #ifndef __os_arm64x_set_x64_information
windows	Build the native Windows release provider and TypeScript	2026-08-28T05:23:03.0714987Z #define __os_arm64x_set_x64_information __os_arm64x_cpuidex
windows	Build the native Windows release provider and TypeScript	2026-08-28T05:23:03.0716346Z #endif
windows	Build the native Windows release provider and TypeScript	2026-08-28T05:23:03.0717222Z 
windows	Build the native Windows release provider and TypeScript	2026-08-28T05:23:03.0718866Z #ifdef __cplusplus
windows	Build the native Windows release provider and TypeScript	2026-08-28T05:23:03.0720035Z }
windows	Build the native Windows release provider and TypeScript	2026-08-28T05:23:03.0721353Z #endif
windows	Build the native Windows release provider and TypeScript	2026-08-28T05:23:03.0722570Z --- um/winternl.h line 1036 ---
windows	Build the native Windows release provider and TypeScript	2026-08-28T05:23:03.0723909Z //
windows	Build the native Windows release provider and TypeScript	2026-08-28T05:23:03.0725443Z // Define the I/O status information return values for NtCreateFile/NtOpenFile
windows	Build the native Windows release provider and TypeScript	2026-08-28T05:23:03.0726852Z //
windows	Build the native Windows release provider and TypeScript	2026-08-28T05:23:03.0728285Z 
windows	Build the native Windows release provider and TypeScript	2026-08-28T05:23:03.0731134Z #define FILE_SUPERSEDED                 0x00000000
windows	Build the native Windows release provider and TypeScript	2026-08-28T05:23:03.0732431Z #define FILE_OPENED                     0x00000001
windows	Build the native Windows release provider and TypeScript	2026-08-28T05:23:03.0735178Z #define FILE_CREATED                    0x00000002
windows	Build the native Windows release provider and TypeScript	2026-08-28T05:23:03.0736612Z #define FILE_OVERWRITTEN                0x00000003
windows	Build the native Windows release provider and TypeScript	2026-08-28T05:23:03.0737993Z #define FILE_EXISTS                     0x00000004
windows	Build the native Windows release provider and TypeScript	2026-08-28T05:23:03.0739137Z #define FILE_DOES_NOT_EXIST             0x00000005
windows	Build the native Windows release provider and TypeScript	2026-08-28T05:23:03.0740185Z 
windows	Build the native Windows release provider and TypeScript	2026-08-28T05:23:03.0741609Z #ifndef __os_arm64x_get_x64_information
windows	Build the native Windows release provider and TypeScript	2026-08-28T05:23:03.0743043Z #define __os_arm64x_get_x64_information __os_arm64x_rdtsc
windows	Build the native Windows release provider and TypeScript	2026-08-28T05:23:03.0744647Z #endif
windows	Build the native Windows release provider and TypeScript	2026-08-28T05:23:03.0746266Z #ifndef __os_arm64x_set_x64_information
windows	Build the native Windows release provider and TypeScript	2026-08-28T05:23:03.0748197Z #define __os_arm64x_set_x64_information __os_arm64x_cpuidex
windows	Build the native Windows release provider and TypeScript	2026-08-28T05:23:03.0749470Z #endif
windows	Build the native Windows release provider and TypeScript	2026-08-28T05:23:03.0750634Z 
windows	Build the native Windows release provider and TypeScript	2026-08-28T05:23:03.0752869Z #ifdef __cplusplus
windows	Build the native Windows release provider and TypeScript	2026-08-28T05:23:03.0754866Z }
windows	Build the native Windows release provider and TypeScript	2026-08-28T05:23:03.0756299Z #endif
windows	Build the native Windows release provider and TypeScript	2026-08-28T05:23:03.0758198Z 
windows	Build the native Windows release provider and TypeScript	2026-08-28T05:23:03.0760247Z #endif // (_WIN32_WINNT >= 0x0500)
windows	Build the native Windows release provider and TypeScript	2026-08-28T05:23:03.0761133Z 
windows	Build the native Windows release provider and TypeScript	2026-08-28T05:23:03.0762528Z 
windows	Build the native Windows release provider and TypeScript	2026-08-28T05:23:03.0764356Z #endif /* WINAPI_FAMILY_PARTITION(WINAPI_PARTITION_DESKTOP | WINAPI_PARTITION_SYSTEM) */
windows	Build the native Windows release provider and TypeScript	2026-08-28T05:23:03.0765493Z #pragma endregion
windows	Build the native Windows release provider and TypeScript	2026-08-28T05:23:03.0766336Z 
windows	Build the native Windows release provider and TypeScript	2026-08-28T05:23:03.0767611Z #endif // _WINTERNL_
windows	Build the native Windows release provider and TypeScript	2026-08-28T05:23:03.0769062Z --- um/WinBase.h line 9104 ---
windows	Build the native Windows release provider and TypeScript	2026-08-28T05:23:03.0770270Z #if (_WIN32_WINNT >= _WIN32_WINNT_WIN10_RS1)
windows	Build the native Windows release provider and TypeScript	2026-08-28T05:23:03.0772089Z #define FILE_RENAME_FLAG_REPLACE_IF_EXISTS                  0x00000001
windows	Build the native Windows release provider and TypeScript	2026-08-28T05:23:03.0773231Z #define FILE_RENAME_FLAG_POSIX_SEMANTICS                    0x00000002
windows	Build the native Windows release provider and TypeScript	2026-08-28T05:23:03.0774843Z #endif
windows	Build the native Windows release provider and TypeScript	2026-08-28T05:23:03.0775653Z 
windows	Build the native Windows release provider and TypeScript	2026-08-28T05:23:03.0802507Z #if (_WIN32_WINNT >= _WIN32_WINNT_WIN10_RS3)
windows	Build the native Windows release provider and TypeScript	2026-08-28T05:23:03.0803410Z #define FILE_RENAME_FLAG_SUPPRESS_PIN_STATE_INHERITANCE     0x00000004
windows	Build the native Windows release provider and TypeScript	2026-08-28T05:23:03.0805614Z #endif
windows	Build the native Windows release provider and TypeScript	2026-08-28T05:23:03.0806870Z 
windows	Build the native Windows release provider and TypeScript	2026-08-28T05:23:03.0808670Z typedef struct _FILE_RENAME_INFO {
windows	Build the native Windows release provider and TypeScript	2026-08-28T05:23:03.0809966Z #if (_WIN32_WINNT >= _WIN32_WINNT_WIN10_RS1)
windows	Build the native Windows release provider and TypeScript	2026-08-28T05:23:03.0811215Z     union {
windows	Build the native Windows release provider and TypeScript	2026-08-28T05:23:03.0812677Z         BOOLEAN ReplaceIfExists;  // FileRenameInfo
windows	Build the native Windows release provider and TypeScript	2026-08-28T05:23:03.0813885Z         DWORD Flags;              // FileRenameInfoEx
windows	Build the native Windows release provider and TypeScript	2026-08-28T05:23:03.0815115Z     } DUMMYUNIONNAME;
windows	Build the native Windows release provider and TypeScript	2026-08-28T05:23:03.0816401Z #else
windows	Build the native Windows release provider and TypeScript	2026-08-28T05:23:03.0818047Z     BOOLEAN ReplaceIfExists;
windows	Build the native Windows release provider and TypeScript	2026-08-28T05:23:03.0819127Z #endif
windows	Build the native Windows release provider and TypeScript	2026-08-28T05:23:03.0820702Z     HANDLE RootDirectory;
windows	Build the native Windows release provider and TypeScript	2026-08-28T05:23:03.0822286Z     DWORD FileNameLength;
windows	Build the native Windows release provider and TypeScript	2026-08-28T05:23:03.0823496Z     WCHAR FileName[1];
windows	Build the native Windows release provider and TypeScript	2026-08-28T05:23:03.0824928Z } FILE_RENAME_INFO, *PFILE_RENAME_INFO;
windows	Build the native Windows release provider and TypeScript	2026-08-28T05:23:03.0825792Z 
windows	Build the native Windows release provider and TypeScript	2026-08-28T05:23:03.0827117Z typedef struct _FILE_ALLOCATION_INFO {
windows	Build the native Windows release provider and TypeScript	2026-08-28T05:23:03.0828499Z     LARGE_INTEGER AllocationSize;
windows	Build the native Windows release provider and TypeScript	2026-08-28T05:23:03.0829751Z } FILE_ALLOCATION_INFO, *PFILE_ALLOCATION_INFO;
windows	Build the native Windows release provider and TypeScript	2026-08-28T05:23:03.0832450Z 
windows	Build the native Windows release provider and TypeScript	2026-08-28T05:23:03.0834388Z typedef struct _FILE_END_OF_FILE_INFO {
windows	Build the native Windows release provider and TypeScript	2026-08-28T05:23:03.0835610Z     LARGE_INTEGER EndOfFile;
windows	Build the native Windows release provider and TypeScript	2026-08-28T05:23:03.0837420Z } FILE_END_OF_FILE_INFO, *PFILE_END_OF_FILE_INFO;
windows	Build the native Windows release provider and TypeScript	2026-08-28T05:23:03.0838884Z 
windows	Build the native Windows release provider and TypeScript	2026-08-28T05:23:03.0841259Z --- um/WinBase.h line 9105 ---
windows	Build the native Windows release provider and TypeScript	2026-08-28T05:23:03.0842548Z #define FILE_RENAME_FLAG_REPLACE_IF_EXISTS                  0x00000001
windows	Build the native Windows release provider and TypeScript	2026-08-28T05:23:03.0844061Z #define FILE_RENAME_FLAG_POSIX_SEMANTICS                    0x00000002
windows	Build the native Windows release provider and TypeScript	2026-08-28T05:23:03.0845521Z #endif
windows	Build the native Windows release provider and TypeScript	2026-08-28T05:23:03.0846409Z 
windows	Build the native Windows release provider and TypeScript	2026-08-28T05:23:03.0848998Z #if (_WIN32_WINNT >= _WIN32_WINNT_WIN10_RS3)
windows	Build the native Windows release provider and TypeScript	2026-08-28T05:23:03.0850249Z #define FILE_RENAME_FLAG_SUPPRESS_PIN_STATE_INHERITANCE     0x00000004
windows	Build the native Windows release provider and TypeScript	2026-08-28T05:23:03.0851590Z #endif
windows	Build the native Windows release provider and TypeScript	2026-08-28T05:23:03.0853109Z 
windows	Build the native Windows release provider and TypeScript	2026-08-28T05:23:03.0855392Z typedef struct _FILE_RENAME_INFO {
windows	Build the native Windows release provider and TypeScript	2026-08-28T05:23:03.0857284Z #if (_WIN32_WINNT >= _WIN32_WINNT_WIN10_RS1)
windows	Build the native Windows release provider and TypeScript	2026-08-28T05:23:03.0860591Z     union {
windows	Build the native Windows release provider and TypeScript	2026-08-28T05:23:03.0861893Z         BOOLEAN ReplaceIfExists;  // FileRenameInfo
windows	Build the native Windows release provider and TypeScript	2026-08-28T05:23:03.0863580Z         DWORD Flags;              // FileRenameInfoEx
windows	Build the native Windows release provider and TypeScript	2026-08-28T05:23:03.0865189Z     } DUMMYUNIONNAME;
windows	Build the native Windows release provider and TypeScript	2026-08-28T05:23:03.0866793Z #else
windows	Build the native Windows release provider and TypeScript	2026-08-28T05:23:03.0868360Z     BOOLEAN ReplaceIfExists;
windows	Build the native Windows release provider and TypeScript	2026-08-28T05:23:03.0869749Z #endif
windows	Build the native Windows release provider and TypeScript	2026-08-28T05:23:03.0871201Z     HANDLE RootDirectory;
windows	Build the native Windows release provider and TypeScript	2026-08-28T05:23:03.0872498Z     DWORD FileNameLength;
windows	Build the native Windows release provider and TypeScript	2026-08-28T05:23:03.0874636Z     WCHAR FileName[1];
windows	Build the native Windows release provider and TypeScript	2026-08-28T05:23:03.0875266Z } FILE_RENAME_INFO, *PFILE_RENAME_INFO;
windows	Build the native Windows release provider and TypeScript	2026-08-28T05:23:03.0876869Z 
windows	Build the native Windows release provider and TypeScript	2026-08-28T05:23:03.0878862Z typedef struct _FILE_ALLOCATION_INFO {
windows	Build the native Windows release provider and TypeScript	2026-08-28T05:23:03.0879770Z     LARGE_INTEGER AllocationSize;
windows	Build the native Windows release provider and TypeScript	2026-08-28T05:23:03.0880460Z } FILE_ALLOCATION_INFO, *PFILE_ALLOCATION_INFO;
windows	Build the native Windows release provider and TypeScript	2026-08-28T05:23:03.0882319Z 
windows	Build the native Windows release provider and TypeScript	2026-08-28T05:23:03.0884078Z typedef struct _FILE_END_OF_FILE_INFO {
windows	Build the native Windows release provider and TypeScript	2026-08-28T05:23:03.0885528Z     LARGE_INTEGER EndOfFile;
windows	Build the native Windows release provider and TypeScript	2026-08-28T05:23:03.0887098Z } FILE_END_OF_FILE_INFO, *PFILE_END_OF_FILE_INFO;
windows	Build the native Windows release provider and TypeScript	2026-08-28T05:23:03.0888024Z 
windows	Build the native Windows release provider and TypeScript	2026-08-28T05:23:03.0889735Z typedef struct _FILE_STREAM_INFO {
windows	Build the native Windows release provider and TypeScript	2026-08-28T05:23:03.0891231Z --- um/WinBase.h line 9109 ---
windows	Build the native Windows release provider and TypeScript	2026-08-28T05:23:03.0892728Z #if (_WIN32_WINNT >= _WIN32_WINNT_WIN10_RS3)
windows	Build the native Windows release provider and TypeScript	2026-08-28T05:23:03.0894274Z #define FILE_RENAME_FLAG_SUPPRESS_PIN_STATE_INHERITANCE     0x00000004
windows	Build the native Windows release provider and TypeScript	2026-08-28T05:23:03.0896682Z #endif
windows	Build the native Windows release provider and TypeScript	2026-08-28T05:23:03.0899065Z 
windows	Build the native Windows release provider and TypeScript	2026-08-28T05:23:03.0901443Z typedef struct _FILE_RENAME_INFO {
windows	Build the native Windows release provider and TypeScript	2026-08-28T05:23:03.0902007Z #if (_WIN32_WINNT >= _WIN32_WINNT_WIN10_RS1)
windows	Build the native Windows release provider and TypeScript	2026-08-28T05:23:03.0902878Z     union {
windows	Build the native Windows release provider and TypeScript	2026-08-28T05:23:03.0904795Z         BOOLEAN ReplaceIfExists;  // FileRenameInfo
windows	Build the native Windows release provider and TypeScript	2026-08-28T05:23:03.0906301Z         DWORD Flags;              // FileRenameInfoEx
windows	Build the native Windows release provider and TypeScript	2026-08-28T05:23:03.0907672Z     } DUMMYUNIONNAME;
windows	Build the native Windows release provider and TypeScript	2026-08-28T05:23:03.0909198Z #else
windows	Build the native Windows release provider and TypeScript	2026-08-28T05:23:03.0911257Z     BOOLEAN ReplaceIfExists;
windows	Build the native Windows release provider and TypeScript	2026-08-28T05:23:03.0912370Z #endif
windows	Build the native Windows release provider and TypeScript	2026-08-28T05:23:03.0914477Z     HANDLE RootDirectory;
windows	Build the native Windows release provider and TypeScript	2026-08-28T05:23:03.0915117Z     DWORD FileNameLength;
windows	Build the native Windows release provider and TypeScript	2026-08-28T05:23:03.0917813Z     WCHAR FileName[1];
windows	Build the native Windows release provider and TypeScript	2026-08-28T05:23:03.0919673Z } FILE_RENAME_INFO, *PFILE_RENAME_INFO;
windows	Build the native Windows release provider and TypeScript	2026-08-28T05:23:03.0920420Z 
windows	Build the native Windows release provider and TypeScript	2026-08-28T05:23:03.0923041Z typedef struct _FILE_ALLOCATION_INFO {
windows	Build the native Windows release provider and TypeScript	2026-08-28T05:23:03.0924530Z     LARGE_INTEGER AllocationSize;
windows	Build the native Windows release provider and TypeScript	2026-08-28T05:23:03.0926245Z } FILE_ALLOCATION_INFO, *PFILE_ALLOCATION_INFO;
windows	Build the native Windows release provider and TypeScript	2026-08-28T05:23:03.0927251Z 
windows	Build the native Windows release provider and TypeScript	2026-08-28T05:23:03.0929077Z typedef struct _FILE_END_OF_FILE_INFO {
windows	Build the native Windows release provider and TypeScript	2026-08-28T05:23:03.0930229Z     LARGE_INTEGER EndOfFile;
windows	Build the native Windows release provider and TypeScript	2026-08-28T05:23:03.0933133Z } FILE_END_OF_FILE_INFO, *PFILE_END_OF_FILE_INFO;
windows	Build the native Windows release provider and TypeScript	2026-08-28T05:23:03.0934480Z 
windows	Build the native Windows release provider and TypeScript	2026-08-28T05:23:03.0936243Z typedef struct _FILE_STREAM_INFO {
windows	Build the native Windows release provider and TypeScript	2026-08-28T05:23:03.0937717Z     DWORD NextEntryOffset;
windows	Build the native Windows release provider and TypeScript	2026-08-28T05:23:03.0939278Z     DWORD StreamNameLength;
windows	Build the native Windows release provider and TypeScript	2026-08-28T05:23:03.0940842Z     LARGE_INTEGER StreamSize;
windows	Build the native Windows release provider and TypeScript	2026-08-28T05:23:03.0942355Z     LARGE_INTEGER StreamAllocationSize;
windows	Build the native Windows release provider and TypeScript	2026-08-28T05:23:03.0943748Z --- um/WinBase.h line 9112 ---
windows	Build the native Windows release provider and TypeScript	2026-08-28T05:23:03.0945003Z 
windows	Build the native Windows release provider and TypeScript	2026-08-28T05:23:03.0946744Z typedef struct _FILE_RENAME_INFO {
windows	Build the native Windows release provider and TypeScript	2026-08-28T05:23:03.0948292Z #if (_WIN32_WINNT >= _WIN32_WINNT_WIN10_RS1)
windows	Build the native Windows release provider and TypeScript	2026-08-28T05:23:03.0949754Z     union {
windows	Build the native Windows release provider and TypeScript	2026-08-28T05:23:03.0951310Z         BOOLEAN ReplaceIfExists;  // FileRenameInfo
windows	Build the native Windows release provider and TypeScript	2026-08-28T05:23:03.0952975Z         DWORD Flags;              // FileRenameInfoEx
windows	Build the native Windows release provider and TypeScript	2026-08-28T05:23:03.0954203Z     } DUMMYUNIONNAME;
windows	Build the native Windows release provider and TypeScript	2026-08-28T05:23:03.0955989Z #else
windows	Build the native Windows release provider and TypeScript	2026-08-28T05:23:03.0957518Z     BOOLEAN ReplaceIfExists;
windows	Build the native Windows release provider and TypeScript	2026-08-28T05:23:03.0959008Z #endif
windows	Build the native Windows release provider and TypeScript	2026-08-28T05:23:03.0960338Z     HANDLE RootDirectory;
windows	Build the native Windows release provider and TypeScript	2026-08-28T05:23:03.0961807Z     DWORD FileNameLength;
windows	Build the native Windows release provider and TypeScript	2026-08-28T05:23:03.0963033Z     WCHAR FileName[1];
windows	Build the native Windows release provider and TypeScript	2026-08-28T05:23:03.0964579Z } FILE_RENAME_INFO, *PFILE_RENAME_INFO;
windows	Build the native Windows release provider and TypeScript	2026-08-28T05:23:03.0965965Z 
windows	Build the native Windows release provider and TypeScript	2026-08-28T05:23:03.0966843Z typedef struct _FILE_ALLOCATION_INFO {
windows	Build the native Windows release provider and TypeScript	2026-08-28T05:23:03.0968601Z     LARGE_INTEGER AllocationSize;
windows	Build the native Windows release provider and TypeScript	2026-08-28T05:23:03.0970101Z } FILE_ALLOCATION_INFO, *PFILE_ALLOCATION_INFO;
windows	Build the native Windows release provider and TypeScript	2026-08-28T05:23:03.0971267Z 
windows	Build the native Windows release provider and TypeScript	2026-08-28T05:23:03.0973235Z typedef struct _FILE_END_OF_FILE_INFO {
windows	Build the native Windows release provider and TypeScript	2026-08-28T05:23:03.0975237Z     LARGE_INTEGER EndOfFile;
windows	Build the native Windows release provider and TypeScript	2026-08-28T05:23:03.0977678Z } FILE_END_OF_FILE_INFO, *PFILE_END_OF_FILE_INFO;
windows	Build the native Windows release provider and TypeScript	2026-08-28T05:23:03.0978769Z 
windows	Build the native Windows release provider and TypeScript	2026-08-28T05:23:03.0980665Z typedef struct _FILE_STREAM_INFO {
windows	Build the native Windows release provider and TypeScript	2026-08-28T05:23:03.0982815Z     DWORD NextEntryOffset;
windows	Build the native Windows release provider and TypeScript	2026-08-28T05:23:03.0984393Z     DWORD StreamNameLength;
windows	Build the native Windows release provider and TypeScript	2026-08-28T05:23:03.0985772Z     LARGE_INTEGER StreamSize;
windows	Build the native Windows release provider and TypeScript	2026-08-28T05:23:03.0987325Z     LARGE_INTEGER StreamAllocationSize;
windows	Build the native Windows release provider and TypeScript	2026-08-28T05:23:03.0988721Z     WCHAR StreamName[1];
windows	Build the native Windows release provider and TypeScript	2026-08-28T05:23:03.0990260Z } FILE_STREAM_INFO, *PFILE_STREAM_INFO;
windows	Build the native Windows release provider and TypeScript	2026-08-28T05:23:03.0991534Z 
windows	Build the native Windows release provider and TypeScript	2026-08-28T05:23:03.0993297Z --- um/WinBase.h line 9116 ---
windows	Build the native Windows release provider and TypeScript	2026-08-28T05:23:03.0994763Z         BOOLEAN ReplaceIfExists;  // FileRenameInfo
windows	Build the native Windows release provider and TypeScript	2026-08-28T05:23:03.0996753Z         DWORD Flags;              // FileRenameInfoEx
windows	Build the native Windows release provider and TypeScript	2026-08-28T05:23:03.0998154Z     } DUMMYUNIONNAME;
windows	Build the native Windows release provider and TypeScript	2026-08-28T05:23:03.0999260Z #else
windows	Build the native Windows release provider and TypeScript	2026-08-28T05:23:03.1000455Z     BOOLEAN ReplaceIfExists;
windows	Build the native Windows release provider and TypeScript	2026-08-28T05:23:03.1002156Z #endif
windows	Build the native Windows release provider and TypeScript	2026-08-28T05:23:03.1003403Z     HANDLE RootDirectory;
windows	Build the native Windows release provider and TypeScript	2026-08-28T05:23:03.1004904Z     DWORD FileNameLength;
windows	Build the native Windows release provider and TypeScript	2026-08-28T05:23:03.1006393Z     WCHAR FileName[1];
windows	Build the native Windows release provider and TypeScript	2026-08-28T05:23:03.1007983Z } FILE_RENAME_INFO, *PFILE_RENAME_INFO;
windows	Build the native Windows release provider and TypeScript	2026-08-28T05:23:03.1009254Z 
windows	Build the native Windows release provider and TypeScript	2026-08-28T05:23:03.1010812Z typedef struct _FILE_ALLOCATION_INFO {
windows	Build the native Windows release provider and TypeScript	2026-08-28T05:23:03.1012293Z     LARGE_INTEGER AllocationSize;
windows	Build the native Windows release provider and TypeScript	2026-08-28T05:23:03.1013935Z } FILE_ALLOCATION_INFO, *PFILE_ALLOCATION_INFO;
windows	Build the native Windows release provider and TypeScript	2026-08-28T05:23:03.1014322Z 
windows	Build the native Windows release provider and TypeScript	2026-08-28T05:23:03.1016274Z typedef struct _FILE_END_OF_FILE_INFO {
windows	Build the native Windows release provider and TypeScript	2026-08-28T05:23:03.1018520Z     LARGE_INTEGER EndOfFile;
windows	Build the native Windows release provider and TypeScript	2026-08-28T05:23:03.1019904Z } FILE_END_OF_FILE_INFO, *PFILE_END_OF_FILE_INFO;
windows	Build the native Windows release provider and TypeScript	2026-08-28T05:23:03.1021059Z 
windows	Build the native Windows release provider and TypeScript	2026-08-28T05:23:03.1022691Z typedef struct _FILE_STREAM_INFO {
windows	Build the native Windows release provider and TypeScript	2026-08-28T05:23:03.1024085Z     DWORD NextEntryOffset;
windows	Build the native Windows release provider and TypeScript	2026-08-28T05:23:03.1025545Z     DWORD StreamNameLength;
windows	Build the native Windows release provider and TypeScript	2026-08-28T05:23:03.1026808Z     LARGE_INTEGER StreamSize;
windows	Build the native Windows release provider and TypeScript	2026-08-28T05:23:03.1028436Z     LARGE_INTEGER StreamAllocationSize;
windows	Build the native Windows release provider and TypeScript	2026-08-28T05:23:03.1029759Z     WCHAR StreamName[1];
windows	Build the native Windows release provider and TypeScript	2026-08-28T05:23:03.1032325Z } FILE_STREAM_INFO, *PFILE_STREAM_INFO;
windows	Build the native Windows release provider and TypeScript	2026-08-28T05:23:03.1033454Z 
windows	Build the native Windows release provider and TypeScript	2026-08-28T05:23:03.1035123Z typedef struct _FILE_COMPRESSION_INFO {
windows	Build the native Windows release provider and TypeScript	2026-08-28T05:23:03.1036981Z     LARGE_INTEGER CompressedFileSize;
windows	Build the native Windows release provider and TypeScript	2026-08-28T05:23:03.1038199Z     WORD CompressionFormat;
windows	Build the native Windows release provider and TypeScript	2026-08-28T05:23:03.1039741Z     UCHAR CompressionUnitShift;
windows	Build the native Windows release provider and TypeScript	2026-08-28T05:23:03.1041118Z --- um/WinBase.h line 9156 ---
windows	Build the native Windows release provider and TypeScript	2026-08-28T05:23:03.1042367Z 
windows	Build the native Windows release provider and TypeScript	2026-08-28T05:23:03.1044075Z typedef struct _FILE_DISPOSITION_INFO {
windows	Build the native Windows release provider and TypeScript	2026-08-28T05:23:03.1045553Z     BOOLEAN DeleteFile;
windows	Build the native Windows release provider and TypeScript	2026-08-28T05:23:03.1047122Z } FILE_DISPOSITION_INFO, *PFILE_DISPOSITION_INFO;
windows	Build the native Windows release provider and TypeScript	2026-08-28T05:23:03.1048206Z 
windows	Build the native Windows release provider and TypeScript	2026-08-28T05:23:03.1050002Z #if (_WIN32_WINNT >= _WIN32_WINNT_WIN10_RS1)
windows	Build the native Windows release provider and TypeScript	2026-08-28T05:23:03.1052706Z #define FILE_DISPOSITION_FLAG_DO_NOT_DELETE              0x00000000
windows	Build the native Windows release provider and TypeScript	2026-08-28T05:23:03.1053913Z #define FILE_DISPOSITION_FLAG_DELETE                     0x00000001
windows	Build the native Windows release provider and TypeScript	2026-08-28T05:23:03.1056118Z #define FILE_DISPOSITION_FLAG_POSIX_SEMANTICS            0x00000002
windows	Build the native Windows release provider and TypeScript	2026-08-28T05:23:03.1056801Z #define FILE_DISPOSITION_FLAG_FORCE_IMAGE_SECTION_CHECK  0x00000004
windows	Build the native Windows release provider and TypeScript	2026-08-28T05:23:03.1058304Z #define FILE_DISPOSITION_FLAG_ON_CLOSE                   0x00000008
windows	Build the native Windows release provider and TypeScript	2026-08-28T05:23:03.1060468Z #if (_WIN32_WINNT >= _WIN32_WINNT_WIN10_RS5)
windows	Build the native Windows release provider and TypeScript	2026-08-28T05:23:03.1062111Z #define FILE_DISPOSITION_FLAG_IGNORE_READONLY_ATTRIBUTE  0x00000010
windows	Build the native Windows release provider and TypeScript	2026-08-28T05:23:03.1063566Z #endif
windows	Build the native Windows release provider and TypeScript	2026-08-28T05:23:03.1064716Z 
windows	Build the native Windows release provider and TypeScript	2026-08-28T05:23:03.1066458Z typedef struct _FILE_DISPOSITION_INFO_EX {
windows	Build the native Windows release provider and TypeScript	2026-08-28T05:23:03.1068307Z     DWORD Flags;
windows	Build the native Windows release provider and TypeScript	2026-08-28T05:23:03.1069632Z } FILE_DISPOSITION_INFO_EX, *PFILE_DISPOSITION_INFO_EX;
windows	Build the native Windows release provider and TypeScript	2026-08-28T05:23:03.1071136Z #endif
windows	Build the native Windows release provider and TypeScript	2026-08-28T05:23:03.1072777Z 
windows	Build the native Windows release provider and TypeScript	2026-08-28T05:23:03.1075722Z typedef struct _FILE_ID_BOTH_DIR_INFO {
windows	Build the native Windows release provider and TypeScript	2026-08-28T05:23:03.1077213Z     DWORD NextEntryOffset;
windows	Build the native Windows release provider and TypeScript	2026-08-28T05:23:03.1078850Z     DWORD FileIndex;
windows	Build the native Windows release provider and TypeScript	2026-08-28T05:23:03.1080281Z     LARGE_INTEGER CreationTime;
windows	Build the native Windows release provider and TypeScript	2026-08-28T05:23:03.1081734Z     LARGE_INTEGER LastAccessTime;
windows	Build the native Windows release provider and TypeScript	2026-08-28T05:23:03.1083171Z     LARGE_INTEGER LastWriteTime;
windows	Build the native Windows release provider and TypeScript	2026-08-28T05:23:03.1084620Z     LARGE_INTEGER ChangeTime;
windows	Build the native Windows release provider and TypeScript	2026-08-28T05:23:03.1086103Z     LARGE_INTEGER EndOfFile;
windows	Build the native Windows release provider and TypeScript	2026-08-28T05:23:03.1087578Z     LARGE_INTEGER AllocationSize;
windows	Build the native Windows release provider and TypeScript	2026-08-28T05:23:03.1089112Z     DWORD FileAttributes;
windows	Build the native Windows release provider and TypeScript	2026-08-28T05:23:03.1090607Z     DWORD FileNameLength;
windows	Build the native Windows release provider and TypeScript	2026-08-28T05:23:03.1092061Z --- um/WinBase.h line 9170 ---
windows	Build the native Windows release provider and TypeScript	2026-08-28T05:23:03.1094164Z 
windows	Build the native Windows release provider and TypeScript	2026-08-28T05:23:03.1095980Z typedef struct _FILE_DISPOSITION_INFO_EX {
windows	Build the native Windows release provider and TypeScript	2026-08-28T05:23:03.1097281Z     DWORD Flags;
windows	Build the native Windows release provider and TypeScript	2026-08-28T05:23:03.1099023Z } FILE_DISPOSITION_INFO_EX, *PFILE_DISPOSITION_INFO_EX;
windows	Build the native Windows release provider and TypeScript	2026-08-28T05:23:03.1100267Z #endif
windows	Build the native Windows release provider and TypeScript	2026-08-28T05:23:03.1101745Z 
windows	Build the native Windows release provider and TypeScript	2026-08-28T05:23:03.1103339Z typedef struct _FILE_ID_BOTH_DIR_INFO {
windows	Build the native Windows release provider and TypeScript	2026-08-28T05:23:03.1104761Z     DWORD NextEntryOffset;
windows	Build the native Windows release provider and TypeScript	2026-08-28T05:23:03.1106300Z     DWORD FileIndex;
windows	Build the native Windows release provider and TypeScript	2026-08-28T05:23:03.1107752Z     LARGE_INTEGER CreationTime;
windows	Build the native Windows release provider and TypeScript	2026-08-28T05:23:03.1110368Z     LARGE_INTEGER LastAccessTime;
windows	Build the native Windows release provider and TypeScript	2026-08-28T05:23:03.1112249Z     LARGE_INTEGER LastWriteTime;
windows	Build the native Windows release provider and TypeScript	2026-08-28T05:23:03.1113798Z     LARGE_INTEGER ChangeTime;
windows	Build the native Windows release provider and TypeScript	2026-08-28T05:23:03.1115442Z     LARGE_INTEGER EndOfFile;
windows	Build the native Windows release provider and TypeScript	2026-08-28T05:23:03.1117128Z     LARGE_INTEGER AllocationSize;
windows	Build the native Windows release provider and TypeScript	2026-08-28T05:23:03.1118683Z     DWORD FileAttributes;
windows	Build the native Windows release provider and TypeScript	2026-08-28T05:23:03.1120168Z     DWORD FileNameLength;
windows	Build the native Windows release provider and TypeScript	2026-08-28T05:23:03.1121699Z     DWORD EaSize;
windows	Build the native Windows release provider and TypeScript	2026-08-28T05:23:03.1123190Z     CCHAR ShortNameLength;
windows	Build the native Windows release provider and TypeScript	2026-08-28T05:23:03.1124775Z     WCHAR ShortName[12];
windows	Build the native Windows release provider and TypeScript	2026-08-28T05:23:03.1126238Z     LARGE_INTEGER FileId;
windows	Build the native Windows release provider and TypeScript	2026-08-28T05:23:03.1127800Z     WCHAR FileName[1];
windows	Build the native Windows release provider and TypeScript	2026-08-28T05:23:03.1129392Z } FILE_ID_BOTH_DIR_INFO, *PFILE_ID_BOTH_DIR_INFO;
windows	Build the native Windows release provider and TypeScript	2026-08-28T05:23:03.1130437Z 
windows	Build the native Windows release provider and TypeScript	2026-08-28T05:23:03.1132535Z typedef struct _FILE_FULL_DIR_INFO {
windows	Build the native Windows release provider and TypeScript	2026-08-28T05:23:03.1134474Z     ULONG NextEntryOffset;
windows	Build the native Windows release provider and TypeScript	2026-08-28T05:23:03.1136429Z     ULONG FileIndex;
windows	Build the native Windows release provider and TypeScript	2026-08-28T05:23:03.1137002Z     LARGE_INTEGER CreationTime;
windows	Build the native Windows release provider and TypeScript	2026-08-28T05:23:03.1138674Z     LARGE_INTEGER LastAccessTime;
windows	Build the native Windows release provider and TypeScript	2026-08-28T05:23:03.1139926Z     LARGE_INTEGER LastWriteTime;
windows	Build the native Windows release provider and TypeScript	2026-08-28T05:23:03.1141357Z     LARGE_INTEGER ChangeTime;
windows	Build the native Windows release provider and TypeScript	2026-08-28T05:23:03.1142840Z --- um/WinBase.h line 9259 ---
windows	Build the native Windows release provider and TypeScript	2026-08-28T05:23:03.1144017Z //
windows	Build the native Windows release provider and TypeScript	2026-08-28T05:23:03.1145492Z typedef struct _FILE_ID_INFO {
windows	Build the native Windows release provider and TypeScript	2026-08-28T05:23:03.1146877Z     ULONGLONG VolumeSerialNumber;
windows	Build the native Windows release provider and TypeScript	2026-08-28T05:23:03.1148206Z     FILE_ID_128 FileId;
windows	Build the native Windows release provider and TypeScript	2026-08-28T05:23:03.1149637Z } FILE_ID_INFO, *PFILE_ID_INFO;
windows	Build the native Windows release provider and TypeScript	2026-08-28T05:23:03.1150660Z 
windows	Build the native Windows release provider and TypeScript	2026-08-28T05:23:03.1152374Z //
windows	Build the native Windows release provider and TypeScript	2026-08-28T05:23:03.1153858Z //  Structure definition for FileIdExtdDirectoryInfo
windows	Build the native Windows release provider and TypeScript	2026-08-28T05:23:03.1155310Z //
windows	Build the native Windows release provider and TypeScript	2026-08-28T05:23:03.1156795Z typedef struct _FILE_ID_EXTD_DIR_INFO {
windows	Build the native Windows release provider and TypeScript	2026-08-28T05:23:03.1157974Z     ULONG NextEntryOffset;
windows	Build the native Windows release provider and TypeScript	2026-08-28T05:23:03.1160117Z     ULONG FileIndex;
windows	Build the native Windows release provider and TypeScript	2026-08-28T05:23:03.1161759Z     LARGE_INTEGER CreationTime;
windows	Build the native Windows release provider and TypeScript	2026-08-28T05:23:03.1163153Z     LARGE_INTEGER LastAccessTime;
windows	Build the native Windows release provider and TypeScript	2026-08-28T05:23:03.1164867Z     LARGE_INTEGER LastWriteTime;
windows	Build the native Windows release provider and TypeScript	2026-08-28T05:23:03.1166265Z     LARGE_INTEGER ChangeTime;
windows	Build the native Windows release provider and TypeScript	2026-08-28T05:23:03.1167806Z     LARGE_INTEGER EndOfFile;
windows	Build the native Windows release provider and TypeScript	2026-08-28T05:23:03.1169067Z     LARGE_INTEGER AllocationSize;
windows	Build the native Windows release provider and TypeScript	2026-08-28T05:23:03.1171279Z     ULONG FileAttributes;
windows	Build the native Windows release provider and TypeScript	2026-08-28T05:23:03.1172739Z     ULONG FileNameLength;
windows	Build the native Windows release provider and TypeScript	2026-08-28T05:23:03.1174564Z     ULONG EaSize;
windows	Build the native Windows release provider and TypeScript	2026-08-28T05:23:03.1176154Z     ULONG ReparsePointTag;
windows	Build the native Windows release provider and TypeScript	2026-08-28T05:23:03.1177404Z     FILE_ID_128 FileId;
windows	Build the native Windows release provider and TypeScript	2026-08-28T05:23:03.1179852Z     WCHAR FileName[1];
windows	Build the native Windows release provider and TypeScript	2026-08-28T05:23:03.1181236Z } FILE_ID_EXTD_DIR_INFO, *PFILE_ID_EXTD_DIR_INFO;
windows	Build the native Windows release provider and TypeScript	2026-08-28T05:23:03.1182296Z 
windows	Build the native Windows release provider and TypeScript	2026-08-28T05:23:03.1184066Z #endif
windows	Build the native Windows release provider and TypeScript	2026-08-28T05:23:03.1185136Z 
windows	Build the native Windows release provider and TypeScript	2026-08-28T05:23:03.1186761Z //
windows	Build the native Windows release provider and TypeScript	2026-08-28T05:23:03.1188419Z // File Remote protocol info (FileRemoteProtocolInfo)
windows	Build the native Windows release provider and TypeScript	2026-08-28T05:23:03.1189627Z //
windows	Build the native Windows release provider and TypeScript	2026-08-28T05:23:03.1191284Z --- um/fileapi.h line 889 ---
windows	Build the native Windows release provider and TypeScript	2026-08-28T05:23:03.1192882Z WINAPI
windows	Build the native Windows release provider and TypeScript	2026-08-28T05:23:03.1194356Z GetVolumeInformationByHandleW(
windows	Build the native Windows release provider and TypeScript	2026-08-28T05:23:03.1195338Z     _In_ HANDLE hFile,
windows	Build the native Windows release provider and TypeScript	2026-08-28T05:23:03.1197126Z     _Out_writes_opt_(nVolumeNameSize) LPWSTR lpVolumeNameBuffer,
windows	Build the native Windows release provider and TypeScript	2026-08-28T05:23:03.1198477Z     _In_ DWORD nVolumeNameSize,
windows	Build the native Windows release provider and TypeScript	2026-08-28T05:23:03.1200049Z     _Out_opt_ LPDWORD lpVolumeSerialNumber,
windows	Build the native Windows release provider and TypeScript	2026-08-28T05:23:03.1201460Z     _Out_opt_ LPDWORD lpMaximumComponentLength,
windows	Build the native Windows release provider and TypeScript	2026-08-28T05:23:03.1203038Z     _Out_opt_ LPDWORD lpFileSystemFlags,
windows	Build the native Windows release provider and TypeScript	2026-08-28T05:23:03.1204671Z     _Out_writes_opt_(nFileSystemNameSize) LPWSTR lpFileSystemNameBuffer,
windows	Build the native Windows release provider and TypeScript	2026-08-28T05:23:03.1205924Z     _In_ DWORD nFileSystemNameSize
windows	Build the native Windows release provider and TypeScript	2026-08-28T05:23:03.1207207Z     );
windows	Build the native Windows release provider and TypeScript	2026-08-28T05:23:03.1208492Z 
windows	Build the native Windows release provider and TypeScript	2026-08-28T05:23:03.1209999Z #endif /* _WIN32_WINNT >=  0x0600 */
windows	Build the native Windows release provider and TypeScript	2026-08-28T05:23:03.1211197Z 
windows	Build the native Windows release provider and TypeScript	2026-08-28T05:23:03.1212922Z WINBASEAPI
windows	Build the native Windows release provider and TypeScript	2026-08-28T05:23:03.1214118Z BOOL
windows	Build the native Windows release provider and TypeScript	2026-08-28T05:23:03.1215567Z WINAPI
windows	Build the native Windows release provider and TypeScript	2026-08-28T05:23:03.1217175Z GetVolumeInformationW(
windows	Build the native Windows release provider and TypeScript	2026-08-28T05:23:03.1218066Z     _In_opt_ LPCWSTR lpRootPathName,
windows	Build the native Windows release provider and TypeScript	2026-08-28T05:23:03.1219638Z     _Out_writes_opt_(nVolumeNameSize) LPWSTR lpVolumeNameBuffer,
windows	Build the native Windows release provider and TypeScript	2026-08-28T05:23:03.1220868Z     _In_ DWORD nVolumeNameSize,
windows	Build the native Windows release provider and TypeScript	2026-08-28T05:23:03.1223450Z     _Out_opt_ LPDWORD lpVolumeSerialNumber,
windows	Build the native Windows release provider and TypeScript	2026-08-28T05:23:03.1224886Z     _Out_opt_ LPDWORD lpMaximumComponentLength,
windows	Build the native Windows release provider and TypeScript	2026-08-28T05:23:03.1226236Z     _Out_opt_ LPDWORD lpFileSystemFlags,
windows	Build the native Windows release provider and TypeScript	2026-08-28T05:23:03.1228437Z     _Out_writes_opt_(nFileSystemNameSize) LPWSTR lpFileSystemNameBuffer,
windows	Build the native Windows release provider and TypeScript	2026-08-28T05:23:03.1229450Z     _In_ DWORD nFileSystemNameSize
windows	Build the native Windows release provider and TypeScript	2026-08-28T05:23:03.1231060Z     );
windows	Build the native Windows release provider and TypeScript	2026-08-28T05:23:03.1231940Z 
windows	Build the native Windows release provider and TypeScript	2026-08-28T05:23:03.1233555Z #ifdef UNICODE
windows	Build the native Windows release provider and TypeScript	2026-08-28T05:23:03.1234895Z #define GetVolumeInformation  GetVolumeInformationW
windows	Build the native Windows release provider and TypeScript	2026-08-28T05:23:03.1236141Z #endif
windows	Build the native Windows release provider and TypeScript	2026-08-28T05:23:03.1237909Z --- um/winternl.h line 213 ---
windows	Build the native Windows release provider and TypeScript	2026-08-28T05:23:03.1240126Z 
windows	Build the native Windows release provider and TypeScript	2026-08-28T05:23:03.1241675Z typedef struct _OBJECT_ATTRIBUTES {
windows	Build the native Windows release provider and TypeScript	2026-08-28T05:23:03.1243016Z     ULONG Length;
windows	Build the native Windows release provider and TypeScript	2026-08-28T05:23:03.1244645Z     HANDLE RootDirectory;
windows	Build the native Windows release provider and TypeScript	2026-08-28T05:23:03.1245903Z     PUNICODE_STRING ObjectName;
windows	Build the native Windows release provider and TypeScript	2026-08-28T05:23:03.1247715Z     ULONG Attributes;
windows	Build the native Windows release provider and TypeScript	2026-08-28T05:23:03.1248723Z     PVOID SecurityDescriptor;
windows	Build the native Windows release provider and TypeScript	2026-08-28T05:23:03.1250507Z     PVOID SecurityQualityOfService;
windows	Build the native Windows release provider and TypeScript	2026-08-28T05:23:03.1251346Z } OBJECT_ATTRIBUTES;
windows	Build the native Windows release provider and TypeScript	2026-08-28T05:23:03.1252630Z typedef OBJECT_ATTRIBUTES *POBJECT_ATTRIBUTES;
windows	Build the native Windows release provider and TypeScript	2026-08-28T05:23:03.1253500Z 
windows	Build the native Windows release provider and TypeScript	2026-08-28T05:23:03.1254854Z typedef struct _IO_STATUS_BLOCK {
windows	Build the native Windows release provider and TypeScript	2026-08-28T05:23:03.1255988Z #pragma warning(push)
windows	Build the native Windows release provider and TypeScript	2026-08-28T05:23:03.1257256Z #pragma warning(disable: 4201) // we'll always use the Microsoft compiler
windows	Build the native Windows release provider and TypeScript	2026-08-28T05:23:03.1257997Z     union {
windows	Build the native Windows release provider and TypeScript	2026-08-28T05:23:03.1259337Z         NTSTATUS Status;
windows	Build the native Windows release provider and TypeScript	2026-08-28T05:23:03.1260419Z         PVOID Pointer;
windows	Build the native Windows release provider and TypeScript	2026-08-28T05:23:03.1261596Z     } DUMMYUNIONNAME;
windows	Build the native Windows release provider and TypeScript	2026-08-28T05:23:03.1262719Z #pragma warning(pop)
windows	Build the native Windows release provider and TypeScript	2026-08-28T05:23:03.1264842Z 
windows	Build the native Windows release provider and TypeScript	2026-08-28T05:23:03.1265149Z     ULONG_PTR Information;
windows	Build the native Windows release provider and TypeScript	2026-08-28T05:23:03.1267124Z } IO_STATUS_BLOCK, *PIO_STATUS_BLOCK;
windows	Build the native Windows release provider and TypeScript	2026-08-28T05:23:03.1267528Z 
windows	Build the native Windows release provider and TypeScript	2026-08-28T05:23:03.1269814Z typedef
windows	Build the native Windows release provider and TypeScript	2026-08-28T05:23:03.1270929Z VOID
windows	Build the native Windows release provider and TypeScript	2026-08-28T05:23:03.1273985Z (NTAPI *PIO_APC_ROUTINE) (
windows	Build the native Windows release provider and TypeScript	2026-08-28T05:23:03.1276043Z     IN PVOID ApcContext,
windows	Build the native Windows release provider and TypeScript	2026-08-28T05:23:03.1276759Z     IN PIO_STATUS_BLOCK IoStatusBlock,
windows	Build the native Windows release provider and TypeScript	2026-08-28T05:23:03.1278068Z     IN ULONG Reserved
windows	Build the native Windows release provider and TypeScript	2026-08-28T05:23:03.1278470Z     );
windows	Build the native Windows release provider and TypeScript	2026-08-28T05:23:03.1279509Z 
windows	Build the native Windows release provider and TypeScript	2026-08-28T05:23:03.1280980Z --- um/winternl.h line 475 ---
windows	Build the native Windows release provider and TypeScript	2026-08-28T05:23:03.1282654Z NTAPI
windows	Build the native Windows release provider and TypeScript	2026-08-28T05:23:03.1284060Z NtCreateFile (
windows	Build the native Windows release provider and TypeScript	2026-08-28T05:23:03.1285447Z     OUT PHANDLE FileHandle,
windows	Build the native Windows release provider and TypeScript	2026-08-28T05:23:03.1286704Z     IN ACCESS_MASK DesiredAccess,
windows	Build the native Windows release provider and TypeScript	2026-08-28T05:23:03.1289196Z     IN POBJECT_ATTRIBUTES ObjectAttributes,
windows	Build the native Windows release provider and TypeScript	2026-08-28T05:23:03.1290196Z     OUT PIO_STATUS_BLOCK IoStatusBlock,
windows	Build the native Windows release provider and TypeScript	2026-08-28T05:23:03.1291736Z     IN PLARGE_INTEGER AllocationSize OPTIONAL,
windows	Build the native Windows release provider and TypeScript	2026-08-28T05:23:03.1292940Z     IN ULONG FileAttributes,
windows	Build the native Windows release provider and TypeScript	2026-08-28T05:23:03.1294404Z     IN ULONG ShareAccess,
windows	Build the native Windows release provider and TypeScript	2026-08-28T05:23:03.1295784Z     IN ULONG CreateDisposition,
windows	Build the native Windows release provider and TypeScript	2026-08-28T05:23:03.1297180Z     IN ULONG CreateOptions,
windows	Build the native Windows release provider and TypeScript	2026-08-28T05:23:03.1298336Z     IN PVOID EaBuffer OPTIONAL,
windows	Build the native Windows release provider and TypeScript	2026-08-28T05:23:03.1299673Z     IN ULONG EaLength
windows	Build the native Windows release provider and TypeScript	2026-08-28T05:23:03.1300635Z     );
windows	Build the native Windows release provider and TypeScript	2026-08-28T05:23:03.1303191Z 
windows	Build the native Windows release provider and TypeScript	2026-08-28T05:23:03.1304721Z //
windows	Build the native Windows release provider and TypeScript	2026-08-28T05:23:03.1306396Z // use the Win32 API instead
windows	Build the native Windows release provider and TypeScript	2026-08-28T05:23:03.1307783Z //     CreateFile
windows	Build the native Windows release provider and TypeScript	2026-08-28T05:23:03.1309640Z //
windows	Build the native Windows release provider and TypeScript	2026-08-28T05:23:03.1311088Z __kernel_entry NTSTATUS
windows	Build the native Windows release provider and TypeScript	2026-08-28T05:23:03.1312395Z NTAPI
windows	Build the native Windows release provider and TypeScript	2026-08-28T05:23:03.1313764Z NtOpenFile (
windows	Build the native Windows release provider and TypeScript	2026-08-28T05:23:03.1315074Z     OUT PHANDLE FileHandle,
windows	Build the native Windows release provider and TypeScript	2026-08-28T05:23:03.1316761Z     IN ACCESS_MASK DesiredAccess,
windows	Build the native Windows release provider and TypeScript	2026-08-28T05:23:03.1318186Z     IN POBJECT_ATTRIBUTES ObjectAttributes,
windows	Build the native Windows release provider and TypeScript	2026-08-28T05:23:03.1319407Z     OUT PIO_STATUS_BLOCK IoStatusBlock,
windows	Build the native Windows release provider and TypeScript	2026-08-28T05:23:03.1321832Z     IN ULONG ShareAccess,
windows	Build the native Windows release provider and TypeScript	2026-08-28T05:23:03.1323564Z     IN ULONG OpenOptions
windows	Build the native Windows release provider and TypeScript	2026-08-28T05:23:03.1324977Z     );
windows	Build the native Windows release provider and TypeScript	2026-08-28T05:23:03.1325926Z 
windows	Build the native Windows release provider and TypeScript	2026-08-28T05:23:03.1328035Z //
windows	Build the native Windows release provider and TypeScript	2026-08-28T05:23:03.1328683Z --- um/winternl.h line 992 ---
windows	Build the native Windows release provider and TypeScript	2026-08-28T05:23:03.1330646Z #define FILE_CREATE                     0x00000002
windows	Build the native Windows release provider and TypeScript	2026-08-28T05:23:03.1331772Z #define FILE_OPEN_IF                    0x00000003
windows	Build the native Windows release provider and TypeScript	2026-08-28T05:23:03.1333403Z #define FILE_OVERWRITE                  0x00000004
windows	Build the native Windows release provider and TypeScript	2026-08-28T05:23:03.1334538Z #define FILE_OVERWRITE_IF               0x00000005
windows	Build the native Windows release provider and TypeScript	2026-08-28T05:23:03.1336082Z #define FILE_MAXIMUM_DISPOSITION        0x00000005
windows	Build the native Windows release provider and TypeScript	2026-08-28T05:23:03.1337038Z 
windows	Build the native Windows release provider and TypeScript	2026-08-28T05:23:03.1338715Z //
windows	Build the native Windows release provider and TypeScript	2026-08-28T05:23:03.1340114Z // Define the create/open option flags
windows	Build the native Windows release provider and TypeScript	2026-08-28T05:23:03.1341462Z //
windows	Build the native Windows release provider and TypeScript	2026-08-28T05:23:03.1342372Z 
windows	Build the native Windows release provider and TypeScript	2026-08-28T05:23:03.1344078Z #define FILE_DIRECTORY_FILE                     0x00000001
windows	Build the native Windows release provider and TypeScript	2026-08-28T05:23:03.1344895Z #define FILE_WRITE_THROUGH                      0x00000002
windows	Build the native Windows release provider and TypeScript	2026-08-28T05:23:03.1346226Z #define FILE_SEQUENTIAL_ONLY                    0x00000004
windows	Build the native Windows release provider and TypeScript	2026-08-28T05:23:03.1347203Z #define FILE_NO_INTERMEDIATE_BUFFERING          0x00000008
windows	Build the native Windows release provider and TypeScript	2026-08-28T05:23:03.1348066Z 
windows	Build the native Windows release provider and TypeScript	2026-08-28T05:23:03.1350298Z #define FILE_SYNCHRONOUS_IO_ALERT               0x00000010
windows	Build the native Windows release provider and TypeScript	2026-08-28T05:23:03.1351449Z #define FILE_SYNCHRONOUS_IO_NONALERT            0x00000020
windows	Build the native Windows release provider and TypeScript	2026-08-28T05:23:03.1353091Z #define FILE_NON_DIRECTORY_FILE                 0x00000040
windows	Build the native Windows release provider and TypeScript	2026-08-28T05:23:03.1354291Z #define FILE_CREATE_TREE_CONNECTION             0x00000080
windows	Build the native Windows release provider and TypeScript	2026-08-28T05:23:03.1356514Z 
windows	Build the native Windows release provider and TypeScript	2026-08-28T05:23:03.1358164Z #define FILE_COMPLETE_IF_OPLOCKED               0x00000100
windows	Build the native Windows release provider and TypeScript	2026-08-28T05:23:03.1359632Z #define FILE_NO_EA_KNOWLEDGE                    0x00000200
windows	Build the native Windows release provider and TypeScript	2026-08-28T05:23:03.1361008Z #define FILE_OPEN_REMOTE_INSTANCE               0x00000400
windows	Build the native Windows release provider and TypeScript	2026-08-28T05:23:03.1362474Z #define FILE_RANDOM_ACCESS                      0x00000800
windows	Build the native Windows release provider and TypeScript	2026-08-28T05:23:03.1363570Z 
windows	Build the native Windows release provider and TypeScript	2026-08-28T05:23:03.1365113Z #define FILE_DELETE_ON_CLOSE                    0x00001000
windows	Build the native Windows release provider and TypeScript	2026-08-28T05:23:03.1366284Z #define FILE_OPEN_BY_FILE_ID                    0x00002000
windows	Build the native Windows release provider and TypeScript	2026-08-28T05:23:03.1367989Z #define FILE_OPEN_FOR_BACKUP_INTENT             0x00004000
windows	Build the native Windows release provider and TypeScript	2026-08-28T05:23:03.1369967Z #define FILE_NO_COMPRESSION                     0x00008000
windows	Build the native Windows release provider and TypeScript	2026-08-28T05:23:03.1370732Z 
windows	Build the native Windows release provider and TypeScript	2026-08-28T05:23:03.1372263Z #if (_WIN32_WINNT >= _WIN32_WINNT_WIN7)
windows	Build the native Windows release provider and TypeScript	2026-08-28T05:23:03.1373596Z --- um/winternl.h line 1007 ---
windows	Build the native Windows release provider and TypeScript	2026-08-28T05:23:03.1375667Z #define FILE_SYNCHRONOUS_IO_ALERT               0x00000010
windows	Build the native Windows release provider and TypeScript	2026-08-28T05:23:03.1376926Z #define FILE_SYNCHRONOUS_IO_NONALERT            0x00000020
windows	Build the native Windows release provider and TypeScript	2026-08-28T05:23:03.1378573Z #define FILE_NON_DIRECTORY_FILE                 0x00000040
windows	Build the native Windows release provider and TypeScript	2026-08-28T05:23:03.1380847Z #define FILE_CREATE_TREE_CONNECTION             0x00000080
windows	Build the native Windows release provider and TypeScript	2026-08-28T05:23:03.1381297Z 
windows	Build the native Windows release provider and TypeScript	2026-08-28T05:23:03.1384582Z #define FILE_COMPLETE_IF_OPLOCKED               0x00000100
windows	Build the native Windows release provider and TypeScript	2026-08-28T05:23:03.1385961Z #define FILE_NO_EA_KNOWLEDGE                    0x00000200
windows	Build the native Windows release provider and TypeScript	2026-08-28T05:23:03.1387025Z #define FILE_OPEN_REMOTE_INSTANCE               0x00000400
windows	Build the native Windows release provider and TypeScript	2026-08-28T05:23:03.1389548Z #define FILE_RANDOM_ACCESS                      0x00000800
windows	Build the native Windows release provider and TypeScript	2026-08-28T05:23:03.1390924Z 
windows	Build the native Windows release provider and TypeScript	2026-08-28T05:23:03.1393827Z #define FILE_DELETE_ON_CLOSE                    0x00001000
windows	Build the native Windows release provider and TypeScript	2026-08-28T05:23:03.1395361Z #define FILE_OPEN_BY_FILE_ID                    0x00002000
windows	Build the native Windows release provider and TypeScript	2026-08-28T05:23:03.1396701Z #define FILE_OPEN_FOR_BACKUP_INTENT             0x00004000
windows	Build the native Windows release provider and TypeScript	2026-08-28T05:23:03.1397408Z #define FILE_NO_COMPRESSION                     0x00008000
windows	Build the native Windows release provider and TypeScript	2026-08-28T05:23:03.1398745Z 
windows	Build the native Windows release provider and TypeScript	2026-08-28T05:23:03.1401203Z #if (_WIN32_WINNT >= _WIN32_WINNT_WIN7)
windows	Build the native Windows release provider and TypeScript	2026-08-28T05:23:03.1404892Z #define FILE_OPEN_REQUIRING_OPLOCK              0x00010000
windows	Build the native Windows release provider and TypeScript	2026-08-28T05:23:03.1407174Z #endif
windows	Build the native Windows release provider and TypeScript	2026-08-28T05:23:03.1408310Z 
windows	Build the native Windows release provider and TypeScript	2026-08-28T05:23:03.1409832Z #define FILE_RESERVE_OPFILTER                   0x00100000
windows	Build the native Windows release provider and TypeScript	2026-08-28T05:23:03.1411407Z #define FILE_OPEN_REPARSE_POINT                 0x00200000
windows	Build the native Windows release provider and TypeScript	2026-08-28T05:23:03.1413683Z #define FILE_OPEN_NO_RECALL                     0x00400000
windows	Build the native Windows release provider and TypeScript	2026-08-28T05:23:03.1415019Z #define FILE_OPEN_FOR_FREE_SPACE_QUERY          0x00800000
windows	Build the native Windows release provider and TypeScript	2026-08-28T05:23:03.1417417Z 
windows	Build the native Windows release provider and TypeScript	2026-08-28T05:23:03.1419093Z #define FILE_VALID_OPTION_FLAGS                 0x00ffffff
windows	Build the native Windows release provider and TypeScript	2026-08-28T05:23:03.1419915Z #define FILE_VALID_PIPE_OPTION_FLAGS            0x00000032
windows	Build the native Windows release provider and TypeScript	2026-08-28T05:23:03.1422060Z #define FILE_VALID_MAILSLOT_OPTION_FLAGS        0x00000032
windows	Build the native Windows release provider and TypeScript	2026-08-28T05:23:03.1423664Z #define FILE_VALID_SET_FLAGS                    0x00000036
windows	Build the native Windows release provider and TypeScript	2026-08-28T05:23:03.1424047Z 
windows	Build the native Windows release provider and TypeScript	2026-08-28T05:23:03.1425037Z //
windows	Build the native Windows release provider and TypeScript	2026-08-28T05:23:03.1426934Z // Define the I/O status information return values for NtCreateFile/NtOpenFile
windows	Build the native Windows release provider and TypeScript	2026-08-28T05:23:03.1427723Z --- um/winternl.h line 1026 ---
windows	Build the native Windows release provider and TypeScript	2026-08-28T05:23:03.1429553Z #define FILE_RESERVE_OPFILTER                   0x00100000
windows	Build the native Windows release provider and TypeScript	2026-08-28T05:23:03.1431131Z #define FILE_OPEN_REPARSE_POINT                 0x00200000
windows	Build the native Windows release provider and TypeScript	2026-08-28T05:23:03.1432338Z #define FILE_OPEN_NO_RECALL                     0x00400000
windows	Build the native Windows release provider and TypeScript	2026-08-28T05:23:03.1434008Z #define FILE_OPEN_FOR_FREE_SPACE_QUERY          0x00800000
windows	Build the native Windows release provider and TypeScript	2026-08-28T05:23:03.1434988Z 
windows	Build the native Windows release provider and TypeScript	2026-08-28T05:23:03.1436802Z #define FILE_VALID_OPTION_FLAGS                 0x00ffffff
windows	Build the native Windows release provider and TypeScript	2026-08-28T05:23:03.1437969Z #define FILE_VALID_PIPE_OPTION_FLAGS            0x00000032
windows	Build the native Windows release provider and TypeScript	2026-08-28T05:23:03.1439682Z #define FILE_VALID_MAILSLOT_OPTION_FLAGS        0x00000032
windows	Build the native Windows release provider and TypeScript	2026-08-28T05:23:03.1440820Z #define FILE_VALID_SET_FLAGS                    0x00000036
windows	Build the native Windows release provider and TypeScript	2026-08-28T05:23:03.1442163Z 
windows	Build the native Windows release provider and TypeScript	2026-08-28T05:23:03.1443572Z //
windows	Build the native Windows release provider and TypeScript	2026-08-28T05:23:03.1445204Z // Define the I/O status information return values for NtCreateFile/NtOpenFile
windows	Build the native Windows release provider and TypeScript	2026-08-28T05:23:03.1446220Z //
windows	Build the native Windows release provider and TypeScript	2026-08-28T05:23:03.1447909Z 
windows	Build the native Windows release provider and TypeScript	2026-08-28T05:23:03.1449795Z #define FILE_SUPERSEDED                 0x00000000
windows	Build the native Windows release provider and TypeScript	2026-08-28T05:23:03.1451213Z #define FILE_OPENED                     0x00000001
windows	Build the native Windows release provider and TypeScript	2026-08-28T05:23:03.1452647Z #define FILE_CREATED                    0x00000002
windows	Build the native Windows release provider and TypeScript	2026-08-28T05:23:03.1453507Z #define FILE_OVERWRITTEN                0x00000003
windows	Build the native Windows release provider and TypeScript	2026-08-28T05:23:03.1455186Z #define FILE_EXISTS                     0x00000004
windows	Build the native Windows release provider and TypeScript	2026-08-28T05:23:03.1456654Z #define FILE_DOES_NOT_EXIST             0x00000005
windows	Build the native Windows release provider and TypeScript	2026-08-28T05:23:03.1457684Z 
windows	Build the native Windows release provider and TypeScript	2026-08-28T05:23:03.1459202Z #ifndef __os_arm64x_get_x64_information
windows	Build the native Windows release provider and TypeScript	2026-08-28T05:23:03.1460661Z #define __os_arm64x_get_x64_information __os_arm64x_rdtsc
windows	Build the native Windows release provider and TypeScript	2026-08-28T05:23:03.1461911Z #endif
windows	Build the native Windows release provider and TypeScript	2026-08-28T05:23:03.1463397Z #ifndef __os_arm64x_set_x64_information
windows	Build the native Windows release provider and TypeScript	2026-08-28T05:23:03.1465156Z #define __os_arm64x_set_x64_information __os_arm64x_cpuidex
windows	Build the native Windows release provider and TypeScript	2026-08-28T05:23:03.1466394Z #endif
windows	Build the native Windows release provider and TypeScript	2026-08-28T05:23:03.1468739Z 
windows	Build the native Windows release provider and TypeScript	2026-08-28T05:23:03.1470443Z #ifdef __cplusplus
windows	Build the native Windows release provider and TypeScript	2026-08-28T05:23:03.1472136Z }
windows	Build the native Windows release provider and TypeScript	2026-08-28T05:23:03.1473569Z #endif
windows	Build the native Windows release provider and TypeScript	2026-08-28T05:23:03.1475195Z --- um/winternl.h line 1036 ---
windows	Build the native Windows release provider and TypeScript	2026-08-28T05:23:03.1476486Z //
windows	Build the native Windows release provider and TypeScript	2026-08-28T05:23:03.1478098Z // Define the I/O status information return values for NtCreateFile/NtOpenFile
windows	Build the native Windows release provider and TypeScript	2026-08-28T05:23:03.1479260Z //
windows	Build the native Windows release provider and TypeScript	2026-08-28T05:23:03.1480421Z 
windows	Build the native Windows release provider and TypeScript	2026-08-28T05:23:03.1482064Z #define FILE_SUPERSEDED                 0x00000000
windows	Build the native Windows release provider and TypeScript	2026-08-28T05:23:03.1483244Z #define FILE_OPENED                     0x00000001
windows	Build the native Windows release provider and TypeScript	2026-08-28T05:23:03.1484619Z #define FILE_CREATED                    0x00000002
windows	Build the native Windows release provider and TypeScript	2026-08-28T05:23:03.1485772Z #define FILE_OVERWRITTEN                0x00000003
windows	Build the native Windows release provider and TypeScript	2026-08-28T05:23:03.1487485Z #define FILE_EXISTS                     0x00000004
windows	Build the native Windows release provider and TypeScript	2026-08-28T05:23:03.1488642Z #define FILE_DOES_NOT_EXIST             0x00000005
windows	Build the native Windows release provider and TypeScript	2026-08-28T05:23:03.1489542Z 
windows	Build the native Windows release provider and TypeScript	2026-08-28T05:23:03.1490938Z #ifndef __os_arm64x_get_x64_information
windows	Build the native Windows release provider and TypeScript	2026-08-28T05:23:03.1491982Z #define __os_arm64x_get_x64_information __os_arm64x_rdtsc
windows	Build the native Windows release provider and TypeScript	2026-08-28T05:23:03.1493467Z #endif
windows	Build the native Windows release provider and TypeScript	2026-08-28T05:23:03.1494873Z #ifndef __os_arm64x_set_x64_information
windows	Build the native Windows release provider and TypeScript	2026-08-28T05:23:03.1496110Z #define __os_arm64x_set_x64_information __os_arm64x_cpuidex
windows	Build the native Windows release provider and TypeScript	2026-08-28T05:23:03.1497465Z #endif
windows	Build the native Windows release provider and TypeScript	2026-08-28T05:23:03.1498338Z 
windows	Build the native Windows release provider and TypeScript	2026-08-28T05:23:03.1500095Z #ifdef __cplusplus
windows	Build the native Windows release provider and TypeScript	2026-08-28T05:23:03.1501403Z }
windows	Build the native Windows release provider and TypeScript	2026-08-28T05:23:03.1502711Z #endif
windows	Build the native Windows release provider and TypeScript	2026-08-28T05:23:03.1503611Z 
windows	Build the native Windows release provider and TypeScript	2026-08-28T05:23:03.1505353Z #endif // (_WIN32_WINNT >= 0x0500)
windows	Build the native Windows release provider and TypeScript	2026-08-28T05:23:03.1506351Z 
windows	Build the native Windows release provider and TypeScript	2026-08-28T05:23:03.1507882Z 
windows	Build the native Windows release provider and TypeScript	2026-08-28T05:23:03.1509629Z #endif /* WINAPI_FAMILY_PARTITION(WINAPI_PARTITION_DESKTOP | WINAPI_PARTITION_SYSTEM) */
windows	Build the native Windows release provider and TypeScript	2026-08-28T05:23:03.1510930Z #pragma endregion
windows	Build the native Windows release provider and TypeScript	2026-08-28T05:23:03.1512017Z 
windows	Build the native Windows release provider and TypeScript	2026-08-28T05:23:03.1513700Z #endif // _WINTERNL_
windows	Build the native Windows release provider and TypeScript	2026-08-28T05:23:03.1515466Z --- um/WinBase.h line 9104 ---
windows	Build the native Windows release provider and TypeScript	2026-08-28T05:23:03.1516872Z #if (_WIN32_WINNT >= _WIN32_WINNT_WIN10_RS1)
windows	Build the native Windows release provider and TypeScript	2026-08-28T05:23:03.1518455Z #define FILE_RENAME_FLAG_REPLACE_IF_EXISTS                  0x00000001
windows	Build the native Windows release provider and TypeScript	2026-08-28T05:23:03.1519288Z #define FILE_RENAME_FLAG_POSIX_SEMANTICS                    0x00000002
windows	Build the native Windows release provider and TypeScript	2026-08-28T05:23:03.1520685Z #endif
windows	Build the native Windows release provider and TypeScript	2026-08-28T05:23:03.1521637Z 
windows	Build the native Windows release provider and TypeScript	2026-08-28T05:23:03.1523222Z #if (_WIN32_WINNT >= _WIN32_WINNT_WIN10_RS3)
windows	Build the native Windows release provider and TypeScript	2026-08-28T05:23:03.1524495Z #define FILE_RENAME_FLAG_SUPPRESS_PIN_STATE_INHERITANCE     0x00000004
windows	Build the native Windows release provider and TypeScript	2026-08-28T05:23:03.1525689Z #endif
windows	Build the native Windows release provider and TypeScript	2026-08-28T05:23:03.1527284Z 
windows	Build the native Windows release provider and TypeScript	2026-08-28T05:23:03.1528996Z typedef struct _FILE_RENAME_INFO {
windows	Build the native Windows release provider and TypeScript	2026-08-28T05:23:03.1530025Z #if (_WIN32_WINNT >= _WIN32_WINNT_WIN10_RS1)
windows	Build the native Windows release provider and TypeScript	2026-08-28T05:23:03.1531051Z     union {
windows	Build the native Windows release provider and TypeScript	2026-08-28T05:23:03.1532241Z         BOOLEAN ReplaceIfExists;  // FileRenameInfo
windows	Build the native Windows release provider and TypeScript	2026-08-28T05:23:03.1533344Z         DWORD Flags;              // FileRenameInfoEx
windows	Build the native Windows release provider and TypeScript	2026-08-28T05:23:03.1534382Z     } DUMMYUNIONNAME;
windows	Build the native Windows release provider and TypeScript	2026-08-28T05:23:03.1535519Z #else
windows	Build the native Windows release provider and TypeScript	2026-08-28T05:23:03.1536960Z     BOOLEAN ReplaceIfExists;
windows	Build the native Windows release provider and TypeScript	2026-08-28T05:23:03.1538040Z #endif
windows	Build the native Windows release provider and TypeScript	2026-08-28T05:23:03.1539220Z     HANDLE RootDirectory;
windows	Build the native Windows release provider and TypeScript	2026-08-28T05:23:03.1540244Z     DWORD FileNameLength;
windows	Build the native Windows release provider and TypeScript	2026-08-28T05:23:03.1541374Z     WCHAR FileName[1];
windows	Build the native Windows release provider and TypeScript	2026-08-28T05:23:03.1542809Z } FILE_RENAME_INFO, *PFILE_RENAME_INFO;
windows	Build the native Windows release provider and TypeScript	2026-08-28T05:23:03.1543811Z 
windows	Build the native Windows release provider and TypeScript	2026-08-28T05:23:03.1545664Z typedef struct _FILE_ALLOCATION_INFO {
windows	Build the native Windows release provider and TypeScript	2026-08-28T05:23:03.1547455Z     LARGE_INTEGER AllocationSize;
windows	Build the native Windows release provider and TypeScript	2026-08-28T05:23:03.1548271Z } FILE_ALLOCATION_INFO, *PFILE_ALLOCATION_INFO;
windows	Build the native Windows release provider and TypeScript	2026-08-28T05:23:03.1550308Z 
windows	Build the native Windows release provider and TypeScript	2026-08-28T05:23:03.1551831Z typedef struct _FILE_END_OF_FILE_INFO {
windows	Build the native Windows release provider and TypeScript	2026-08-28T05:23:03.1553278Z     LARGE_INTEGER EndOfFile;
windows	Build the native Windows release provider and TypeScript	2026-08-28T05:23:03.1555024Z } FILE_END_OF_FILE_INFO, *PFILE_END_OF_FILE_INFO;
windows	Build the native Windows release provider and TypeScript	2026-08-28T05:23:03.1556262Z 
windows	Build the native Windows release provider and TypeScript	2026-08-28T05:23:03.1557773Z --- um/WinBase.h line 9105 ---
windows	Build the native Windows release provider and TypeScript	2026-08-28T05:23:03.1558488Z #define FILE_RENAME_FLAG_REPLACE_IF_EXISTS                  0x00000001
windows	Build the native Windows release provider and TypeScript	2026-08-28T05:23:03.1560340Z #define FILE_RENAME_FLAG_POSIX_SEMANTICS                    0x00000002
windows	Build the native Windows release provider and TypeScript	2026-08-28T05:23:03.1561282Z #endif
windows	Build the native Windows release provider and TypeScript	2026-08-28T05:23:03.1562493Z 
windows	Build the native Windows release provider and TypeScript	2026-08-28T05:23:03.1564108Z #if (_WIN32_WINNT >= _WIN32_WINNT_WIN10_RS3)
windows	Build the native Windows release provider and TypeScript	2026-08-28T05:23:03.1565819Z #define FILE_RENAME_FLAG_SUPPRESS_PIN_STATE_INHERITANCE     0x00000004
windows	Build the native Windows release provider and TypeScript	2026-08-28T05:23:03.1567282Z #endif
windows	Build the native Windows release provider and TypeScript	2026-08-28T05:23:03.1568908Z 
windows	Build the native Windows release provider and TypeScript	2026-08-28T05:23:03.1570790Z typedef struct _FILE_RENAME_INFO {
windows	Build the native Windows release provider and TypeScript	2026-08-28T05:23:03.1571976Z #if (_WIN32_WINNT >= _WIN32_WINNT_WIN10_RS1)
windows	Build the native Windows release provider and TypeScript	2026-08-28T05:23:03.1573518Z     union {
windows	Build the native Windows release provider and TypeScript	2026-08-28T05:23:03.1574921Z         BOOLEAN ReplaceIfExists;  // FileRenameInfo
windows	Build the native Windows release provider and TypeScript	2026-08-28T05:23:03.1576088Z         DWORD Flags;              // FileRenameInfoEx
windows	Build the native Windows release provider and TypeScript	2026-08-28T05:23:03.1577685Z     } DUMMYUNIONNAME;
windows	Build the native Windows release provider and TypeScript	2026-08-28T05:23:03.1578999Z #else
windows	Build the native Windows release provider and TypeScript	2026-08-28T05:23:03.1580370Z     BOOLEAN ReplaceIfExists;
windows	Build the native Windows release provider and TypeScript	2026-08-28T05:23:03.1581699Z #endif
windows	Build the native Windows release provider and TypeScript	2026-08-28T05:23:03.1582977Z     HANDLE RootDirectory;
windows	Build the native Windows release provider and TypeScript	2026-08-28T05:23:03.1584299Z     DWORD FileNameLength;
windows	Build the native Windows release provider and TypeScript	2026-08-28T05:23:03.1585844Z     WCHAR FileName[1];
windows	Build the native Windows release provider and TypeScript	2026-08-28T05:23:03.1587607Z } FILE_RENAME_INFO, *PFILE_RENAME_INFO;
windows	Build the native Windows release provider and TypeScript	2026-08-28T05:23:03.1588170Z 
windows	Build the native Windows release provider and TypeScript	2026-08-28T05:23:03.1591709Z typedef struct _FILE_ALLOCATION_INFO {
windows	Build the native Windows release provider and TypeScript	2026-08-28T05:23:03.1593289Z     LARGE_INTEGER AllocationSize;
windows	Build the native Windows release provider and TypeScript	2026-08-28T05:23:03.1593752Z } FILE_ALLOCATION_INFO, *PFILE_ALLOCATION_INFO;
windows	Build the native Windows release provider and TypeScript	2026-08-28T05:23:03.1594625Z 
windows	Build the native Windows release provider and TypeScript	2026-08-28T05:23:03.1595660Z typedef struct _FILE_END_OF_FILE_INFO {
windows	Build the native Windows release provider and TypeScript	2026-08-28T05:23:03.1596766Z     LARGE_INTEGER EndOfFile;
windows	Build the native Windows release provider and TypeScript	2026-08-28T05:23:03.1598500Z } FILE_END_OF_FILE_INFO, *PFILE_END_OF_FILE_INFO;
windows	Build the native Windows release provider and TypeScript	2026-08-28T05:23:03.1599385Z 
windows	Build the native Windows release provider and TypeScript	2026-08-28T05:23:03.1601071Z typedef struct _FILE_STREAM_INFO {
windows	Build the native Windows release provider and TypeScript	2026-08-28T05:23:03.1602183Z --- um/WinBase.h line 9109 ---
windows	Build the native Windows release provider and TypeScript	2026-08-28T05:23:03.1603795Z #if (_WIN32_WINNT >= _WIN32_WINNT_WIN10_RS3)
windows	Build the native Windows release provider and TypeScript	2026-08-28T05:23:03.1605004Z #define FILE_RENAME_FLAG_SUPPRESS_PIN_STATE_INHERITANCE     0x00000004
windows	Build the native Windows release provider and TypeScript	2026-08-28T05:23:03.1606727Z #endif
windows	Build the native Windows release provider and TypeScript	2026-08-28T05:23:03.1607657Z 
windows	Build the native Windows release provider and TypeScript	2026-08-28T05:23:03.1609500Z typedef struct _FILE_RENAME_INFO {
windows	Build the native Windows release provider and TypeScript	2026-08-28T05:23:03.1610699Z #if (_WIN32_WINNT >= _WIN32_WINNT_WIN10_RS1)
windows	Build the native Windows release provider and TypeScript	2026-08-28T05:23:03.1611894Z     union {
windows	Build the native Windows release provider and TypeScript	2026-08-28T05:23:03.1613607Z         BOOLEAN ReplaceIfExists;  // FileRenameInfo
windows	Build the native Windows release provider and TypeScript	2026-08-28T05:23:03.1614709Z         DWORD Flags;              // FileRenameInfoEx
windows	Build the native Windows release provider and TypeScript	2026-08-28T05:23:03.1616228Z     } DUMMYUNIONNAME;
windows	Build the native Windows release provider and TypeScript	2026-08-28T05:23:03.1617436Z #else
windows	Build the native Windows release provider and TypeScript	2026-08-28T05:23:03.1618842Z     BOOLEAN ReplaceIfExists;
windows	Build the native Windows release provider and TypeScript	2026-08-28T05:23:03.1620011Z #endif
windows	Build the native Windows release provider and TypeScript	2026-08-28T05:23:03.1621603Z     HANDLE RootDirectory;
windows	Build the native Windows release provider and TypeScript	2026-08-28T05:23:03.1623013Z     DWORD FileNameLength;
windows	Build the native Windows release provider and TypeScript	2026-08-28T05:23:03.1624312Z     WCHAR FileName[1];
windows	Build the native Windows release provider and TypeScript	2026-08-28T05:23:03.1625999Z } FILE_RENAME_INFO, *PFILE_RENAME_INFO;
windows	Build the native Windows release provider and TypeScript	2026-08-28T05:23:03.1627102Z 
windows	Build the native Windows release provider and TypeScript	2026-08-28T05:23:03.1628883Z typedef struct _FILE_ALLOCATION_INFO {
windows	Build the native Windows release provider and TypeScript	2026-08-28T05:23:03.1629851Z     LARGE_INTEGER AllocationSize;
windows	Build the native Windows release provider and TypeScript	2026-08-28T05:23:03.1631573Z } FILE_ALLOCATION_INFO, *PFILE_ALLOCATION_INFO;
windows	Build the native Windows release provider and TypeScript	2026-08-28T05:23:03.1632411Z 
windows	Build the native Windows release provider and TypeScript	2026-08-28T05:23:03.1635144Z typedef struct _FILE_END_OF_FILE_INFO {
windows	Build the native Windows release provider and TypeScript	2026-08-28T05:23:03.1636559Z     LARGE_INTEGER EndOfFile;
windows	Build the native Windows release provider and TypeScript	2026-08-28T05:23:03.1637956Z } FILE_END_OF_FILE_INFO, *PFILE_END_OF_FILE_INFO;
windows	Build the native Windows release provider and TypeScript	2026-08-28T05:23:03.1639103Z 
windows	Build the native Windows release provider and TypeScript	2026-08-28T05:23:03.1640665Z typedef struct _FILE_STREAM_INFO {
windows	Build the native Windows release provider and TypeScript	2026-08-28T05:23:03.1641998Z     DWORD NextEntryOffset;
windows	Build the native Windows release provider and TypeScript	2026-08-28T05:23:03.1643528Z     DWORD StreamNameLength;
windows	Build the native Windows release provider and TypeScript	2026-08-28T05:23:03.1644844Z     LARGE_INTEGER StreamSize;
windows	Build the native Windows release provider and TypeScript	2026-08-28T05:23:03.1646299Z     LARGE_INTEGER StreamAllocationSize;
windows	Build the native Windows release provider and TypeScript	2026-08-28T05:23:03.1647923Z --- um/WinBase.h line 9112 ---
windows	Build the native Windows release provider and TypeScript	2026-08-28T05:23:03.1649405Z 
windows	Build the native Windows release provider and TypeScript	2026-08-28T05:23:03.1650795Z typedef struct _FILE_RENAME_INFO {
windows	Build the native Windows release provider and TypeScript	2026-08-28T05:23:03.1652282Z #if (_WIN32_WINNT >= _WIN32_WINNT_WIN10_RS1)
windows	Build the native Windows release provider and TypeScript	2026-08-28T05:23:03.1653640Z     union {
windows	Build the native Windows release provider and TypeScript	2026-08-28T05:23:03.1654805Z         BOOLEAN ReplaceIfExists;  // FileRenameInfo
windows	Build the native Windows release provider and TypeScript	2026-08-28T05:23:03.1655848Z         DWORD Flags;              // FileRenameInfoEx
windows	Build the native Windows release provider and TypeScript	2026-08-28T05:23:03.1657012Z     } DUMMYUNIONNAME;
windows	Build the native Windows release provider and TypeScript	2026-08-28T05:23:03.1658134Z #else
windows	Build the native Windows release provider and TypeScript	2026-08-28T05:23:03.1659327Z     BOOLEAN ReplaceIfExists;
windows	Build the native Windows release provider and TypeScript	2026-08-28T05:23:03.1660434Z #endif
windows	Build the native Windows release provider and TypeScript	2026-08-28T05:23:03.1661559Z     HANDLE RootDirectory;
windows	Build the native Windows release provider and TypeScript	2026-08-28T05:23:03.1662474Z     DWORD FileNameLength;
windows	Build the native Windows release provider and TypeScript	2026-08-28T05:23:03.1664103Z     WCHAR FileName[1];
windows	Build the native Windows release provider and TypeScript	2026-08-28T05:23:03.1665283Z } FILE_RENAME_INFO, *PFILE_RENAME_INFO;
windows	Build the native Windows release provider and TypeScript	2026-08-28T05:23:03.1666528Z 
windows	Build the native Windows release provider and TypeScript	2026-08-28T05:23:03.1668251Z typedef struct _FILE_ALLOCATION_INFO {
windows	Build the native Windows release provider and TypeScript	2026-08-28T05:23:03.1669970Z     LARGE_INTEGER AllocationSize;
windows	Build the native Windows release provider and TypeScript	2026-08-28T05:23:03.1671431Z } FILE_ALLOCATION_INFO, *PFILE_ALLOCATION_INFO;
windows	Build the native Windows release provider and TypeScript	2026-08-28T05:23:03.1672370Z 
windows	Build the native Windows release provider and TypeScript	2026-08-28T05:23:03.1674110Z typedef struct _FILE_END_OF_FILE_INFO {
windows	Build the native Windows release provider and TypeScript	2026-08-28T05:23:03.1675487Z     LARGE_INTEGER EndOfFile;
windows	Build the native Windows release provider and TypeScript	2026-08-28T05:23:03.1676602Z } FILE_END_OF_FILE_INFO, *PFILE_END_OF_FILE_INFO;
windows	Build the native Windows release provider and TypeScript	2026-08-28T05:23:03.1677955Z 
windows	Build the native Windows release provider and TypeScript	2026-08-28T05:23:03.1679361Z typedef struct _FILE_STREAM_INFO {
windows	Build the native Windows release provider and TypeScript	2026-08-28T05:23:03.1680733Z     DWORD NextEntryOffset;
windows	Build the native Windows release provider and TypeScript	2026-08-28T05:23:03.1682085Z     DWORD StreamNameLength;
windows	Build the native Windows release provider and TypeScript	2026-08-28T05:23:03.1683492Z     LARGE_INTEGER StreamSize;
windows	Build the native Windows release provider and TypeScript	2026-08-28T05:23:03.1684760Z     LARGE_INTEGER StreamAllocationSize;
windows	Build the native Windows release provider and TypeScript	2026-08-28T05:23:03.1685497Z     WCHAR StreamName[1];
windows	Build the native Windows release provider and TypeScript	2026-08-28T05:23:03.1687593Z } FILE_STREAM_INFO, *PFILE_STREAM_INFO;
windows	Build the native Windows release provider and TypeScript	2026-08-28T05:23:03.1688436Z 
windows	Build the native Windows release provider and TypeScript	2026-08-28T05:23:03.1690124Z --- um/WinBase.h line 9116 ---
windows	Build the native Windows release provider and TypeScript	2026-08-28T05:23:03.1691931Z         BOOLEAN ReplaceIfExists;  // FileRenameInfo
windows	Build the native Windows release provider and TypeScript	2026-08-28T05:23:03.1693148Z         DWORD Flags;              // FileRenameInfoEx
windows	Build the native Windows release provider and TypeScript	2026-08-28T05:23:03.1694712Z     } DUMMYUNIONNAME;
windows	Build the native Windows release provider and TypeScript	2026-08-28T05:23:03.1695963Z #else
windows	Build the native Windows release provider and TypeScript	2026-08-28T05:23:03.1697377Z     BOOLEAN ReplaceIfExists;
windows	Build the native Windows release provider and TypeScript	2026-08-28T05:23:03.1698087Z #endif
windows	Build the native Windows release provider and TypeScript	2026-08-28T05:23:03.1699712Z     HANDLE RootDirectory;
windows	Build the native Windows release provider and TypeScript	2026-08-28T05:23:03.1701067Z     DWORD FileNameLength;
windows	Build the native Windows release provider and TypeScript	2026-08-28T05:23:03.1702257Z     WCHAR FileName[1];
windows	Build the native Windows release provider and TypeScript	2026-08-28T05:23:03.1703365Z } FILE_RENAME_INFO, *PFILE_RENAME_INFO;
windows	Build the native Windows release provider and TypeScript	2026-08-28T05:23:03.1704794Z 
windows	Build the native Windows release provider and TypeScript	2026-08-28T05:23:03.1707044Z typedef struct _FILE_ALLOCATION_INFO {
windows	Build the native Windows release provider and TypeScript	2026-08-28T05:23:03.1708203Z     LARGE_INTEGER AllocationSize;
windows	Build the native Windows release provider and TypeScript	2026-08-28T05:23:03.1709866Z } FILE_ALLOCATION_INFO, *PFILE_ALLOCATION_INFO;
windows	Build the native Windows release provider and TypeScript	2026-08-28T05:23:03.1710906Z 
windows	Build the native Windows release provider and TypeScript	2026-08-28T05:23:03.1712661Z typedef struct _FILE_END_OF_FILE_INFO {
windows	Build the native Windows release provider and TypeScript	2026-08-28T05:23:03.1713814Z     LARGE_INTEGER EndOfFile;
windows	Build the native Windows release provider and TypeScript	2026-08-28T05:23:03.1715485Z } FILE_END_OF_FILE_INFO, *PFILE_END_OF_FILE_INFO;
windows	Build the native Windows release provider and TypeScript	2026-08-28T05:23:03.1716402Z 
windows	Build the native Windows release provider and TypeScript	2026-08-28T05:23:03.1717998Z typedef struct _FILE_STREAM_INFO {
windows	Build the native Windows release provider and TypeScript	2026-08-28T05:23:03.1718726Z     DWORD NextEntryOffset;
windows	Build the native Windows release provider and TypeScript	2026-08-28T05:23:03.1720561Z     DWORD StreamNameLength;
windows	Build the native Windows release provider and TypeScript	2026-08-28T05:23:03.1722203Z     LARGE_INTEGER StreamSize;
windows	Build the native Windows release provider and TypeScript	2026-08-28T05:23:03.1723936Z     LARGE_INTEGER StreamAllocationSize;
windows	Build the native Windows release provider and TypeScript	2026-08-28T05:23:03.1725261Z     WCHAR StreamName[1];
windows	Build the native Windows release provider and TypeScript	2026-08-28T05:23:03.1726145Z } FILE_STREAM_INFO, *PFILE_STREAM_INFO;
windows	Build the native Windows release provider and TypeScript	2026-08-28T05:23:03.1727469Z 
windows	Build the native Windows release provider and TypeScript	2026-08-28T05:23:03.1728784Z typedef struct _FILE_COMPRESSION_INFO {
windows	Build the native Windows release provider and TypeScript	2026-08-28T05:23:03.1729890Z     LARGE_INTEGER CompressedFileSize;
windows	Build the native Windows release provider and TypeScript	2026-08-28T05:23:03.1731006Z     WORD CompressionFormat;
windows	Build the native Windows release provider and TypeScript	2026-08-28T05:23:03.1732152Z     UCHAR CompressionUnitShift;
windows	Build the native Windows release provider and TypeScript	2026-08-28T05:23:03.1733619Z --- um/WinBase.h line 9156 ---
windows	Build the native Windows release provider and TypeScript	2026-08-28T05:23:03.1734597Z 
windows	Build the native Windows release provider and TypeScript	2026-08-28T05:23:03.1736343Z typedef struct _FILE_DISPOSITION_INFO {
windows	Build the native Windows release provider and TypeScript	2026-08-28T05:23:03.1737534Z     BOOLEAN DeleteFile;
windows	Build the native Windows release provider and TypeScript	2026-08-28T05:23:03.1738696Z } FILE_DISPOSITION_INFO, *PFILE_DISPOSITION_INFO;
windows	Build the native Windows release provider and TypeScript	2026-08-28T05:23:03.1739425Z 
windows	Build the native Windows release provider and TypeScript	2026-08-28T05:23:03.1741142Z #if (_WIN32_WINNT >= _WIN32_WINNT_WIN10_RS1)
windows	Build the native Windows release provider and TypeScript	2026-08-28T05:23:03.1742489Z #define FILE_DISPOSITION_FLAG_DO_NOT_DELETE              0x00000000
windows	Build the native Windows release provider and TypeScript	2026-08-28T05:23:03.1744026Z #define FILE_DISPOSITION_FLAG_DELETE                     0x00000001
windows	Build the native Windows release provider and TypeScript	2026-08-28T05:23:03.1745692Z #define FILE_DISPOSITION_FLAG_POSIX_SEMANTICS            0x00000002
windows	Build the native Windows release provider and TypeScript	2026-08-28T05:23:03.1747197Z #define FILE_DISPOSITION_FLAG_FORCE_IMAGE_SECTION_CHECK  0x00000004
windows	Build the native Windows release provider and TypeScript	2026-08-28T05:23:03.1748406Z #define FILE_DISPOSITION_FLAG_ON_CLOSE                   0x00000008
windows	Build the native Windows release provider and TypeScript	2026-08-28T05:23:03.1749872Z #if (_WIN32_WINNT >= _WIN32_WINNT_WIN10_RS5)
windows	Build the native Windows release provider and TypeScript	2026-08-28T05:23:03.1751270Z #define FILE_DISPOSITION_FLAG_IGNORE_READONLY_ATTRIBUTE  0x00000010
windows	Build the native Windows release provider and TypeScript	2026-08-28T05:23:03.1752549Z #endif
windows	Build the native Windows release provider and TypeScript	2026-08-28T05:23:03.1754020Z 
windows	Build the native Windows release provider and TypeScript	2026-08-28T05:23:03.1755635Z typedef struct _FILE_DISPOSITION_INFO_EX {
windows	Build the native Windows release provider and TypeScript	2026-08-28T05:23:03.1756630Z     DWORD Flags;
windows	Build the native Windows release provider and TypeScript	2026-08-28T05:23:03.1758221Z } FILE_DISPOSITION_INFO_EX, *PFILE_DISPOSITION_INFO_EX;
windows	Build the native Windows release provider and TypeScript	2026-08-28T05:23:03.1758963Z #endif
windows	Build the native Windows release provider and TypeScript	2026-08-28T05:23:03.1760089Z 
windows	Build the native Windows release provider and TypeScript	2026-08-28T05:23:03.1761512Z typedef struct _FILE_ID_BOTH_DIR_INFO {
windows	Build the native Windows release provider and TypeScript	2026-08-28T05:23:03.1762914Z     DWORD NextEntryOffset;
windows	Build the native Windows release provider and TypeScript	2026-08-28T05:23:03.1763976Z     DWORD FileIndex;
windows	Build the native Windows release provider and TypeScript	2026-08-28T05:23:03.1765544Z     LARGE_INTEGER CreationTime;
windows	Build the native Windows release provider and TypeScript	2026-08-28T05:23:03.1767047Z     LARGE_INTEGER LastAccessTime;
windows	Build the native Windows release provider and TypeScript	2026-08-28T05:23:03.1768381Z     LARGE_INTEGER LastWriteTime;
windows	Build the native Windows release provider and TypeScript	2026-08-28T05:23:03.1769759Z     LARGE_INTEGER ChangeTime;
windows	Build the native Windows release provider and TypeScript	2026-08-28T05:23:03.1771169Z     LARGE_INTEGER EndOfFile;
windows	Build the native Windows release provider and TypeScript	2026-08-28T05:23:03.1772362Z     LARGE_INTEGER AllocationSize;
windows	Build the native Windows release provider and TypeScript	2026-08-28T05:23:03.1773772Z     DWORD FileAttributes;
windows	Build the native Windows release provider and TypeScript	2026-08-28T05:23:03.1774923Z     DWORD FileNameLength;
windows	Build the native Windows release provider and TypeScript	2026-08-28T05:23:03.1777435Z --- um/WinBase.h line 9170 ---
windows	Build the native Windows release provider and TypeScript	2026-08-28T05:23:03.1778926Z 
windows	Build the native Windows release provider and TypeScript	2026-08-28T05:23:03.1780361Z typedef struct _FILE_DISPOSITION_INFO_EX {
windows	Build the native Windows release provider and TypeScript	2026-08-28T05:23:03.1781507Z     DWORD Flags;
windows	Build the native Windows release provider and TypeScript	2026-08-28T05:23:03.1783210Z } FILE_DISPOSITION_INFO_EX, *PFILE_DISPOSITION_INFO_EX;
windows	Build the native Windows release provider and TypeScript	2026-08-28T05:23:03.1784526Z #endif
windows	Build the native Windows release provider and TypeScript	2026-08-28T05:23:03.1785384Z 
windows	Build the native Windows release provider and TypeScript	2026-08-28T05:23:03.1793222Z typedef struct _FILE_ID_BOTH_DIR_INFO {
windows	Build the native Windows release provider and TypeScript	2026-08-28T05:23:03.1794743Z     DWORD NextEntryOffset;
windows	Build the native Windows release provider and TypeScript	2026-08-28T05:23:03.1796149Z     DWORD FileIndex;
windows	Build the native Windows release provider and TypeScript	2026-08-28T05:23:03.1797466Z     LARGE_INTEGER CreationTime;
windows	Build the native Windows release provider and TypeScript	2026-08-28T05:23:03.1798934Z     LARGE_INTEGER LastAccessTime;
windows	Build the native Windows release provider and TypeScript	2026-08-28T05:23:03.1800226Z     LARGE_INTEGER LastWriteTime;
windows	Build the native Windows release provider and TypeScript	2026-08-28T05:23:03.1801517Z     LARGE_INTEGER ChangeTime;
windows	Build the native Windows release provider and TypeScript	2026-08-28T05:23:03.1803003Z     LARGE_INTEGER EndOfFile;
windows	Build the native Windows release provider and TypeScript	2026-08-28T05:23:03.1804575Z     LARGE_INTEGER AllocationSize;
windows	Build the native Windows release provider and TypeScript	2026-08-28T05:23:03.1805612Z     DWORD FileAttributes;
windows	Build the native Windows release provider and TypeScript	2026-08-28T05:23:03.1807017Z     DWORD FileNameLength;
windows	Build the native Windows release provider and TypeScript	2026-08-28T05:23:03.1808372Z     DWORD EaSize;
windows	Build the native Windows release provider and TypeScript	2026-08-28T05:23:03.1809573Z     CCHAR ShortNameLength;
windows	Build the native Windows release provider and TypeScript	2026-08-28T05:23:03.1811802Z     WCHAR ShortName[12];
windows	Build the native Windows release provider and TypeScript	2026-08-28T05:23:03.1812468Z     LARGE_INTEGER FileId;
windows	Build the native Windows release provider and TypeScript	2026-08-28T05:23:03.1814677Z     WCHAR FileName[1];
windows	Build the native Windows release provider and TypeScript	2026-08-28T05:23:03.1815978Z } FILE_ID_BOTH_DIR_INFO, *PFILE_ID_BOTH_DIR_INFO;
windows	Build the native Windows release provider and TypeScript	2026-08-28T05:23:03.1817162Z 
windows	Build the native Windows release provider and TypeScript	2026-08-28T05:23:03.1819790Z typedef struct _FILE_FULL_DIR_INFO {
windows	Build the native Windows release provider and TypeScript	2026-08-28T05:23:03.1821700Z     ULONG NextEntryOffset;
windows	Build the native Windows release provider and TypeScript	2026-08-28T05:23:03.1822463Z     ULONG FileIndex;
windows	Build the native Windows release provider and TypeScript	2026-08-28T05:23:03.1823851Z     LARGE_INTEGER CreationTime;
windows	Build the native Windows release provider and TypeScript	2026-08-28T05:23:03.1825337Z     LARGE_INTEGER LastAccessTime;
windows	Build the native Windows release provider and TypeScript	2026-08-28T05:23:03.1826705Z     LARGE_INTEGER LastWriteTime;
windows	Build the native Windows release provider and TypeScript	2026-08-28T05:23:03.1828284Z     LARGE_INTEGER ChangeTime;
windows	Build the native Windows release provider and TypeScript	2026-08-28T05:23:03.1829613Z --- um/WinBase.h line 9259 ---
windows	Build the native Windows release provider and TypeScript	2026-08-28T05:23:03.1831788Z //
windows	Build the native Windows release provider and TypeScript	2026-08-28T05:23:03.1833011Z typedef struct _FILE_ID_INFO {
windows	Build the native Windows release provider and TypeScript	2026-08-28T05:23:03.1835049Z     ULONGLONG VolumeSerialNumber;
windows	Build the native Windows release provider and TypeScript	2026-08-28T05:23:03.1835667Z     FILE_ID_128 FileId;
windows	Build the native Windows release provider and TypeScript	2026-08-28T05:23:03.1836493Z } FILE_ID_INFO, *PFILE_ID_INFO;
windows	Build the native Windows release provider and TypeScript	2026-08-28T05:23:03.1838275Z 
windows	Build the native Windows release provider and TypeScript	2026-08-28T05:23:03.1839783Z //
windows	Build the native Windows release provider and TypeScript	2026-08-28T05:23:03.1842421Z //  Structure definition for FileIdExtdDirectoryInfo
windows	Build the native Windows release provider and TypeScript	2026-08-28T05:23:03.1843016Z //
windows	Build the native Windows release provider and TypeScript	2026-08-28T05:23:03.1844419Z typedef struct _FILE_ID_EXTD_DIR_INFO {
windows	Build the native Windows release provider and TypeScript	2026-08-28T05:23:03.1848033Z     ULONG NextEntryOffset;
windows	Build the native Windows release provider and TypeScript	2026-08-28T05:23:03.1850464Z     ULONG FileIndex;
windows	Build the native Windows release provider and TypeScript	2026-08-28T05:23:03.1852328Z     LARGE_INTEGER CreationTime;
windows	Build the native Windows release provider and TypeScript	2026-08-28T05:23:03.1854792Z     LARGE_INTEGER LastAccessTime;
windows	Build the native Windows release provider and TypeScript	2026-08-28T05:23:03.1857205Z     LARGE_INTEGER LastWriteTime;
windows	Build the native Windows release provider and TypeScript	2026-08-28T05:23:03.1861319Z     LARGE_INTEGER ChangeTime;
windows	Build the native Windows release provider and TypeScript	2026-08-28T05:23:03.1864237Z     LARGE_INTEGER EndOfFile;
windows	Build the native Windows release provider and TypeScript	2026-08-28T05:23:03.1866092Z     LARGE_INTEGER AllocationSize;
windows	Build the native Windows release provider and TypeScript	2026-08-28T05:23:03.1867309Z     ULONG FileAttributes;
windows	Build the native Windows release provider and TypeScript	2026-08-28T05:23:03.1868539Z     ULONG FileNameLength;
windows	Build the native Windows release provider and TypeScript	2026-08-28T05:23:03.1871312Z     ULONG EaSize;
windows	Build the native Windows release provider and TypeScript	2026-08-28T05:23:03.1873431Z     ULONG ReparsePointTag;
windows	Build the native Windows release provider and TypeScript	2026-08-28T05:23:03.1874965Z     FILE_ID_128 FileId;
windows	Build the native Windows release provider and TypeScript	2026-08-28T05:23:03.1876510Z     WCHAR FileName[1];
windows	Build the native Windows release provider and TypeScript	2026-08-28T05:23:03.1878030Z } FILE_ID_EXTD_DIR_INFO, *PFILE_ID_EXTD_DIR_INFO;
windows	Build the native Windows release provider and TypeScript	2026-08-28T05:23:03.1880664Z 
windows	Build the native Windows release provider and TypeScript	2026-08-28T05:23:03.1882365Z #endif
windows	Build the native Windows release provider and TypeScript	2026-08-28T05:23:03.1883799Z 
windows	Build the native Windows release provider and TypeScript	2026-08-28T05:23:03.1885177Z //
windows	Build the native Windows release provider and TypeScript	2026-08-28T05:23:03.1887250Z // File Remote protocol info (FileRemoteProtocolInfo)
windows	Build the native Windows release provider and TypeScript	2026-08-28T05:23:03.1888513Z //
windows	Build the native Windows release provider and TypeScript	2026-08-28T05:23:03.1890275Z --- um/fileapi.h line 889 ---
windows	Build the native Windows release provider and TypeScript	2026-08-28T05:23:03.1891327Z WINAPI
windows	Build the native Windows release provider and TypeScript	2026-08-28T05:23:03.1901303Z GetVolumeInformationByHandleW(
windows	Build the native Windows release provider and TypeScript	2026-08-28T05:23:03.1904111Z     _In_ HANDLE hFile,
windows	Build the native Windows release provider and TypeScript	2026-08-28T05:23:03.1907247Z     _Out_writes_opt_(nVolumeNameSize) LPWSTR lpVolumeNameBuffer,
windows	Build the native Windows release provider and TypeScript	2026-08-28T05:23:03.1965158Z     _In_ DWORD nVolumeNameSize,
windows	Build the native Windows release provider and TypeScript	2026-08-28T05:23:03.1966221Z     _Out_opt_ LPDWORD lpVolumeSerialNumber,
windows	Build the native Windows release provider and TypeScript	2026-08-28T05:23:03.1968725Z     _Out_opt_ LPDWORD lpMaximumComponentLength,
windows	Build the native Windows release provider and TypeScript	2026-08-28T05:23:03.1969478Z     _Out_opt_ LPDWORD lpFileSystemFlags,
windows	Build the native Windows release provider and TypeScript	2026-08-28T05:23:03.1970135Z     _Out_writes_opt_(nFileSystemNameSize) LPWSTR lpFileSystemNameBuffer,
windows	Build the native Windows release provider and TypeScript	2026-08-28T05:23:03.1971278Z     _In_ DWORD nFileSystemNameSize
windows	Build the native Windows release provider and TypeScript	2026-08-28T05:23:03.1972132Z     );
windows	Build the native Windows release provider and TypeScript	2026-08-28T05:23:03.1972645Z 
windows	Build the native Windows release provider and TypeScript	2026-08-28T05:23:03.1973959Z #endif /* _WIN32_WINNT >=  0x0600 */
windows	Build the native Windows release provider and TypeScript	2026-08-28T05:23:03.1975030Z 
windows	Build the native Windows release provider and TypeScript	2026-08-28T05:23:03.1976264Z WINBASEAPI
windows	Build the native Windows release provider and TypeScript	2026-08-28T05:23:03.1977120Z BOOL
windows	Build the native Windows release provider and TypeScript	2026-08-28T05:23:03.1978344Z WINAPI
windows	Build the native Windows release provider and TypeScript	2026-08-28T05:23:03.1979125Z GetVolumeInformationW(
windows	Build the native Windows release provider and TypeScript	2026-08-28T05:23:03.1980147Z     _In_opt_ LPCWSTR lpRootPathName,
windows	Build the native Windows release provider and TypeScript	2026-08-28T05:23:03.1981199Z     _Out_writes_opt_(nVolumeNameSize) LPWSTR lpVolumeNameBuffer,
windows	Build the native Windows release provider and TypeScript	2026-08-28T05:23:03.1982143Z     _In_ DWORD nVolumeNameSize,
windows	Build the native Windows release provider and TypeScript	2026-08-28T05:23:03.1983040Z     _Out_opt_ LPDWORD lpVolumeSerialNumber,
windows	Build the native Windows release provider and TypeScript	2026-08-28T05:23:03.1984439Z     _Out_opt_ LPDWORD lpMaximumComponentLength,
windows	Build the native Windows release provider and TypeScript	2026-08-28T05:23:03.1986756Z     _Out_opt_ LPDWORD lpFileSystemFlags,
windows	Build the native Windows release provider and TypeScript	2026-08-28T05:23:03.1987872Z     _Out_writes_opt_(nFileSystemNameSize) LPWSTR lpFileSystemNameBuffer,
windows	Build the native Windows release provider and TypeScript	2026-08-28T05:23:03.1988924Z     _In_ DWORD nFileSystemNameSize
windows	Build the native Windows release provider and TypeScript	2026-08-28T05:23:03.1989702Z     );
windows	Build the native Windows release provider and TypeScript	2026-08-28T05:23:03.1990274Z 
windows	Build the native Windows release provider and TypeScript	2026-08-28T05:23:03.1991584Z #ifdef UNICODE
windows	Build the native Windows release provider and TypeScript	2026-08-28T05:23:03.1992451Z #define GetVolumeInformation  GetVolumeInformationW
windows	Build the native Windows release provider and TypeScript	2026-08-28T05:23:03.1993875Z #endif
windows	Build the native Windows release provider and TypeScript	2026-08-28T05:23:05.7424342Z contained-fs.cc
windows	Build the native Windows release provider and TypeScript	2026-08-28T05:23:21.6723806Z D:\a\exspecso\exspecso\native\contained-fs.cc(75): warning C4267: 'argument': conversion from 'size_t' to 'uint32_t', possible loss of data
windows	Build the native Windows release provider and TypeScript	2026-08-28T05:23:29.0853751Z    Creating library C:\Users\RUNNER~1\AppData\Local\Temp\exspecso-native-build-ZKhIlr\contained-fs.lib and object C:\Users\RUNNER~1\AppData\Local\Temp\exspecso-native-build-ZKhIlr\contained-fs.exp
windows	Build the native Windows release provider and TypeScript	2026-08-28T05:23:29.3340637Z Microsoft (R) COFF/PE Dumper Version 14.44.35228.0
windows	Build the native Windows release provider and TypeScript	2026-08-28T05:23:29.3341228Z Copyright (C) Microsoft Corporation.  All rights reserved.
windows	Build the native Windows release provider and TypeScript	2026-08-28T05:23:29.3341520Z 
windows	Build the native Windows release provider and TypeScript	2026-08-28T05:23:29.3341559Z 
windows	Build the native Windows release provider and TypeScript	2026-08-28T05:23:29.3341815Z Dump of file D:\a\exspecso\exspecso\dist\native\win32-x64\contained-fs.node
windows	Build the native Windows release provider and TypeScript	2026-08-28T05:23:29.3342170Z 
windows	Build the native Windows release provider and TypeScript	2026-08-28T05:23:29.3342312Z File Type: DLL
windows	Build the native Windows release provider and TypeScript	2026-08-28T05:23:29.3342481Z 
windows	Build the native Windows release provider and TypeScript	2026-08-28T05:23:29.3342703Z   Image has the following dependencies:
windows	Build the native Windows release provider and TypeScript	2026-08-28T05:23:29.3343189Z 
windows	Build the native Windows release provider and TypeScript	2026-08-28T05:23:29.3343536Z     node.exe
windows	Build the native Windows release provider and TypeScript	2026-08-28T05:23:29.3343813Z     KERNEL32.dll
windows	Build the native Windows release provider and TypeScript	2026-08-28T05:23:29.3343978Z 
windows	Build the native Windows release provider and TypeScript	2026-08-28T05:23:29.3344084Z   Summary
windows	Build the native Windows release provider and TypeScript	2026-08-28T05:23:29.3344266Z 
windows	Build the native Windows release provider and TypeScript	2026-08-28T05:23:29.3344367Z         2000 .data
windows	Build the native Windows release provider and TypeScript	2026-08-28T05:23:29.3344653Z         1000 .fptable
windows	Build the native Windows release provider and TypeScript	2026-08-28T05:23:29.3344949Z         2000 .pdata
windows	Build the native Windows release provider and TypeScript	2026-08-28T05:23:29.3345257Z        10000 .rdata
windows	Build the native Windows release provider and TypeScript	2026-08-28T05:23:29.3345536Z         1000 .reloc
windows	Build the native Windows release provider and TypeScript	2026-08-28T05:23:29.3345819Z        1A000 .text
windows	Build the native Windows release provider and TypeScript	2026-08-28T05:23:29.3345965Z 
windows	Build the native Windows release provider and TypeScript	2026-08-28T05:23:29.3784242Z {"variant":"release","target":"win32-x64","binary":"D:\\a\\exspecso\\exspecso\\dist\\native\\win32-x64\\contained-fs.node","sha256":"8d4196d2b9674636dfb61064b0ac7eedaa1b50ba9c4e2133898f6b9bb418fe61","buildCommit":"bdbde5c5735d859fbd704433bc0a10d075e4fe5f"}
windows	Build the native Windows release provider and TypeScript	2026-08-28T05:23:30.8557424Z 
windows	Build the native Windows release provider and TypeScript	2026-08-28T05:23:30.8558421Z > exspecso@0.1.0 build
windows	Build the native Windows release provider and TypeScript	2026-08-28T05:23:30.8559782Z > tsc -p tsconfig.json
windows	Build the native Windows release provider and TypeScript	2026-08-28T05:23:30.8560412Z 
windows	Prove native Windows provider parity	﻿2026-08-28T05:23:31.2560758Z ##[group]Run npm test -- --run tests/unit/contained-fs.test.ts --testTimeout 30000 --reporter=default --reporter=json --outputFile=windows-provider-results.json
windows	Prove native Windows provider parity	2026-08-28T05:23:31.2562216Z [36;1mnpm test -- --run tests/unit/contained-fs.test.ts --testTimeout 30000 --reporter=default --reporter=json --outputFile=windows-provider-results.json[0m
windows	Prove native Windows provider parity	2026-08-28T05:23:31.2650072Z shell: C:\Program Files\PowerShell\7\pwsh.EXE -command ". '{0}'"
windows	Prove native Windows provider parity	2026-08-28T05:23:31.2650597Z env:
windows	Prove native Windows provider parity	2026-08-28T05:23:31.2651022Z   EXSPECSO_NODE_HEADERS: D:\a\_temp\node-v20.19.0-headers.tar.gz
windows	Prove native Windows provider parity	2026-08-28T05:23:31.2651525Z   EXSPECSO_NODE_LIB: D:\a\_temp\node.lib
windows	Prove native Windows provider parity	2026-08-28T05:23:31.2651941Z ##[endgroup]
windows	Prove native Windows provider parity	2026-08-28T05:23:31.8152533Z 
windows	Prove native Windows provider parity	2026-08-28T05:23:31.8153491Z > exspecso@0.1.0 test
windows	Prove native Windows provider parity	2026-08-28T05:23:31.8154677Z > vitest --run tests/unit/contained-fs.test.ts --testTimeout 30000 --reporter=default --reporter=json --outputFile=windows-provider-results.json
windows	Prove native Windows provider parity	2026-08-28T05:23:31.8155620Z 
windows	Prove native Windows provider parity	2026-08-28T05:23:32.2681747Z 
windows	Prove native Windows provider parity	2026-08-28T05:23:32.2685562Z [1m[30m[46m RUN [49m[39m[22m [36mv4.1.11 [39m[90mD:/a/exspecso/exspecso[39m
windows	Prove native Windows provider parity	2026-08-28T05:23:32.2685984Z 
windows	Prove native Windows provider parity	2026-08-28T05:23:47.1869615Z  [32m✓[39m tests/unit/contained-fs.test.ts [2m([22m[2m11 tests[22m[2m)[22m[33m 14609[2mms[22m[39m
windows	Prove native Windows provider parity	2026-08-28T05:23:47.1871745Z      [33m[2m✓[22m[39m NP-01 rejects invalid components and wrong types without creating entries [33m 9881[2mms[22m[39m
windows	Prove native Windows provider parity	2026-08-28T05:23:47.1873467Z      [33m[2m✓[22m[39m NP-01 rejects symlink directories and file leaves [33m 443[2mms[22m[39m
windows	Prove native Windows provider parity	2026-08-28T05:23:47.1874627Z      [33m[2m✓[22m[39m NP-02 replaces an entry without modifying its hardlink alias [33m 459[2mms[22m[39m
windows	Prove native Windows provider parity	2026-08-28T05:23:47.1875660Z      [33m[2m✓[22m[39m NP-02 binds a moved directory object and never follows its substituted name (limitation) [33m 455[2mms[22m[39m
windows	Prove native Windows provider parity	2026-08-28T05:23:47.1876590Z      [33m[2m✓[22m[39m NP-03 rejects replacement with a file from a different parent and closes idempotently [33m 436[2mms[22m[39m
windows	Prove native Windows provider parity	2026-08-28T05:23:47.1877708Z      [33m[2m✓[22m[39m NP-01 creates exclusively and removes only the named file or empty directory [33m 450[2mms[22m[39m
windows	Prove native Windows provider parity	2026-08-28T05:23:47.1878634Z      [33m[2m✓[22m[39m NP-03 rejects writes through a read-only capability and invalid buffers [33m 434[2mms[22m[39m
windows	Prove native Windows provider parity	2026-08-28T05:23:47.1879610Z      [33m[2m✓[22m[39m W-01 rejects junctions, alternate streams, device aliases and wrong entry kinds [33m 450[2mms[22m[39m
windows	Prove native Windows provider parity	2026-08-28T05:23:47.1880573Z      [33m[2m✓[22m[39m W-02 replaces with an open reader while preserving the old object and full identity observation [33m 440[2mms[22m[39m
windows	Prove native Windows provider parity	2026-08-28T05:23:47.1881449Z      [33m[2m✓[22m[39m W-02 rejects a substituted private sibling without replacing the intended target [33m 437[2mms[22m[39m
windows	Prove native Windows provider parity	2026-08-28T05:23:47.1882288Z      [33m[2m✓[22m[39m W-02 reports a real sharing conflict without modifying either file [33m 722[2mms[22m[39m
windows	Prove native Windows provider parity	2026-08-28T05:23:47.1924485Z 
windows	Prove native Windows provider parity	2026-08-28T05:23:47.1928907Z [2m Test Files [22m [1m[32m1 passed[39m[22m[90m (1)[39m
windows	Prove native Windows provider parity	2026-08-28T05:23:47.1930019Z [2m      Tests [22m [1m[32m11 passed[39m[22m[90m (11)[39m
windows	Prove native Windows provider parity	2026-08-28T05:23:47.1932228Z [2m   Start at [22m 05:23:32
windows	Prove native Windows provider parity	2026-08-28T05:23:47.1934352Z [2m   Duration [22m 14.92s[2m (transform 82ms, setup 0ms, import 109ms, tests 14.61s, environment 0ms)[22m
windows	Prove native Windows provider parity	2026-08-28T05:23:47.1938186Z 
windows	Prove native Windows provider parity	2026-08-28T05:23:47.1965053Z JSON report written to D:/a/exspecso/exspecso/windows-provider-results.json
windows	Record the historical installed CLI race RED	﻿2026-08-28T05:23:47.3403222Z ##[group]Run npm test -- --run tests/integration/init-codex-tracer.test.ts -t 'native (leaf|parent|ancestor) substitution' --reporter=default --reporter=json --outputFile=historical-red-results.json
windows	Record the historical installed CLI race RED	2026-08-28T05:23:47.3404802Z [36;1mnpm test -- --run tests/integration/init-codex-tracer.test.ts -t 'native (leaf|parent|ancestor) substitution' --reporter=default --reporter=json --outputFile=historical-red-results.json[0m
windows	Record the historical installed CLI race RED	2026-08-28T05:23:47.3405783Z [36;1mif ($LASTEXITCODE -ne 1) { throw 'Expected historical regression exit 1' }[0m
windows	Record the historical installed CLI race RED	2026-08-28T05:23:47.3406949Z [36;1mnode -e "const r=require('./historical-red-results.json');const a=r.testResults.flatMap(t=>t.assertionResults).filter(t=>t.status==='failed');if(a.length!==3||a.some(t=>!t.failureMessages.join('').includes('external sentinel')))process.exit(1)"[0m
windows	Record the historical installed CLI race RED	2026-08-28T05:23:47.3408093Z [36;1mif ($LASTEXITCODE) { throw 'Historical failures did not reproduce the external-write regression' }[0m
windows	Record the historical installed CLI race RED	2026-08-28T05:23:47.3408643Z [36;1mexit 0[0m
windows	Record the historical installed CLI race RED	2026-08-28T05:23:47.3502758Z shell: C:\Program Files\PowerShell\7\pwsh.EXE -command ". '{0}'"
windows	Record the historical installed CLI race RED	2026-08-28T05:23:47.3503214Z env:
windows	Record the historical installed CLI race RED	2026-08-28T05:23:47.3503621Z   EXSPECSO_NODE_HEADERS: D:\a\_temp\node-v20.19.0-headers.tar.gz
windows	Record the historical installed CLI race RED	2026-08-28T05:23:47.3504047Z   EXSPECSO_NODE_LIB: D:\a\_temp\node.lib
windows	Record the historical installed CLI race RED	2026-08-28T05:23:47.3504391Z   EXSPECSO_RUN_VULNERABLE_TRACER: 1
windows	Record the historical installed CLI race RED	2026-08-28T05:23:47.3504740Z ##[endgroup]
windows	Record the historical installed CLI race RED	2026-08-28T05:23:47.9026576Z 
windows	Record the historical installed CLI race RED	2026-08-28T05:23:47.9027543Z > exspecso@0.1.0 test
windows	Record the historical installed CLI race RED	2026-08-28T05:23:47.9028516Z > vitest --run tests/integration/init-codex-tracer.test.ts -t native (leaf|parent|ancestor) substitution --reporter=default --reporter=json --outputFile=historical-red-results.json
windows	Record the historical installed CLI race RED	2026-08-28T05:23:47.9029207Z 
windows	Record the historical installed CLI race RED	2026-08-28T05:23:48.3388414Z 
windows	Record the historical installed CLI race RED	2026-08-28T05:23:48.3395214Z [1m[30m[46m RUN [49m[39m[22m [36mv4.1.11 [39m[90mD:/a/exspecso/exspecso[39m
windows	Record the historical installed CLI race RED	2026-08-28T05:23:48.3395827Z 
windows	Record the historical installed CLI race RED	2026-08-28T05:23:48.6920720Z  [31m❯[39m tests/integration/init-codex-tracer.test.ts [2m([22m[2m11 tests[22m[2m | [22m[31m3 failed[39m[2m | [22m[33m8 skipped[39m[2m)[22m[32m 32[2mms[22m[39m
windows	Record the historical installed CLI race RED	2026-08-28T05:23:48.6922361Z      [2m[90m↓[39m[22m contained promotion tracer rejects a missing installed provider before any project mutation
windows	Record the historical installed CLI race RED	2026-08-28T05:23:48.6923256Z [31m     [31m×[31m contained promotion tracer reaches the native leaf substitution boundary[39m[32m 23[2mms[22m[39m
windows	Record the historical installed CLI race RED	2026-08-28T05:23:48.6924125Z [31m     [31m×[31m contained promotion tracer reaches the native parent substitution boundary[39m[32m 3[2mms[22m[39m
windows	Record the historical installed CLI race RED	2026-08-28T05:23:48.6925003Z [31m     [31m×[31m contained promotion tracer reaches the native ancestor substitution boundary[39m[32m 3[2mms[22m[39m
windows	Record the historical installed CLI race RED	2026-08-28T05:23:48.6925771Z      [2m[90m↓[39m[22m contained promotion tracer preserves an external hardlink during an additive rerun
windows	Record the historical installed CLI race RED	2026-08-28T05:23:48.6926469Z      [2m[90m↓[39m[22m creates only the canonical foundation and Codex adapter
windows	Record the historical installed CLI race RED	2026-08-28T05:23:48.6927096Z      [2m[90m↓[39m[22m returns an error before writing when the selected agent is unsupported
windows	Record the historical installed CLI race RED	2026-08-28T05:23:48.6927729Z      [2m[90m↓[39m[22m resolves the containing Git root before initialization
windows	Record the historical installed CLI race RED	2026-08-28T05:23:48.6928367Z      [2m[90m↓[39m[22m initializes at the nearest containing Git root from a deep nested cwd
windows	Record the historical installed CLI race RED	2026-08-28T05:23:48.6928979Z      [2m[90m↓[39m[22m uses a nested Git repository instead of its parent repository
windows	Record the historical installed CLI race RED	2026-08-28T05:23:48.6929600Z      [2m[90m↓[39m[22m reports a repairable no-repository diagnostic without writes
windows	Record the historical installed CLI race RED	2026-08-28T05:23:48.6952202Z 
windows	Record the historical installed CLI race RED	2026-08-28T05:23:48.6954216Z [31m⎯⎯⎯⎯⎯⎯⎯[39m[1m[41m Failed Tests 3 [49m[22m[31m⎯⎯⎯⎯⎯⎯⎯[39m
windows	Record the historical installed CLI race RED	2026-08-28T05:23:48.6954859Z 
windows	Record the historical installed CLI race RED	2026-08-28T05:23:48.6961454Z [41m[1m FAIL [22m[49m tests/integration/init-codex-tracer.test.ts[2m > [22mpacked Codex initializer tracer[2m > [22mcontained promotion tracer reaches the native leaf substitution boundary
windows	Record the historical installed CLI race RED	2026-08-28T05:23:48.6964134Z [41m[1m FAIL [22m[49m tests/integration/init-codex-tracer.test.ts[2m > [22mpacked Codex initializer tracer[2m > [22mcontained promotion tracer reaches the native parent substitution boundary
windows	Record the historical installed CLI race RED	2026-08-28T05:23:48.6969029Z [41m[1m FAIL [22m[49m tests/integration/init-codex-tracer.test.ts[2m > [22mpacked Codex initializer tracer[2m > [22mcontained promotion tracer reaches the native ancestor substitution boundary
windows	Record the historical installed CLI race RED	2026-08-28T05:23:48.6973060Z [31m[1mError[22m: Historical source mismatch: src/adapters/managed-file.ts[39m
windows	Record the historical installed CLI race RED	2026-08-28T05:23:48.6974949Z [36m [2m❯[22m installVulnerablePackage tests/helpers/containment-fixture.ts:[2m54:80[22m[39m
windows	Record the historical installed CLI race RED	2026-08-28T05:23:48.7028034Z     [90m 52|[39m       const alternate = name === "src/filesystem/transaction.ts" ? "tr…
windows	Record the historical installed CLI race RED	2026-08-28T05:23:48.7029663Z     [90m 53|[39m       const bytes = await readFile(alternate ? join(fixture, alternate…
windows	Record the historical installed CLI race RED	2026-08-28T05:23:48.7031074Z     [90m 54|[39m       if (createHash("sha256").update(bytes).digest("hex") !== expecte…
windows	Record the historical installed CLI race RED	2026-08-28T05:23:48.7032060Z     [90m   |[39m                                                                                [31m^[39m
windows	Record the historical installed CLI race RED	2026-08-28T05:23:48.7033473Z     [90m 55|[39m       [35mawait[39m [34mmkdir[39m([34mdirname[39m([34mjoin[39m(staged[33m,[39m name))[33m,[39m { recursive[33m:[39m [35mtrue[39m })[33m;[39m
windows	Record the historical installed CLI race RED	2026-08-28T05:23:48.7035022Z     [90m 56|[39m       [35mawait[39m [34mwriteFile[39m([34mjoin[39m(staged[33m,[39m name)[33m,[39m bytes)[33m;[39m
windows	Record the historical installed CLI race RED	2026-08-28T05:23:48.7036526Z [90m [2m❯[22m tests/integration/init-codex-tracer.test.ts:[2m68:79[22m[39m
windows	Record the historical installed CLI race RED	2026-08-28T05:23:48.7036995Z 
windows	Record the historical installed CLI race RED	2026-08-28T05:23:48.7038600Z [31m[2m⎯⎯⎯⎯⎯⎯⎯⎯⎯⎯⎯⎯⎯⎯⎯⎯⎯⎯⎯⎯⎯⎯⎯⎯[1/3]⎯[22m[39m
windows	Record the historical installed CLI race RED	2026-08-28T05:23:48.7039014Z 
windows	Record the historical installed CLI race RED	2026-08-28T05:23:48.7039095Z 
windows	Record the historical installed CLI race RED	2026-08-28T05:23:48.7042005Z [2m Test Files [22m [1m[31m1 failed[39m[22m[90m (1)[39m
windows	Record the historical installed CLI race RED	2026-08-28T05:23:48.7043335Z [2m      Tests [22m [1m[31m3 failed[39m[22m[2m | [22m[33m8 skipped[39m[90m (11)[39m
windows	Record the historical installed CLI race RED	2026-08-28T05:23:48.7044624Z [2m   Start at [22m 05:23:48
windows	Record the historical installed CLI race RED	2026-08-28T05:23:48.7045557Z [2m   Duration [22m 347ms[2m (transform 93ms, setup 0ms, import 124ms, tests 32ms, environment 0ms)[22m
windows	Record the historical installed CLI race RED	2026-08-28T05:23:48.7046499Z 
windows	Record the historical installed CLI race RED	2026-08-28T05:23:48.7072396Z JSON report written to D:/a/exspecso/exspecso/historical-red-results.json
windows	Record the historical installed CLI race RED	2026-08-28T05:23:49.0484990Z [31;1mException: [0mD:\a\_temp\2e5e0ba4-0196-438b-b16b-8e0bc6ccb6f4.ps1:5[0m
windows	Record the historical installed CLI race RED	2026-08-28T05:23:49.0485927Z [31;1m[0m[36;1mLine |[0m
windows	Record the historical installed CLI race RED	2026-08-28T05:23:49.0486968Z [31;1m[0m[36;1m[36;1m   5 | [0m … EXITCODE) { [36;1mthrow 'Historical failures did not reproduce the external[0m …[0m
windows	Record the historical installed CLI race RED	2026-08-28T05:23:49.0487729Z [31;1m[0m[36;1m[36;1m[0m[36;1m[0m[36;1m     | [31;1m               ~~~~~~~~~~~~~~~~~~~~~~~~~~~~~~~~~~~~~~~~~~~~~~~~~~~~~~~~~[0m
windows	Record the historical installed CLI race RED	2026-08-28T05:23:49.0488490Z [31;1m[0m[36;1m[36;1m[0m[36;1m[0m[36;1m[31;1m[31;1m[36;1m     | [31;1mHistorical failures did not reproduce the external-write regression[0m
windows	Record the historical installed CLI race RED	2026-08-28T05:23:49.0966920Z ##[error]Process completed with exit code 1.
windows	Preserve actual Windows observations	﻿2026-08-28T05:23:49.1179294Z Node 20 is being deprecated. This workflow is running with Node 24 by default. If you need to temporarily use Node 20, you can set the ACTIONS_ALLOW_USE_UNSECURE_NODE_VERSION=true environment variable. For more information see: https://github.blog/changelog/2025-09-19-deprecation-of-node-20-on-github-actions-runners/
windows	Preserve actual Windows observations	2026-08-28T05:23:49.1186833Z ##[group]Run actions/upload-artifact@ea165f8d65b6e75b540449e92b4886f43607fa02
windows	Preserve actual Windows observations	2026-08-28T05:23:49.1187627Z with:
windows	Preserve actual Windows observations	2026-08-28T05:23:49.1187944Z   name: containment-windows-parity
windows	Preserve actual Windows observations	2026-08-28T05:23:49.1188668Z   path: windows-preflight/
windows	Preserve actual Windows observations	windows-provider-results.json
windows	Preserve actual Windows observations	historical-red-results.json
windows	Preserve actual Windows observations	windows-tracer-results.json
windows	Preserve actual Windows observations	dist/native/
windows	Preserve actual Windows observations	
windows	Preserve actual Windows observations	2026-08-28T05:23:49.1189342Z   if-no-files-found: error
windows	Preserve actual Windows observations	2026-08-28T05:23:49.1189660Z   retention-days: 7
windows	Preserve actual Windows observations	2026-08-28T05:23:49.1189963Z   compression-level: 6
windows	Preserve actual Windows observations	2026-08-28T05:23:49.1190263Z   overwrite: false
windows	Preserve actual Windows observations	2026-08-28T05:23:49.1190547Z   include-hidden-files: false
windows	Preserve actual Windows observations	2026-08-28T05:23:49.1190887Z env:
windows	Preserve actual Windows observations	2026-08-28T05:23:49.1191235Z   EXSPECSO_NODE_HEADERS: D:\a\_temp\node-v20.19.0-headers.tar.gz
windows	Preserve actual Windows observations	2026-08-28T05:23:49.1191792Z   EXSPECSO_NODE_LIB: D:\a\_temp\node.lib
windows	Preserve actual Windows observations	2026-08-28T05:23:49.1192754Z ##[endgroup]
windows	Preserve actual Windows observations	2026-08-28T05:23:49.3333276Z (node:5404) [DEP0040] DeprecationWarning: The `punycode` module is deprecated. Please use a userland alternative instead.
windows	Preserve actual Windows observations	2026-08-28T05:23:49.3334381Z (Use `node --trace-deprecation ...` to show where the warning was created)
windows	Preserve actual Windows observations	2026-08-28T05:23:49.3444734Z Multiple search paths detected. Calculating the least common ancestor of all paths
windows	Preserve actual Windows observations	2026-08-28T05:23:49.3448524Z The least common ancestor is D:\a\exspecso\exspecso. This will be the root directory of the artifact
windows	Preserve actual Windows observations	2026-08-28T05:23:49.3449130Z With the provided path, there will be 7 files uploaded
windows	Preserve actual Windows observations	2026-08-28T05:23:49.3454003Z Artifact name is valid!
windows	Preserve actual Windows observations	2026-08-28T05:23:49.3455090Z Root directory input is valid!
windows	Preserve actual Windows observations	2026-08-28T05:23:49.7164627Z Beginning upload of artifact content to blob storage
windows	Preserve actual Windows observations	2026-08-28T05:23:49.7555034Z (node:5404) [DEP0169] DeprecationWarning: `url.parse()` behavior is not standardized and prone to errors that have security implications. Use the WHATWG URL API instead. CVEs are not issued for `url.parse()` vulnerabilities.
windows	Preserve actual Windows observations	2026-08-28T05:23:50.0608237Z Uploaded bytes 96001
windows	Preserve actual Windows observations	2026-08-28T05:23:50.1208348Z Finished uploading artifact content to blob storage!
windows	Preserve actual Windows observations	2026-08-28T05:23:50.1209297Z SHA256 digest of uploaded artifact zip is e37a16a45987d39b5e12bf9321afb056682148fe33e26b75b81db016144283f5
windows	Preserve actual Windows observations	2026-08-28T05:23:50.1212059Z Finalizing artifact upload
windows	Preserve actual Windows observations	2026-08-28T05:23:50.3767021Z Artifact containment-windows-parity.zip successfully finalized. Artifact ID 9675272098
windows	Preserve actual Windows observations	2026-08-28T05:23:50.3768163Z Artifact containment-windows-parity has been successfully uploaded! Final size is 96001 bytes. Artifact ID is 9675272098
windows	Preserve actual Windows observations	2026-08-28T05:23:50.3779247Z Artifact download URL: https://github.com/ishk-sftckz/exspecso/actions/runs/33144576050/artifacts/9675272098
windows	Complete job	﻿2026-08-28T05:23:50.4033727Z Cleaning up orphan processes
windows	Complete job	2026-08-28T05:23:50.4570239Z Terminate orphan process: pid (1096) (vctip)
windows	Complete job	2026-08-28T05:23:50.4584305Z ##[warning]Node.js 20 is deprecated. The following actions target Node.js 20 but are being forced to run on Node.js 24: actions/upload-artifact@ea165f8d65b6e75b540449e92b4886f43607fa02. For more information see: https://github.blog/changelog/2025-09-19-deprecation-of-node-20-on-github-actions-runners/
