macos	Set up job	﻿2026-08-28T05:16:58.0054210Z Current runner version: '2.336.0'
macos	Set up job	2026-08-28T05:16:58.0071230Z ##[group]Runner Image Provisioner
macos	Set up job	2026-08-28T05:16:58.0071820Z Hosted Compute Agent
macos	Set up job	2026-08-28T05:16:58.0072190Z Version: 20260707.563
macos	Set up job	2026-08-28T05:16:58.0072580Z Commit: 02667638d2b423fbc733a8e32a88b44996a3ba6e
macos	Set up job	2026-08-28T05:16:58.0073050Z Build Date: 2026-07-07T19:33:50Z
macos	Set up job	2026-08-28T05:16:58.0073480Z Worker ID: {38f509f1-817b-4cee-b22e-f135e4e407e1}
macos	Set up job	2026-08-28T05:16:58.0073930Z Azure Region: westus
macos	Set up job	2026-08-28T05:16:58.0074290Z ##[endgroup]
macos	Set up job	2026-08-28T05:16:58.0075150Z ##[group]Operating System
macos	Set up job	2026-08-28T05:16:58.0075540Z macOS
macos	Set up job	2026-08-28T05:16:58.0075850Z 15.7.7
macos	Set up job	2026-08-28T05:16:58.0076170Z 24G720
macos	Set up job	2026-08-28T05:16:58.0076500Z ##[endgroup]
macos	Set up job	2026-08-28T05:16:58.0076850Z ##[group]Runner Image
macos	Set up job	2026-08-28T05:16:58.0077220Z Image: macos-15-arm64
macos	Set up job	2026-08-28T05:16:58.0077710Z Version: 20260727.0256.1
macos	Set up job	2026-08-28T05:16:58.0078430Z Included Software: https://github.com/actions/runner-images/blob/macos-15-arm64/20260727.0256/images/macos/macos-15-arm64-Readme.md
macos	Set up job	2026-08-28T05:16:58.0079550Z Image Release: https://github.com/actions/runner-images/releases/tag/macos-15-arm64%2F20260727.0256
macos	Set up job	2026-08-28T05:16:58.0080200Z ##[endgroup]
macos	Set up job	2026-08-28T05:16:58.0080890Z ##[group]GITHUB_TOKEN Permissions
macos	Set up job	2026-08-28T05:16:58.0082060Z Metadata: read
macos	Set up job	2026-08-28T05:16:58.0082520Z ##[endgroup]
macos	Set up job	2026-08-28T05:16:58.0083880Z Secret source: Actions
macos	Set up job	2026-08-28T05:16:58.0084660Z Prepare workflow directory
macos	Set up job	2026-08-28T05:16:58.0362760Z Prepare all required actions
macos	Set up job	2026-08-28T05:16:58.0402130Z Getting action download info
macos	Set up job	2026-08-28T05:16:58.4193560Z Download action repository 'actions/upload-artifact@ea165f8d65b6e75b540449e92b4886f43607fa02' (SHA:ea165f8d65b6e75b540449e92b4886f43607fa02)
macos	Set up job	2026-08-28T05:16:58.8863210Z Complete job name: macos
macos	Fetch this exact public task snapshot	﻿2026-08-28T05:16:58.9491690Z ##[group]Run git init .
macos	Fetch this exact public task snapshot	2026-08-28T05:16:58.9492230Z [36;1mgit init .[0m
macos	Fetch this exact public task snapshot	2026-08-28T05:16:58.9492790Z [36;1mgit remote add origin https://github.com/ishk-sftckz/exspecso.git[0m
macos	Fetch this exact public task snapshot	2026-08-28T05:16:58.9493670Z [36;1mgit fetch --depth=1 origin "$GITHUB_SHA"[0m
macos	Fetch this exact public task snapshot	2026-08-28T05:16:58.9494190Z [36;1mgit checkout --detach FETCH_HEAD[0m
macos	Fetch this exact public task snapshot	2026-08-28T05:16:58.9539530Z shell: /bin/bash --noprofile --norc -e -o pipefail {0}
macos	Fetch this exact public task snapshot	2026-08-28T05:16:58.9540320Z env:
macos	Fetch this exact public task snapshot	2026-08-28T05:16:58.9540760Z   DEVELOPER_DIR: /Applications/Xcode_16.4.app/Contents/Developer
macos	Fetch this exact public task snapshot	2026-08-28T05:16:58.9541260Z ##[endgroup]
macos	Fetch this exact public task snapshot	2026-08-28T05:16:59.0775770Z hint: Using 'master' as the name for the initial branch. This default branch name
macos	Fetch this exact public task snapshot	2026-08-28T05:16:59.0776740Z hint: will change to "main" in Git 3.0. To configure the initial branch name
macos	Fetch this exact public task snapshot	2026-08-28T05:16:59.0777500Z hint: to use in all of your new repositories, which will suppress this warning,
macos	Fetch this exact public task snapshot	2026-08-28T05:16:59.0778200Z hint: call:
macos	Fetch this exact public task snapshot	2026-08-28T05:16:59.0778590Z hint:
macos	Fetch this exact public task snapshot	2026-08-28T05:16:59.0779030Z hint: 	git config --global init.defaultBranch <name>
macos	Fetch this exact public task snapshot	2026-08-28T05:16:59.0779620Z hint:
macos	Fetch this exact public task snapshot	2026-08-28T05:16:59.0780130Z hint: Names commonly chosen instead of 'master' are 'main', 'trunk' and
macos	Fetch this exact public task snapshot	2026-08-28T05:16:59.0780880Z Initialized empty Git repository in /Users/runner/work/exspecso/exspecso/.git/
macos	Fetch this exact public task snapshot	2026-08-28T05:16:59.0781800Z hint: 'development'. The just-created branch can be renamed via this command:
macos	Fetch this exact public task snapshot	2026-08-28T05:16:59.0782390Z hint:
macos	Fetch this exact public task snapshot	2026-08-28T05:16:59.0782770Z hint: 	git branch -m <name>
macos	Fetch this exact public task snapshot	2026-08-28T05:16:59.0783250Z hint:
macos	Fetch this exact public task snapshot	2026-08-28T05:16:59.0783720Z hint: Disable this message with "git config set advice.defaultBranchName false"
macos	Fetch this exact public task snapshot	2026-08-28T05:16:59.6948450Z From https://github.com/ishk-sftckz/exspecso
macos	Fetch this exact public task snapshot	2026-08-28T05:16:59.6949780Z  * branch            48aeed78bfb8ea10cc130d9a15e230197d80e837 -> FETCH_HEAD
macos	Fetch this exact public task snapshot	2026-08-28T05:16:59.7393650Z HEAD is now at 48aeed7 test(01-10): verify final Windows parity and Mac regression together
macos	Verify the approved runner and fetch checksum-verified Node inputs	﻿2026-08-28T05:16:59.7523310Z ##[group]Run node --input-type=module <<'NODE'
macos	Verify the approved runner and fetch checksum-verified Node inputs	2026-08-28T05:16:59.7524030Z [36;1mnode --input-type=module <<'NODE'[0m
macos	Verify the approved runner and fetch checksum-verified Node inputs	2026-08-28T05:16:59.7524570Z [36;1mimport { createHash } from 'node:crypto';[0m
macos	Verify the approved runner and fetch checksum-verified Node inputs	2026-08-28T05:16:59.7525190Z [36;1mimport { writeFileSync, appendFileSync } from 'node:fs';[0m
macos	Verify the approved runner and fetch checksum-verified Node inputs	2026-08-28T05:16:59.7527020Z [36;1mimport { execFileSync } from 'node:child_process';[0m
macos	Verify the approved runner and fetch checksum-verified Node inputs	2026-08-28T05:16:59.7527720Z [36;1mimport { join } from 'node:path';[0m
macos	Verify the approved runner and fetch checksum-verified Node inputs	2026-08-28T05:16:59.7528940Z [36;1mif (process.arch !== 'arm64' || process.env.ImageVersion !== '20260727.0256.1') throw new Error('Runner CPU/image drift: ' + JSON.stringify({arch: process.arch, image: process.env.ImageVersion}));[0m
macos	Verify the approved runner and fetch checksum-verified Node inputs	2026-08-28T05:16:59.7530300Z [36;1mconst base = 'https://nodejs.org/dist/v20.19.0/';[0m
macos	Verify the approved runner and fetch checksum-verified Node inputs	2026-08-28T05:16:59.7531070Z [36;1mconst sumsResponse = await fetch(base + 'SHASUMS256.txt');[0m
macos	Verify the approved runner and fetch checksum-verified Node inputs	2026-08-28T05:16:59.7531830Z [36;1mif (!sumsResponse.ok) throw new Error('Cannot fetch Node checksums');[0m
macos	Verify the approved runner and fetch checksum-verified Node inputs	2026-08-28T05:16:59.7532630Z [36;1mconst sums = await sumsResponse.text();[0m
macos	Verify the approved runner and fetch checksum-verified Node inputs	2026-08-28T05:16:59.7533510Z [36;1mfor (const name of ['node-v20.19.0-darwin-arm64.tar.gz', 'node-v20.19.0-headers.tar.gz']) {[0m
macos	Verify the approved runner and fetch checksum-verified Node inputs	2026-08-28T05:16:59.7534390Z [36;1m  const response = await fetch(base + name);[0m
macos	Verify the approved runner and fetch checksum-verified Node inputs	2026-08-28T05:16:59.7535050Z [36;1m  if (!response.ok) throw new Error('Cannot fetch ' + name);[0m
macos	Verify the approved runner and fetch checksum-verified Node inputs	2026-08-28T05:16:59.7535880Z [36;1m  const bytes = Buffer.from(await response.arrayBuffer());[0m
macos	Verify the approved runner and fetch checksum-verified Node inputs	2026-08-28T05:16:59.7536630Z [36;1m  const sha256 = createHash('sha256').update(bytes).digest('hex');[0m
macos	Verify the approved runner and fetch checksum-verified Node inputs	2026-08-28T05:16:59.7537590Z [36;1m  const expected = sums.split('\n').map(line => line.trim().split(/\s+/)).find(parts => parts[1] === name)?.[0];[0m
macos	Verify the approved runner and fetch checksum-verified Node inputs	2026-08-28T05:16:59.7539250Z [36;1m  if (sha256 !== expected) throw new Error('Node input hash mismatch: ' + name);[0m
macos	Verify the approved runner and fetch checksum-verified Node inputs	2026-08-28T05:16:59.7540170Z [36;1m  writeFileSync(join(process.env.RUNNER_TEMP, name), bytes);[0m
macos	Verify the approved runner and fetch checksum-verified Node inputs	2026-08-28T05:16:59.7540870Z [36;1m  console.log(JSON.stringify({name, sha256}));[0m
macos	Verify the approved runner and fetch checksum-verified Node inputs	2026-08-28T05:16:59.7541430Z [36;1m}[0m
macos	Verify the approved runner and fetch checksum-verified Node inputs	2026-08-28T05:16:59.7542240Z [36;1mexecFileSync('tar', ['-xzf', join(process.env.RUNNER_TEMP, 'node-v20.19.0-darwin-arm64.tar.gz'), '-C', process.env.RUNNER_TEMP]);[0m
macos	Verify the approved runner and fetch checksum-verified Node inputs	2026-08-28T05:16:59.7544030Z [36;1mappendFileSync(process.env.GITHUB_PATH, join(process.env.RUNNER_TEMP, 'node-v20.19.0-darwin-arm64', 'bin') + '\n');[0m
macos	Verify the approved runner and fetch checksum-verified Node inputs	2026-08-28T05:16:59.7545450Z [36;1mappendFileSync(process.env.GITHUB_ENV, 'EXSPECSO_NODE_HEADERS=' + join(process.env.RUNNER_TEMP, 'node-v20.19.0-headers.tar.gz') + '\n');[0m
macos	Verify the approved runner and fetch checksum-verified Node inputs	2026-08-28T05:16:59.7546850Z [36;1mconsole.log(JSON.stringify({image: process.env.ImageVersion, arch: process.arch}));[0m
macos	Verify the approved runner and fetch checksum-verified Node inputs	2026-08-28T05:16:59.7547570Z [36;1mNODE[0m
macos	Verify the approved runner and fetch checksum-verified Node inputs	2026-08-28T05:16:59.7597260Z shell: /bin/bash --noprofile --norc -e -o pipefail {0}
macos	Verify the approved runner and fetch checksum-verified Node inputs	2026-08-28T05:16:59.7597940Z env:
macos	Verify the approved runner and fetch checksum-verified Node inputs	2026-08-28T05:16:59.7598480Z   DEVELOPER_DIR: /Applications/Xcode_16.4.app/Contents/Developer
macos	Verify the approved runner and fetch checksum-verified Node inputs	2026-08-28T05:16:59.7599050Z ##[endgroup]
macos	Verify the approved runner and fetch checksum-verified Node inputs	2026-08-28T05:17:00.9805250Z {"name":"node-v20.19.0-darwin-arm64.tar.gz","sha256":"c016cd1975a264a29dc1b07c6fbe60d5df0a0c2beb4113c0450e3d998d1a0d9c"}
macos	Verify the approved runner and fetch checksum-verified Node inputs	2026-08-28T05:17:01.3165490Z {"name":"node-v20.19.0-headers.tar.gz","sha256":"800194e32cef4ee77f5a2e8c0e5dd2b4acb38b39ef2ea544929c181b949494bb"}
macos	Verify the approved runner and fetch checksum-verified Node inputs	2026-08-28T05:17:03.0026890Z {"image":"20260727.0256.1","arch":"arm64"}
macos	Install locked development dependencies without lifecycle scripts	﻿2026-08-28T05:17:03.0404610Z ##[group]Run npm ci --ignore-scripts
macos	Install locked development dependencies without lifecycle scripts	2026-08-28T05:17:03.0405050Z [36;1mnpm ci --ignore-scripts[0m
macos	Install locked development dependencies without lifecycle scripts	2026-08-28T05:17:03.0470410Z shell: /bin/bash -e {0}
macos	Install locked development dependencies without lifecycle scripts	2026-08-28T05:17:03.0470880Z env:
macos	Install locked development dependencies without lifecycle scripts	2026-08-28T05:17:03.0471250Z   DEVELOPER_DIR: /Applications/Xcode_16.4.app/Contents/Developer
macos	Install locked development dependencies without lifecycle scripts	2026-08-28T05:17:03.0471770Z   EXSPECSO_NODE_HEADERS: /Users/runner/work/_temp/node-v20.19.0-headers.tar.gz
macos	Install locked development dependencies without lifecycle scripts	2026-08-28T05:17:03.0472300Z ##[endgroup]
macos	Install locked development dependencies without lifecycle scripts	2026-08-28T05:17:04.9417320Z 
macos	Install locked development dependencies without lifecycle scripts	2026-08-28T05:17:04.9419190Z added 75 packages, and audited 76 packages in 2s
macos	Install locked development dependencies without lifecycle scripts	2026-08-28T05:17:04.9438450Z 
macos	Install locked development dependencies without lifecycle scripts	2026-08-28T05:17:04.9444910Z 20 packages are looking for funding
macos	Install locked development dependencies without lifecycle scripts	2026-08-28T05:17:04.9445780Z   run `npm fund` for details
macos	Install locked development dependencies without lifecycle scripts	2026-08-28T05:17:04.9447990Z 
macos	Install locked development dependencies without lifecycle scripts	2026-08-28T05:17:04.9448300Z found 0 vulnerabilities
macos	Build the release provider and TypeScript	﻿2026-08-28T05:17:04.9580440Z ##[group]Run node native/build.mjs --variant release --target darwin-arm64 --out . --headers "$EXSPECSO_NODE_HEADERS"
macos	Build the release provider and TypeScript	2026-08-28T05:17:04.9583430Z [36;1mnode native/build.mjs --variant release --target darwin-arm64 --out . --headers "$EXSPECSO_NODE_HEADERS"[0m
macos	Build the release provider and TypeScript	2026-08-28T05:17:04.9583860Z [36;1mnpm run build[0m
macos	Build the release provider and TypeScript	2026-08-28T05:17:04.9618600Z shell: /bin/bash -e {0}
macos	Build the release provider and TypeScript	2026-08-28T05:17:04.9618810Z env:
macos	Build the release provider and TypeScript	2026-08-28T05:17:04.9619040Z   DEVELOPER_DIR: /Applications/Xcode_16.4.app/Contents/Developer
macos	Build the release provider and TypeScript	2026-08-28T05:17:04.9619470Z   EXSPECSO_NODE_HEADERS: /Users/runner/work/_temp/node-v20.19.0-headers.tar.gz
macos	Build the release provider and TypeScript	2026-08-28T05:17:04.9619800Z ##[endgroup]
macos	Build the release provider and TypeScript	2026-08-28T05:17:10.7902100Z {"variant":"release","target":"darwin-arm64","binary":"/Users/runner/work/exspecso/exspecso/dist/native/darwin-arm64/contained-fs.node","sha256":"0f96f9185b7caedb8f355c7a8440b074e8b0c6f51c6efc99e1c46b6e4ede990e","buildCommit":"48aeed78bfb8ea10cc130d9a15e230197d80e837"}
macos	Build the release provider and TypeScript	2026-08-28T05:17:11.1638140Z 
macos	Build the release provider and TypeScript	2026-08-28T05:17:11.1639620Z > exspecso@0.1.0 build
macos	Build the release provider and TypeScript	2026-08-28T05:17:11.1641170Z > tsc -p tsconfig.json
macos	Build the release provider and TypeScript	2026-08-28T05:17:11.1642110Z 
macos	Run the provider and installed tracer tests	﻿2026-08-28T05:17:11.4349180Z ##[group]Run npm test -- --run tests/unit/contained-fs.test.ts tests/integration/init-codex-tracer.test.ts --testTimeout 60000 --reporter=default --reporter=json --outputFile=tracer-results.json
macos	Run the provider and installed tracer tests	2026-08-28T05:17:11.4350580Z [36;1mnpm test -- --run tests/unit/contained-fs.test.ts tests/integration/init-codex-tracer.test.ts --testTimeout 60000 --reporter=default --reporter=json --outputFile=tracer-results.json[0m
macos	Run the provider and installed tracer tests	2026-08-28T05:17:11.4386850Z shell: /bin/bash -e {0}
macos	Run the provider and installed tracer tests	2026-08-28T05:17:11.4387100Z env:
macos	Run the provider and installed tracer tests	2026-08-28T05:17:11.4387470Z   DEVELOPER_DIR: /Applications/Xcode_16.4.app/Contents/Developer
macos	Run the provider and installed tracer tests	2026-08-28T05:17:11.4387930Z   EXSPECSO_NODE_HEADERS: /Users/runner/work/_temp/node-v20.19.0-headers.tar.gz
macos	Run the provider and installed tracer tests	2026-08-28T05:17:11.4388320Z ##[endgroup]
macos	Run the provider and installed tracer tests	2026-08-28T05:17:11.5998050Z 
macos	Run the provider and installed tracer tests	2026-08-28T05:17:11.6076470Z > exspecso@0.1.0 test
macos	Run the provider and installed tracer tests	2026-08-28T05:17:11.6123660Z > vitest --run tests/unit/contained-fs.test.ts tests/integration/init-codex-tracer.test.ts --testTimeout 60000 --reporter=default --reporter=json --outputFile=tracer-results.json
macos	Run the provider and installed tracer tests	2026-08-28T05:17:11.6131840Z 
macos	Run the provider and installed tracer tests	2026-08-28T05:17:11.8914560Z 
macos	Run the provider and installed tracer tests	2026-08-28T05:17:11.8937000Z [1m[30m[46m RUN [49m[39m[22m [36mv4.1.11 [39m[90m/Users/runner/work/exspecso/exspecso[39m
macos	Run the provider and installed tracer tests	2026-08-28T05:17:11.8938200Z 
macos	Run the provider and installed tracer tests	2026-08-28T05:17:12.2984320Z  [32m✓[39m tests/unit/contained-fs.test.ts [2m([22m[2m10 tests[22m[2m)[22m[32m 217[2mms[22m[39m
macos	Run the provider and installed tracer tests	2026-08-28T05:17:20.9672610Z [90mstdout[2m | tests/integration/init-codex-tracer.test.ts[2m > [22m[2mpacked Codex initializer tracer[2m > [22m[2mcontained promotion tracer reaches the native leaf substitution boundary
macos	Run the provider and installed tracer tests	2026-08-28T05:17:20.9688600Z [22m[39m{"family":"TR-01","site":"leaf","mode":"instrumented","limitation":false,"provider":"/private/var/folders/_5/zjnzxgh147qcg3bb5cg2wvqw0000gn/T/exspecso-test-install-t6OCB7/runner/node_modules/exspecso/dist/native/darwin-arm64/contained-fs.node","providerSHA256":"e86700d99e1a83cda4765612b43f374f479143f760e34b1b8308aef33e05af93","tarballSHA256":"406ccb7cde9907ba6af5559e59130490e9c844a043b694f56e7d824c7ee517af","provenance":{"buildCommit":"48aeed78bfb8ea10cc130d9a15e230197d80e837","variant":"test","sources":{"native/contained-fs.cc":"f4d3532be4e1df6a561f26c78f02b6b72ac911752952018925fb70f982e6d3bc","native/contained-fs-posix.cc":"e1f4a20784d71345143e763da09652cebcfca1ea8f912aa425a45f731b422fdf","native/contained-fs-win.cc":"58d2e4633842f6e8fc2ec5799d4767eb6bf3cf6ad66d07369f7294b8844009d8","native/build.mjs":"4036a919bbb5b115ffe23ed16377fb5568dbdf7ef3094774ff49e38d2098432b","native/windows-preflight.ps1":"03ca2bffed190f0b194d21064db49dda7f2a954abdae17348049e0beb4cca23c"},"headerHash":"800194e32cef4ee77f5a2e8c0e5dd2b4acb38b39ef2ea544929c181b949494bb","compiler":"/Applications/Xcode_16.4.app/Contents/Developer/Toolchains/XcodeDefault.xctoolchain/usr/bin/clang++","compilerVersion":"Apple clang version 17.0.0 (clang-1700.0.13.5)\nTarget: arm64-apple-darwin24.6.0\nThread model: posix\nInstalledDir: /Applications/Xcode_16.4.app/Contents/Developer/Toolchains/XcodeDefault.xctoolchain/usr/bin","sdkVersion":"15.5","xcode":"Xcode 16.4\nBuild version 16F6","osVersion":"15.7.7","osBuild":"24G720","args":["-std=c++17","-O2","-Wall","-Wextra","-fvisibility=hidden","-bundle","-undefined","dynamic_lookup","-isysroot","/Applications/Xcode_16.4.app/Contents/Developer/Platforms/MacOSX.platform/Developer/SDKs/MacOSX15.5.sdk","-mmacosx-version-min=15.7.7","-DNAPI_VERSION=8","-DNODE_GYP_MODULE_NAME=contained_fs","-I","/var/folders/_5/zjnzxgh147qcg3bb5cg2wvqw0000gn/T/exspecso-native-build-qwqWqs/node-v20.19.0/include/node","-DEXSPECSO_CONTAINMENT_TEST=1","/Users/runner/work/exspecso/exspecso/native/contained-fs.cc","-o","/var/folders/_5/zjnzxgh147qcg3bb5cg2wvqw0000gn/T/exspecso-test-install-t6OCB7/package/dist/native/darwin-arm64/contained-fs.node"],"binarySHA256":"e86700d99e1a83cda4765612b43f374f479143f760e34b1b8308aef33e05af93"},"reached":{"operation":"replace:before","pid":8253,"providerPath":"/private/var/folders/_5/zjnzxgh147qcg3bb5cg2wvqw0000gn/T/exspecso-test-install-t6OCB7/runner/node_modules/exspecso/dist/native/darwin-arm64/contained-fs.node"},"exitCode":1}
macos	Run the provider and installed tracer tests	2026-08-28T05:17:20.9822410Z 
macos	Run the provider and installed tracer tests	2026-08-28T05:17:25.6241000Z [90mstdout[2m | tests/integration/init-codex-tracer.test.ts[2m > [22m[2mpacked Codex initializer tracer[2m > [22m[2mcontained promotion tracer reaches the native parent substitution boundary
macos	Run the provider and installed tracer tests	2026-08-28T05:17:25.6355160Z [22m[39m{"family":"TR-01","site":"parent","mode":"instrumented","limitation":true,"provider":"/private/var/folders/_5/zjnzxgh147qcg3bb5cg2wvqw0000gn/T/exspecso-test-install-y8Cuzf/runner/node_modules/exspecso/dist/native/darwin-arm64/contained-fs.node","providerSHA256":"e86700d99e1a83cda4765612b43f374f479143f760e34b1b8308aef33e05af93","tarballSHA256":"aa39362628d187a5ca5b9722dca417250ecb9c24c0b8904f7e75ea0a6cc233a8","provenance":{"buildCommit":"48aeed78bfb8ea10cc130d9a15e230197d80e837","variant":"test","sources":{"native/contained-fs.cc":"f4d3532be4e1df6a561f26c78f02b6b72ac911752952018925fb70f982e6d3bc","native/contained-fs-posix.cc":"e1f4a20784d71345143e763da09652cebcfca1ea8f912aa425a45f731b422fdf","native/contained-fs-win.cc":"58d2e4633842f6e8fc2ec5799d4767eb6bf3cf6ad66d07369f7294b8844009d8","native/build.mjs":"4036a919bbb5b115ffe23ed16377fb5568dbdf7ef3094774ff49e38d2098432b","native/windows-preflight.ps1":"03ca2bffed190f0b194d21064db49dda7f2a954abdae17348049e0beb4cca23c"},"headerHash":"800194e32cef4ee77f5a2e8c0e5dd2b4acb38b39ef2ea544929c181b949494bb","compiler":"/Applications/Xcode_16.4.app/Contents/Developer/Toolchains/XcodeDefault.xctoolchain/usr/bin/clang++","compilerVersion":"Apple clang version 17.0.0 (clang-1700.0.13.5)\nTarget: arm64-apple-darwin24.6.0\nThread model: posix\nInstalledDir: /Applications/Xcode_16.4.app/Contents/Developer/Toolchains/XcodeDefault.xctoolchain/usr/bin","sdkVersion":"15.5","xcode":"Xcode 16.4\nBuild version 16F6","osVersion":"15.7.7","osBuild":"24G720","args":["-std=c++17","-O2","-Wall","-Wextra","-fvisibility=hidden","-bundle","-undefined","dynamic_lookup","-isysroot","/Applications/Xcode_16.4.app/Contents/Developer/Platforms/MacOSX.platform/Developer/SDKs/MacOSX15.5.sdk","-mmacosx-version-min=15.7.7","-DNAPI_VERSION=8","-DNODE_GYP_MODULE_NAME=contained_fs","-I","/var/folders/_5/zjnzxgh147qcg3bb5cg2wvqw0000gn/T/exspecso-native-build-RaLq7M/node-v20.19.0/include/node","-DEXSPECSO_CONTAINMENT_TEST=1","/Users/runner/work/exspecso/exspecso/native/contained-fs.cc","-o","/var/folders/_5/zjnzxgh147qcg3bb5cg2wvqw0000gn/T/exspecso-test-install-y8Cuzf/package/dist/native/darwin-arm64/contained-fs.node"],"binarySHA256":"e86700d99e1a83cda4765612b43f374f479143f760e34b1b8308aef33e05af93"},"reached":{"operation":"replace:before","pid":8595,"providerPath":"/private/var/folders/_5/zjnzxgh147qcg3bb5cg2wvqw0000gn/T/exspecso-test-install-y8Cuzf/runner/node_modules/exspecso/dist/native/darwin-arm64/contained-fs.node"},"exitCode":0}
macos	Run the provider and installed tracer tests	2026-08-28T05:17:25.6464310Z 
macos	Run the provider and installed tracer tests	2026-08-28T05:17:30.5715330Z [90mstdout[2m | tests/integration/init-codex-tracer.test.ts[2m > [22m[2mpacked Codex initializer tracer[2m > [22m[2mcontained promotion tracer reaches the native ancestor substitution boundary
macos	Run the provider and installed tracer tests	2026-08-28T05:17:30.5736670Z [22m[39m{"family":"TR-01","site":"ancestor","mode":"instrumented","limitation":true,"provider":"/private/var/folders/_5/zjnzxgh147qcg3bb5cg2wvqw0000gn/T/exspecso-test-install-wsfPiI/runner/node_modules/exspecso/dist/native/darwin-arm64/contained-fs.node","providerSHA256":"e86700d99e1a83cda4765612b43f374f479143f760e34b1b8308aef33e05af93","tarballSHA256":"74521b1a8a1419b2837bfc78f30dc566c8668ffd44f2bca0d96c9528d4dc0176","provenance":{"buildCommit":"48aeed78bfb8ea10cc130d9a15e230197d80e837","variant":"test","sources":{"native/contained-fs.cc":"f4d3532be4e1df6a561f26c78f02b6b72ac911752952018925fb70f982e6d3bc","native/contained-fs-posix.cc":"e1f4a20784d71345143e763da09652cebcfca1ea8f912aa425a45f731b422fdf","native/contained-fs-win.cc":"58d2e4633842f6e8fc2ec5799d4767eb6bf3cf6ad66d07369f7294b8844009d8","native/build.mjs":"4036a919bbb5b115ffe23ed16377fb5568dbdf7ef3094774ff49e38d2098432b","native/windows-preflight.ps1":"03ca2bffed190f0b194d21064db49dda7f2a954abdae17348049e0beb4cca23c"},"headerHash":"800194e32cef4ee77f5a2e8c0e5dd2b4acb38b39ef2ea544929c181b949494bb","compiler":"/Applications/Xcode_16.4.app/Contents/Developer/Toolchains/XcodeDefault.xctoolchain/usr/bin/clang++","compilerVersion":"Apple clang version 17.0.0 (clang-1700.0.13.5)\nTarget: arm64-apple-darwin24.6.0\nThread model: posix\nInstalledDir: /Applications/Xcode_16.4.app/Contents/Developer/Toolchains/XcodeDefault.xctoolchain/usr/bin","sdkVersion":"15.5","xcode":"Xcode 16.4\nBuild version 16F6","osVersion":"15.7.7","osBuild":"24G720","args":["-std=c++17","-O2","-Wall","-Wextra","-fvisibility=hidden","-bundle","-undefined","dynamic_lookup","-isysroot","/Applications/Xcode_16.4.app/Contents/Developer/Platforms/MacOSX.platform/Developer/SDKs/MacOSX15.5.sdk","-mmacosx-version-min=15.7.7","-DNAPI_VERSION=8","-DNODE_GYP_MODULE_NAME=contained_fs","-I","/var/folders/_5/zjnzxgh147qcg3bb5cg2wvqw0000gn/T/exspecso-native-build-sRuGRZ/node-v20.19.0/include/node","-DEXSPECSO_CONTAINMENT_TEST=1","/Users/runner/work/exspecso/exspecso/native/contained-fs.cc","-o","/var/folders/_5/zjnzxgh147qcg3bb5cg2wvqw0000gn/T/exspecso-test-install-wsfPiI/package/dist/native/darwin-arm64/contained-fs.node"],"binarySHA256":"e86700d99e1a83cda4765612b43f374f479143f760e34b1b8308aef33e05af93"},"reached":{"operation":"replace:before","pid":8736,"providerPath":"/private/var/folders/_5/zjnzxgh147qcg3bb5cg2wvqw0000gn/T/exspecso-test-install-wsfPiI/runner/node_modules/exspecso/dist/native/darwin-arm64/contained-fs.node"},"exitCode":0}
macos	Run the provider and installed tracer tests	2026-08-28T05:17:30.5749420Z 
macos	Run the provider and installed tracer tests	2026-08-28T05:17:41.5969960Z  [32m✓[39m tests/integration/init-codex-tracer.test.ts [2m([22m[2m11 tests[22m[2m)[22m[33m 29505[2mms[22m[39m
macos	Run the provider and installed tracer tests	2026-08-28T05:17:41.6070050Z      [33m[2m✓[22m[39m contained promotion tracer rejects a missing installed provider before any project mutation [33m 3735[2mms[22m[39m
macos	Run the provider and installed tracer tests	2026-08-28T05:17:41.6171970Z      [33m[2m✓[22m[39m contained promotion tracer reaches the native leaf substitution boundary [33m 5223[2mms[22m[39m
macos	Run the provider and installed tracer tests	2026-08-28T05:17:41.6273990Z      [33m[2m✓[22m[39m contained promotion tracer reaches the native parent substitution boundary [33m 4647[2mms[22m[39m
macos	Run the provider and installed tracer tests	2026-08-28T05:17:41.6277840Z      [33m[2m✓[22m[39m contained promotion tracer reaches the native ancestor substitution boundary [33m 4978[2mms[22m[39m
macos	Run the provider and installed tracer tests	2026-08-28T05:17:41.6281820Z      [33m[2m✓[22m[39m contained promotion tracer preserves an external hardlink during an additive rerun [33m 3566[2mms[22m[39m
macos	Run the provider and installed tracer tests	2026-08-28T05:17:41.6344820Z      [33m[2m✓[22m[39m creates only the canonical foundation and Codex adapter [33m 1557[2mms[22m[39m
macos	Run the provider and installed tracer tests	2026-08-28T05:17:41.6345550Z      [33m[2m✓[22m[39m returns an error before writing when the selected agent is unsupported [33m 1304[2mms[22m[39m
macos	Run the provider and installed tracer tests	2026-08-28T05:17:41.6346280Z      [33m[2m✓[22m[39m initializes at the nearest containing Git root from a deep nested cwd [33m 1420[2mms[22m[39m
macos	Run the provider and installed tracer tests	2026-08-28T05:17:41.6346990Z      [33m[2m✓[22m[39m uses a nested Git repository instead of its parent repository [33m 1530[2mms[22m[39m
macos	Run the provider and installed tracer tests	2026-08-28T05:17:41.6348090Z      [33m[2m✓[22m[39m reports a repairable no-repository diagnostic without writes [33m 1541[2mms[22m[39m
macos	Run the provider and installed tracer tests	2026-08-28T05:17:41.6348410Z 
macos	Run the provider and installed tracer tests	2026-08-28T05:17:41.6348570Z [2m Test Files [22m [1m[32m2 passed[39m[22m[90m (2)[39m
macos	Run the provider and installed tracer tests	2026-08-28T05:17:41.6348910Z [2m      Tests [22m [1m[32m21 passed[39m[22m[90m (21)[39m
macos	Run the provider and installed tracer tests	2026-08-28T05:17:41.6349170Z [2m   Start at [22m 05:17:11
macos	Run the provider and installed tracer tests	2026-08-28T05:17:41.6349690Z [2m   Duration [22m 29.70s[2m (transform 139ms, setup 0ms, import 167ms, tests 29.72s, environment 0ms)[22m
macos	Run the provider and installed tracer tests	2026-08-28T05:17:41.6350000Z 
macos	Run the provider and installed tracer tests	2026-08-28T05:17:41.6350200Z JSON report written to /Users/runner/work/exspecso/exspecso/tracer-results.json
macos	Run the existing regression suite with the host provider	﻿2026-08-28T05:17:41.6381760Z ##[group]Run npm test -- --run --testTimeout 60000 --reporter=default --reporter=json --outputFile=regression-results.json
macos	Run the existing regression suite with the host provider	2026-08-28T05:17:41.6382530Z [36;1mnpm test -- --run --testTimeout 60000 --reporter=default --reporter=json --outputFile=regression-results.json[0m
macos	Run the existing regression suite with the host provider	2026-08-28T05:17:41.6414450Z shell: /bin/bash -e {0}
macos	Run the existing regression suite with the host provider	2026-08-28T05:17:41.6414610Z env:
macos	Run the existing regression suite with the host provider	2026-08-28T05:17:41.6414900Z   DEVELOPER_DIR: /Applications/Xcode_16.4.app/Contents/Developer
macos	Run the existing regression suite with the host provider	2026-08-28T05:17:41.6415400Z   EXSPECSO_NODE_HEADERS: /Users/runner/work/_temp/node-v20.19.0-headers.tar.gz
macos	Run the existing regression suite with the host provider	2026-08-28T05:17:41.6415770Z ##[endgroup]
macos	Run the existing regression suite with the host provider	2026-08-28T05:17:41.7777310Z 
macos	Run the existing regression suite with the host provider	2026-08-28T05:17:41.7878400Z > exspecso@0.1.0 test
macos	Run the existing regression suite with the host provider	2026-08-28T05:17:41.7896340Z > vitest --run --testTimeout 60000 --reporter=default --reporter=json --outputFile=regression-results.json
macos	Run the existing regression suite with the host provider	2026-08-28T05:17:41.7897060Z 
macos	Run the existing regression suite with the host provider	2026-08-28T05:17:42.0062230Z 
macos	Run the existing regression suite with the host provider	2026-08-28T05:17:42.0063980Z [1m[30m[46m RUN [49m[39m[22m [36mv4.1.11 [39m[90m/Users/runner/work/exspecso/exspecso[39m
macos	Run the existing regression suite with the host provider	2026-08-28T05:17:42.0064590Z 
macos	Run the existing regression suite with the host provider	2026-08-28T05:17:44.9041290Z  [32m✓[39m tests/integration/transaction-recovery.test.ts [2m([22m[2m15 tests[22m[2m)[22m[33m 2634[2mms[22m[39m
macos	Run the existing regression suite with the host provider	2026-08-28T05:17:44.9050190Z      [33m[2m✓[22m[39m reclaims ownership only after a killed process has actually exited [33m 503[2mms[22m[39m
macos	Run the existing regression suite with the host provider	2026-08-28T05:17:44.9090620Z      [33m[2m✓[22m[39m recovers every promotion step after an externally killed CLI child [33m 1300[2mms[22m[39m
macos	Run the existing regression suite with the host provider	2026-08-28T05:17:45.2616470Z  [32m✓[39m tests/unit/artifacts.test.ts [2m([22m[2m11 tests[22m[2m)[22m[32m 216[2mms[22m[39m
macos	Run the existing regression suite with the host provider	2026-08-28T05:17:45.7459940Z  [32m✓[39m tests/unit/contained-fs.test.ts [2m([22m[2m10 tests[22m[2m)[22m[32m 291[2mms[22m[39m
macos	Run the existing regression suite with the host provider	2026-08-28T05:17:46.0447540Z  [32m✓[39m tests/integration/validation-errors.test.ts [2m([22m[2m9 tests[22m[2m)[22m[32m 59[2mms[22m[39m
macos	Run the existing regression suite with the host provider	2026-08-28T05:17:46.9680040Z  [32m✓[39m tests/integration/init-rerun.test.ts [2m([22m[2m10 tests[22m[2m)[22m[33m 755[2mms[22m[39m
macos	Run the existing regression suite with the host provider	2026-08-28T05:17:46.9681920Z      [33m[2m✓[22m[39m replaces only an explicitly selected conflicting adapter [33m 314[2mms[22m[39m
macos	Run the existing regression suite with the host provider	2026-08-28T05:17:47.1175910Z  [32m✓[39m tests/unit/runtime-selection.test.ts [2m([22m[2m5 tests[22m[2m)[22m[32m 3[2mms[22m[39m
macos	Run the existing regression suite with the host provider	2026-08-28T05:17:47.2634970Z  [32m✓[39m tests/unit/adapters.test.ts [2m([22m[2m5 tests[22m[2m)[22m[32m 6[2mms[22m[39m
macos	Run the existing regression suite with the host provider	2026-08-28T05:17:47.5484770Z  [32m✓[39m tests/integration/minimal-artifacts.test.ts [2m([22m[2m1 test[22m[2m)[22m[32m 155[2mms[22m[39m
macos	Run the existing regression suite with the host provider	2026-08-28T05:17:50.4039300Z [90mstdout[2m | tests/integration/init-codex-tracer.test.ts[2m > [22m[2mpacked Codex initializer tracer[2m > [22m[2mcontained promotion tracer reaches the native leaf substitution boundary
macos	Run the existing regression suite with the host provider	2026-08-28T05:17:50.4048050Z [22m[39m{"family":"TR-01","site":"leaf","mode":"instrumented","limitation":false,"provider":"/private/var/folders/_5/zjnzxgh147qcg3bb5cg2wvqw0000gn/T/exspecso-test-install-sTOsEK/runner/node_modules/exspecso/dist/native/darwin-arm64/contained-fs.node","providerSHA256":"e86700d99e1a83cda4765612b43f374f479143f760e34b1b8308aef33e05af93","tarballSHA256":"3ea46ee329a71480fb50cd30ff06fd64191f73c261e9e47db093b203f7047d90","provenance":{"buildCommit":"48aeed78bfb8ea10cc130d9a15e230197d80e837","variant":"test","sources":{"native/contained-fs.cc":"f4d3532be4e1df6a561f26c78f02b6b72ac911752952018925fb70f982e6d3bc","native/contained-fs-posix.cc":"e1f4a20784d71345143e763da09652cebcfca1ea8f912aa425a45f731b422fdf","native/contained-fs-win.cc":"58d2e4633842f6e8fc2ec5799d4767eb6bf3cf6ad66d07369f7294b8844009d8","native/build.mjs":"4036a919bbb5b115ffe23ed16377fb5568dbdf7ef3094774ff49e38d2098432b","native/windows-preflight.ps1":"03ca2bffed190f0b194d21064db49dda7f2a954abdae17348049e0beb4cca23c"},"headerHash":"800194e32cef4ee77f5a2e8c0e5dd2b4acb38b39ef2ea544929c181b949494bb","compiler":"/Applications/Xcode_16.4.app/Contents/Developer/Toolchains/XcodeDefault.xctoolchain/usr/bin/clang++","compilerVersion":"Apple clang version 17.0.0 (clang-1700.0.13.5)\nTarget: arm64-apple-darwin24.6.0\nThread model: posix\nInstalledDir: /Applications/Xcode_16.4.app/Contents/Developer/Toolchains/XcodeDefault.xctoolchain/usr/bin","sdkVersion":"15.5","xcode":"Xcode 16.4\nBuild version 16F6","osVersion":"15.7.7","osBuild":"24G720","args":["-std=c++17","-O2","-Wall","-Wextra","-fvisibility=hidden","-bundle","-undefined","dynamic_lookup","-isysroot","/Applications/Xcode_16.4.app/Contents/Developer/Platforms/MacOSX.platform/Developer/SDKs/MacOSX15.5.sdk","-mmacosx-version-min=15.7.7","-DNAPI_VERSION=8","-DNODE_GYP_MODULE_NAME=contained_fs","-I","/var/folders/_5/zjnzxgh147qcg3bb5cg2wvqw0000gn/T/exspecso-native-build-AbgdCZ/node-v20.19.0/include/node","-DEXSPECSO_CONTAINMENT_TEST=1","/Users/runner/work/exspecso/exspecso/native/contained-fs.cc","-o","/var/folders/_5/zjnzxgh147qcg3bb5cg2wvqw0000gn/T/exspecso-test-install-sTOsEK/package/dist/native/darwin-arm64/contained-fs.node"],"binarySHA256":"e86700d99e1a83cda4765612b43f374f479143f760e34b1b8308aef33e05af93"},"reached":{"operation":"replace:before","pid":10156,"providerPath":"/private/var/folders/_5/zjnzxgh147qcg3bb5cg2wvqw0000gn/T/exspecso-test-install-sTOsEK/runner/node_modules/exspecso/dist/native/darwin-arm64/contained-fs.node"},"exitCode":1}
macos	Run the existing regression suite with the host provider	2026-08-28T05:17:50.4056420Z 
macos	Run the existing regression suite with the host provider	2026-08-28T05:17:55.1364050Z [90mstdout[2m | tests/integration/init-codex-tracer.test.ts[2m > [22m[2mpacked Codex initializer tracer[2m > [22m[2mcontained promotion tracer reaches the native parent substitution boundary
macos	Run the existing regression suite with the host provider	2026-08-28T05:17:55.1372870Z [22m[39m{"family":"TR-01","site":"parent","mode":"instrumented","limitation":true,"provider":"/private/var/folders/_5/zjnzxgh147qcg3bb5cg2wvqw0000gn/T/exspecso-test-install-bfAARk/runner/node_modules/exspecso/dist/native/darwin-arm64/contained-fs.node","providerSHA256":"e86700d99e1a83cda4765612b43f374f479143f760e34b1b8308aef33e05af93","tarballSHA256":"9bbeb4ea8ab30c2f04c9dd3855a4d743dec909a52b9a9b0627f9665b25c579e1","provenance":{"buildCommit":"48aeed78bfb8ea10cc130d9a15e230197d80e837","variant":"test","sources":{"native/contained-fs.cc":"f4d3532be4e1df6a561f26c78f02b6b72ac911752952018925fb70f982e6d3bc","native/contained-fs-posix.cc":"e1f4a20784d71345143e763da09652cebcfca1ea8f912aa425a45f731b422fdf","native/contained-fs-win.cc":"58d2e4633842f6e8fc2ec5799d4767eb6bf3cf6ad66d07369f7294b8844009d8","native/build.mjs":"4036a919bbb5b115ffe23ed16377fb5568dbdf7ef3094774ff49e38d2098432b","native/windows-preflight.ps1":"03ca2bffed190f0b194d21064db49dda7f2a954abdae17348049e0beb4cca23c"},"headerHash":"800194e32cef4ee77f5a2e8c0e5dd2b4acb38b39ef2ea544929c181b949494bb","compiler":"/Applications/Xcode_16.4.app/Contents/Developer/Toolchains/XcodeDefault.xctoolchain/usr/bin/clang++","compilerVersion":"Apple clang version 17.0.0 (clang-1700.0.13.5)\nTarget: arm64-apple-darwin24.6.0\nThread model: posix\nInstalledDir: /Applications/Xcode_16.4.app/Contents/Developer/Toolchains/XcodeDefault.xctoolchain/usr/bin","sdkVersion":"15.5","xcode":"Xcode 16.4\nBuild version 16F6","osVersion":"15.7.7","osBuild":"24G720","args":["-std=c++17","-O2","-Wall","-Wextra","-fvisibility=hidden","-bundle","-undefined","dynamic_lookup","-isysroot","/Applications/Xcode_16.4.app/Contents/Developer/Platforms/MacOSX.platform/Developer/SDKs/MacOSX15.5.sdk","-mmacosx-version-min=15.7.7","-DNAPI_VERSION=8","-DNODE_GYP_MODULE_NAME=contained_fs","-I","/var/folders/_5/zjnzxgh147qcg3bb5cg2wvqw0000gn/T/exspecso-native-build-Au42ZI/node-v20.19.0/include/node","-DEXSPECSO_CONTAINMENT_TEST=1","/Users/runner/work/exspecso/exspecso/native/contained-fs.cc","-o","/var/folders/_5/zjnzxgh147qcg3bb5cg2wvqw0000gn/T/exspecso-test-install-bfAARk/package/dist/native/darwin-arm64/contained-fs.node"],"binarySHA256":"e86700d99e1a83cda4765612b43f374f479143f760e34b1b8308aef33e05af93"},"reached":{"operation":"replace:before","pid":10302,"providerPath":"/private/var/folders/_5/zjnzxgh147qcg3bb5cg2wvqw0000gn/T/exspecso-test-install-bfAARk/runner/node_modules/exspecso/dist/native/darwin-arm64/contained-fs.node"},"exitCode":0}
macos	Run the existing regression suite with the host provider	2026-08-28T05:17:55.1383470Z 
macos	Run the existing regression suite with the host provider	2026-08-28T05:17:59.8048550Z [90mstdout[2m | tests/integration/init-codex-tracer.test.ts[2m > [22m[2mpacked Codex initializer tracer[2m > [22m[2mcontained promotion tracer reaches the native ancestor substitution boundary
macos	Run the existing regression suite with the host provider	2026-08-28T05:17:59.8167240Z [22m[39m{"family":"TR-01","site":"ancestor","mode":"instrumented","limitation":true,"provider":"/private/var/folders/_5/zjnzxgh147qcg3bb5cg2wvqw0000gn/T/exspecso-test-install-suvgDZ/runner/node_modules/exspecso/dist/native/darwin-arm64/contained-fs.node","providerSHA256":"e86700d99e1a83cda4765612b43f374f479143f760e34b1b8308aef33e05af93","tarballSHA256":"b19bf715b279cbd79bb496eb288665be5b5f666eab591820ad6487fff2e168e0","provenance":{"buildCommit":"48aeed78bfb8ea10cc130d9a15e230197d80e837","variant":"test","sources":{"native/contained-fs.cc":"f4d3532be4e1df6a561f26c78f02b6b72ac911752952018925fb70f982e6d3bc","native/contained-fs-posix.cc":"e1f4a20784d71345143e763da09652cebcfca1ea8f912aa425a45f731b422fdf","native/contained-fs-win.cc":"58d2e4633842f6e8fc2ec5799d4767eb6bf3cf6ad66d07369f7294b8844009d8","native/build.mjs":"4036a919bbb5b115ffe23ed16377fb5568dbdf7ef3094774ff49e38d2098432b","native/windows-preflight.ps1":"03ca2bffed190f0b194d21064db49dda7f2a954abdae17348049e0beb4cca23c"},"headerHash":"800194e32cef4ee77f5a2e8c0e5dd2b4acb38b39ef2ea544929c181b949494bb","compiler":"/Applications/Xcode_16.4.app/Contents/Developer/Toolchains/XcodeDefault.xctoolchain/usr/bin/clang++","compilerVersion":"Apple clang version 17.0.0 (clang-1700.0.13.5)\nTarget: arm64-apple-darwin24.6.0\nThread model: posix\nInstalledDir: /Applications/Xcode_16.4.app/Contents/Developer/Toolchains/XcodeDefault.xctoolchain/usr/bin","sdkVersion":"15.5","xcode":"Xcode 16.4\nBuild version 16F6","osVersion":"15.7.7","osBuild":"24G720","args":["-std=c++17","-O2","-Wall","-Wextra","-fvisibility=hidden","-bundle","-undefined","dynamic_lookup","-isysroot","/Applications/Xcode_16.4.app/Contents/Developer/Platforms/MacOSX.platform/Developer/SDKs/MacOSX15.5.sdk","-mmacosx-version-min=15.7.7","-DNAPI_VERSION=8","-DNODE_GYP_MODULE_NAME=contained_fs","-I","/var/folders/_5/zjnzxgh147qcg3bb5cg2wvqw0000gn/T/exspecso-native-build-QiYqrK/node-v20.19.0/include/node","-DEXSPECSO_CONTAINMENT_TEST=1","/Users/runner/work/exspecso/exspecso/native/contained-fs.cc","-o","/var/folders/_5/zjnzxgh147qcg3bb5cg2wvqw0000gn/T/exspecso-test-install-suvgDZ/package/dist/native/darwin-arm64/contained-fs.node"],"binarySHA256":"e86700d99e1a83cda4765612b43f374f479143f760e34b1b8308aef33e05af93"},"reached":{"operation":"replace:before","pid":10642,"providerPath":"/private/var/folders/_5/zjnzxgh147qcg3bb5cg2wvqw0000gn/T/exspecso-test-install-suvgDZ/runner/node_modules/exspecso/dist/native/darwin-arm64/contained-fs.node"},"exitCode":0}
macos	Run the existing regression suite with the host provider	2026-08-28T05:17:59.8302640Z 
macos	Run the existing regression suite with the host provider	2026-08-28T05:18:10.9815850Z  [32m✓[39m tests/integration/init-codex-tracer.test.ts [2m([22m[2m11 tests[22m[2m)[22m[33m 28804[2mms[22m[39m
macos	Run the existing regression suite with the host provider	2026-08-28T05:18:10.9917770Z      [33m[2m✓[22m[39m contained promotion tracer rejects a missing installed provider before any project mutation [33m 3471[2mms[22m[39m
macos	Run the existing regression suite with the host provider	2026-08-28T05:18:11.0019680Z      [33m[2m✓[22m[39m contained promotion tracer reaches the native leaf substitution boundary [33m 4834[2mms[22m[39m
macos	Run the existing regression suite with the host provider	2026-08-28T05:18:11.0103590Z      [33m[2m✓[22m[39m contained promotion tracer reaches the native parent substitution boundary [33m 4730[2mms[22m[39m
macos	Run the existing regression suite with the host provider	2026-08-28T05:18:11.0115330Z      [33m[2m✓[22m[39m contained promotion tracer reaches the native ancestor substitution boundary [33m 4671[2mms[22m[39m
macos	Run the existing regression suite with the host provider	2026-08-28T05:18:11.0116740Z      [33m[2m✓[22m[39m contained promotion tracer preserves an external hardlink during an additive rerun [33m 3223[2mms[22m[39m
macos	Run the existing regression suite with the host provider	2026-08-28T05:18:11.0117600Z      [33m[2m✓[22m[39m creates only the canonical foundation and Codex adapter [33m 1665[2mms[22m[39m
macos	Run the existing regression suite with the host provider	2026-08-28T05:18:11.0118360Z      [33m[2m✓[22m[39m returns an error before writing when the selected agent is unsupported [33m 1498[2mms[22m[39m
macos	Run the existing regression suite with the host provider	2026-08-28T05:18:11.0119350Z      [33m[2m✓[22m[39m initializes at the nearest containing Git root from a deep nested cwd [33m 1661[2mms[22m[39m
macos	Run the existing regression suite with the host provider	2026-08-28T05:18:11.0120480Z      [33m[2m✓[22m[39m uses a nested Git repository instead of its parent repository [33m 1517[2mms[22m[39m
macos	Run the existing regression suite with the host provider	2026-08-28T05:18:11.0121240Z      [33m[2m✓[22m[39m reports a repairable no-repository diagnostic without writes [33m 1530[2mms[22m[39m
macos	Run the existing regression suite with the host provider	2026-08-28T05:18:11.0121640Z 
macos	Run the existing regression suite with the host provider	2026-08-28T05:18:11.0121810Z [2m Test Files [22m [1m[32m9 passed[39m[22m[90m (9)[39m
macos	Run the existing regression suite with the host provider	2026-08-28T05:18:11.0122280Z [2m      Tests [22m [1m[32m77 passed[39m[22m[90m (77)[39m
macos	Run the existing regression suite with the host provider	2026-08-28T05:18:11.0122720Z [2m   Start at [22m 05:17:42
macos	Run the existing regression suite with the host provider	2026-08-28T05:18:11.0123180Z [2m   Duration [22m 28.97s[2m (transform 267ms, setup 0ms, import 629ms, tests 32.92s, environment 1ms)[22m
macos	Run the existing regression suite with the host provider	2026-08-28T05:18:11.0123550Z 
macos	Run the existing regression suite with the host provider	2026-08-28T05:18:11.0123840Z JSON report written to /Users/runner/work/exspecso/exspecso/regression-results.json
macos	Preserve the actual host binaries and test report	﻿2026-08-28T05:18:11.0211970Z Node 20 is being deprecated. This workflow is running with Node 24 by default. If you need to temporarily use Node 20, you can set the ACTIONS_ALLOW_USE_UNSECURE_NODE_VERSION=true environment variable. For more information see: https://github.blog/changelog/2025-09-19-deprecation-of-node-20-on-github-actions-runners/
macos	Preserve the actual host binaries and test report	2026-08-28T05:18:11.0217720Z ##[group]Run actions/upload-artifact@ea165f8d65b6e75b540449e92b4886f43607fa02
macos	Preserve the actual host binaries and test report	2026-08-28T05:18:11.0218050Z with:
macos	Preserve the actual host binaries and test report	2026-08-28T05:18:11.0218220Z   name: containment-posix-tracer
macos	Preserve the actual host binaries and test report	2026-08-28T05:18:11.0218560Z   path: dist/native/
macos	Preserve the actual host binaries and test report	tracer-results.json
macos	Preserve the actual host binaries and test report	regression-results.json
macos	Preserve the actual host binaries and test report	
macos	Preserve the actual host binaries and test report	2026-08-28T05:18:11.0218870Z   if-no-files-found: warn
macos	Preserve the actual host binaries and test report	2026-08-28T05:18:11.0219160Z   retention-days: 7
macos	Preserve the actual host binaries and test report	2026-08-28T05:18:11.0219330Z   compression-level: 6
macos	Preserve the actual host binaries and test report	2026-08-28T05:18:11.0219570Z   overwrite: false
macos	Preserve the actual host binaries and test report	2026-08-28T05:18:11.0219740Z   include-hidden-files: false
macos	Preserve the actual host binaries and test report	2026-08-28T05:18:11.0219940Z env:
macos	Preserve the actual host binaries and test report	2026-08-28T05:18:11.0220160Z   DEVELOPER_DIR: /Applications/Xcode_16.4.app/Contents/Developer
macos	Preserve the actual host binaries and test report	2026-08-28T05:18:11.0220650Z   EXSPECSO_NODE_HEADERS: /Users/runner/work/_temp/node-v20.19.0-headers.tar.gz
macos	Preserve the actual host binaries and test report	2026-08-28T05:18:11.0220960Z ##[endgroup]
macos	Preserve the actual host binaries and test report	2026-08-28T05:18:11.4390610Z (node:11298) [DEP0040] DeprecationWarning: The `punycode` module is deprecated. Please use a userland alternative instead.
macos	Preserve the actual host binaries and test report	2026-08-28T05:18:11.4391400Z (Use `node --trace-deprecation ...` to show where the warning was created)
macos	Preserve the actual host binaries and test report	2026-08-28T05:18:11.4439760Z Multiple search paths detected. Calculating the least common ancestor of all paths
macos	Preserve the actual host binaries and test report	2026-08-28T05:18:11.4440930Z The least common ancestor is /Users/runner/work/exspecso/exspecso. This will be the root directory of the artifact
macos	Preserve the actual host binaries and test report	2026-08-28T05:18:11.4441510Z With the provided path, there will be 5 files uploaded
macos	Preserve the actual host binaries and test report	2026-08-28T05:18:11.4443710Z Artifact name is valid!
macos	Preserve the actual host binaries and test report	2026-08-28T05:18:11.4444140Z Root directory input is valid!
macos	Preserve the actual host binaries and test report	2026-08-28T05:18:11.8652590Z Beginning upload of artifact content to blob storage
macos	Preserve the actual host binaries and test report	2026-08-28T05:18:11.8703650Z (node:11298) [DEP0169] DeprecationWarning: `url.parse()` behavior is not standardized and prone to errors that have security implications. Use the WHATWG URL API instead. CVEs are not issued for `url.parse()` vulnerabilities.
macos	Preserve the actual host binaries and test report	2026-08-28T05:18:12.1856100Z Uploaded bytes 32108
macos	Preserve the actual host binaries and test report	2026-08-28T05:18:12.2663910Z Finished uploading artifact content to blob storage!
macos	Preserve the actual host binaries and test report	2026-08-28T05:18:12.2765340Z SHA256 digest of uploaded artifact zip is 8872d7b0e16a41d4527c6c915f25ba4f42ca44a8d6c02de4c4d725d3216ba166
macos	Preserve the actual host binaries and test report	2026-08-28T05:18:12.2867900Z Finalizing artifact upload
macos	Preserve the actual host binaries and test report	2026-08-28T05:18:12.5239430Z Artifact containment-posix-tracer.zip successfully finalized. Artifact ID 9675171695
macos	Preserve the actual host binaries and test report	2026-08-28T05:18:12.5240280Z Artifact containment-posix-tracer has been successfully uploaded! Final size is 32108 bytes. Artifact ID is 9675171695
macos	Preserve the actual host binaries and test report	2026-08-28T05:18:12.5252910Z Artifact download URL: https://github.com/ishk-sftckz/exspecso/actions/runs/33144287790/artifacts/9675171695
macos	Complete job	﻿2026-08-28T05:18:12.5397550Z Cleaning up orphan processes
macos	Complete job	2026-08-28T05:18:13.1809960Z ##[warning]Node.js 20 is deprecated. The following actions target Node.js 20 but are being forced to run on Node.js 24: actions/upload-artifact@ea165f8d65b6e75b540449e92b4886f43607fa02. For more information see: https://github.blog/changelog/2025-09-19-deprecation-of-node-20-on-github-actions-runners/
windows	Set up job	﻿2026-08-28T05:16:57.0554208Z Current runner version: '2.336.0'
windows	Set up job	2026-08-28T05:16:57.1384289Z ##[group]Runner Image Provisioner
windows	Set up job	2026-08-28T05:16:57.1385172Z Hosted Compute Agent
windows	Set up job	2026-08-28T05:16:57.1385739Z Version: 20260819.586
windows	Set up job	2026-08-28T05:16:57.1386362Z Commit: 3cc4a88dfa507ef76119ad1bb3eccc6378bb2b76
windows	Set up job	2026-08-28T05:16:57.1387082Z Build Date: 2026-08-18T23:20:18Z
windows	Set up job	2026-08-28T05:16:57.1387744Z Worker ID: {9c0e726c-9c78-4d57-8fb7-f5dffc232f74}
windows	Set up job	2026-08-28T05:16:57.1388435Z Azure Region: eastus
windows	Set up job	2026-08-28T05:16:57.1388975Z ##[endgroup]
windows	Set up job	2026-08-28T05:16:57.1390468Z ##[group]Operating System
windows	Set up job	2026-08-28T05:16:57.1391152Z Microsoft Windows Server 2025
windows	Set up job	2026-08-28T05:16:57.1395209Z 10.0.26100
windows	Set up job	2026-08-28T05:16:57.1396098Z Datacenter
windows	Set up job	2026-08-28T05:16:57.1396861Z ##[endgroup]
windows	Set up job	2026-08-28T05:16:57.1400657Z ##[group]Runner Image
windows	Set up job	2026-08-28T05:16:57.1401882Z Image: windows-2025-vs2026
windows	Set up job	2026-08-28T05:16:57.1403078Z Version: 20260824.214.3
windows	Set up job	2026-08-28T05:16:57.1405005Z Included Software: https://github.com/actions/runner-images/blob/win25-vs2026/20260824.214/images/windows/Windows2025-VS2026-Readme.md
windows	Set up job	2026-08-28T05:16:57.1408387Z Image Release: https://github.com/actions/runner-images/releases/tag/win25-vs2026%2F20260824.214
windows	Set up job	2026-08-28T05:16:57.1410218Z ##[endgroup]
windows	Set up job	2026-08-28T05:16:57.1411837Z ##[group]GITHUB_TOKEN Permissions
windows	Set up job	2026-08-28T05:16:57.1415292Z Metadata: read
windows	Set up job	2026-08-28T05:16:57.1416271Z ##[endgroup]
windows	Set up job	2026-08-28T05:16:57.1419568Z Secret source: Actions
windows	Set up job	2026-08-28T05:16:57.1421430Z Prepare workflow directory
windows	Set up job	2026-08-28T05:16:57.1831439Z Prepare all required actions
windows	Set up job	2026-08-28T05:16:57.1879760Z Getting action download info
windows	Set up job	2026-08-28T05:16:57.3333102Z Download action repository 'actions/upload-artifact@ea165f8d65b6e75b540449e92b4886f43607fa02' (SHA:ea165f8d65b6e75b540449e92b4886f43607fa02)
windows	Set up job	2026-08-28T05:16:58.3971449Z Complete job name: windows
windows	Fetch this exact public task snapshot	﻿2026-08-28T05:16:59.2009033Z ##[group]Run git init .
windows	Fetch this exact public task snapshot	2026-08-28T05:16:59.2010323Z [36;1mgit init .[0m
windows	Fetch this exact public task snapshot	2026-08-28T05:16:59.2011522Z [36;1mif ($LASTEXITCODE) { throw 'git init failed' }[0m
windows	Fetch this exact public task snapshot	2026-08-28T05:16:59.2013374Z [36;1mgit remote add origin https://github.com/ishk-sftckz/exspecso.git[0m
windows	Fetch this exact public task snapshot	2026-08-28T05:16:59.2015158Z [36;1mgit fetch --depth=1 origin $env:GITHUB_SHA[0m
windows	Fetch this exact public task snapshot	2026-08-28T05:16:59.2016637Z [36;1mif ($LASTEXITCODE) { throw 'git fetch failed' }[0m
windows	Fetch this exact public task snapshot	2026-08-28T05:16:59.2018294Z [36;1mgit checkout --detach FETCH_HEAD[0m
windows	Fetch this exact public task snapshot	2026-08-28T05:16:59.2019953Z [36;1mif ($LASTEXITCODE) { throw 'git checkout failed' }[0m
windows	Fetch this exact public task snapshot	2026-08-28T05:16:59.4710272Z shell: C:\Program Files\PowerShell\7\pwsh.EXE -command ". '{0}'"
windows	Fetch this exact public task snapshot	2026-08-28T05:16:59.4712166Z ##[endgroup]
windows	Fetch this exact public task snapshot	2026-08-28T05:17:00.1552159Z Initialized empty Git repository in D:/a/exspecso/exspecso/.git/
windows	Fetch this exact public task snapshot	2026-08-28T05:17:00.8768459Z From https://github.com/ishk-sftckz/exspecso
windows	Fetch this exact public task snapshot	2026-08-28T05:17:00.8769551Z  * branch            48aeed78bfb8ea10cc130d9a15e230197d80e837 -> FETCH_HEAD
windows	Fetch this exact public task snapshot	2026-08-28T05:17:00.9643461Z HEAD is now at 48aeed7 test(01-10): verify final Windows parity and Mac regression together
windows	Inspect the pinned native Windows SDK and toolchain	﻿2026-08-28T05:17:01.1376615Z ##[group]Run ./native/windows-preflight.ps1
windows	Inspect the pinned native Windows SDK and toolchain	2026-08-28T05:17:01.1377267Z [36;1m./native/windows-preflight.ps1[0m
windows	Inspect the pinned native Windows SDK and toolchain	2026-08-28T05:17:01.1484718Z shell: C:\Program Files\PowerShell\7\pwsh.EXE -command ". '{0}'"
windows	Inspect the pinned native Windows SDK and toolchain	2026-08-28T05:17:01.1485157Z ##[endgroup]
windows	Inspect the pinned native Windows SDK and toolchain	2026-08-28T05:17:05.1239919Z {
windows	Inspect the pinned native Windows SDK and toolchain	2026-08-28T05:17:05.1240787Z   "imageVersion": "20260824.214.3",
windows	Inspect the pinned native Windows SDK and toolchain	2026-08-28T05:17:05.1241293Z   "imageOS": "win25-vs2026",
windows	Inspect the pinned native Windows SDK and toolchain	2026-08-28T05:17:05.1241700Z   "architecture": "X64",
windows	Inspect the pinned native Windows SDK and toolchain	2026-08-28T05:17:05.1242132Z   "caption": "Microsoft Windows Server 2025 Datacenter",
windows	Inspect the pinned native Windows SDK and toolchain	2026-08-28T05:17:05.1242638Z   "version": "10.0.26100",
windows	Inspect the pinned native Windows SDK and toolchain	2026-08-28T05:17:05.1242985Z   "build": "26100",
windows	Inspect the pinned native Windows SDK and toolchain	2026-08-28T05:17:05.1243393Z   "ubr": 33296,
windows	Inspect the pinned native Windows SDK and toolchain	2026-08-28T05:17:05.1243748Z   "displayVersion": "24H2",
windows	Inspect the pinned native Windows SDK and toolchain	2026-08-28T05:17:05.1244166Z   "filesystem": "NTFS",
windows	Inspect the pinned native Windows SDK and toolchain	2026-08-28T05:17:05.1244547Z   "visualStudio": [
windows	Inspect the pinned native Windows SDK and toolchain	2026-08-28T05:17:05.1245196Z     {
windows	Inspect the pinned native Windows SDK and toolchain	2026-08-28T05:17:05.1245525Z       "installationVersion": "18.9.12112.369",
windows	Inspect the pinned native Windows SDK and toolchain	2026-08-28T05:17:05.1246234Z       "installationPath": "C:\\Program Files\\Microsoft Visual Studio\\18\\Enterprise"
windows	Inspect the pinned native Windows SDK and toolchain	2026-08-28T05:17:05.1249531Z     }
windows	Inspect the pinned native Windows SDK and toolchain	2026-08-28T05:17:05.1249789Z   ],
windows	Inspect the pinned native Windows SDK and toolchain	2026-08-28T05:17:05.1250063Z   "sdkVersion": "10.0.26100.0",
windows	Inspect the pinned native Windows SDK and toolchain	2026-08-28T05:17:05.1250427Z   "msvcVersion": "14.44.35207"
windows	Inspect the pinned native Windows SDK and toolchain	2026-08-28T05:17:05.1250762Z }
windows	Inspect the pinned native Windows SDK and toolchain	2026-08-28T05:17:05.4231955Z --- um/winternl.h line 213 ---
windows	Inspect the pinned native Windows SDK and toolchain	2026-08-28T05:17:05.4233031Z 
windows	Inspect the pinned native Windows SDK and toolchain	2026-08-28T05:17:05.4233571Z typedef struct _OBJECT_ATTRIBUTES {
windows	Inspect the pinned native Windows SDK and toolchain	2026-08-28T05:17:05.4234844Z     ULONG Length;
windows	Inspect the pinned native Windows SDK and toolchain	2026-08-28T05:17:05.4236400Z     HANDLE RootDirectory;
windows	Inspect the pinned native Windows SDK and toolchain	2026-08-28T05:17:05.4238089Z     PUNICODE_STRING ObjectName;
windows	Inspect the pinned native Windows SDK and toolchain	2026-08-28T05:17:05.4239479Z     ULONG Attributes;
windows	Inspect the pinned native Windows SDK and toolchain	2026-08-28T05:17:05.4241493Z     PVOID SecurityDescriptor;
windows	Inspect the pinned native Windows SDK and toolchain	2026-08-28T05:17:05.4242830Z     PVOID SecurityQualityOfService;
windows	Inspect the pinned native Windows SDK and toolchain	2026-08-28T05:17:05.4244460Z } OBJECT_ATTRIBUTES;
windows	Inspect the pinned native Windows SDK and toolchain	2026-08-28T05:17:05.4246157Z typedef OBJECT_ATTRIBUTES *POBJECT_ATTRIBUTES;
windows	Inspect the pinned native Windows SDK and toolchain	2026-08-28T05:17:05.4247704Z 
windows	Inspect the pinned native Windows SDK and toolchain	2026-08-28T05:17:05.4249507Z typedef struct _IO_STATUS_BLOCK {
windows	Inspect the pinned native Windows SDK and toolchain	2026-08-28T05:17:05.4251010Z #pragma warning(push)
windows	Inspect the pinned native Windows SDK and toolchain	2026-08-28T05:17:05.4252912Z #pragma warning(disable: 4201) // we'll always use the Microsoft compiler
windows	Inspect the pinned native Windows SDK and toolchain	2026-08-28T05:17:05.4254387Z     union {
windows	Inspect the pinned native Windows SDK and toolchain	2026-08-28T05:17:05.4255901Z         NTSTATUS Status;
windows	Inspect the pinned native Windows SDK and toolchain	2026-08-28T05:17:05.4257457Z         PVOID Pointer;
windows	Inspect the pinned native Windows SDK and toolchain	2026-08-28T05:17:05.4259004Z     } DUMMYUNIONNAME;
windows	Inspect the pinned native Windows SDK and toolchain	2026-08-28T05:17:05.4260508Z #pragma warning(pop)
windows	Inspect the pinned native Windows SDK and toolchain	2026-08-28T05:17:05.4262261Z 
windows	Inspect the pinned native Windows SDK and toolchain	2026-08-28T05:17:05.4263866Z     ULONG_PTR Information;
windows	Inspect the pinned native Windows SDK and toolchain	2026-08-28T05:17:05.4265464Z } IO_STATUS_BLOCK, *PIO_STATUS_BLOCK;
windows	Inspect the pinned native Windows SDK and toolchain	2026-08-28T05:17:05.4267063Z 
windows	Inspect the pinned native Windows SDK and toolchain	2026-08-28T05:17:05.4268659Z typedef
windows	Inspect the pinned native Windows SDK and toolchain	2026-08-28T05:17:05.4270192Z VOID
windows	Inspect the pinned native Windows SDK and toolchain	2026-08-28T05:17:05.4271734Z (NTAPI *PIO_APC_ROUTINE) (
windows	Inspect the pinned native Windows SDK and toolchain	2026-08-28T05:17:05.4273330Z     IN PVOID ApcContext,
windows	Inspect the pinned native Windows SDK and toolchain	2026-08-28T05:17:05.4274938Z     IN PIO_STATUS_BLOCK IoStatusBlock,
windows	Inspect the pinned native Windows SDK and toolchain	2026-08-28T05:17:05.4276784Z     IN ULONG Reserved
windows	Inspect the pinned native Windows SDK and toolchain	2026-08-28T05:17:05.4278423Z     );
windows	Inspect the pinned native Windows SDK and toolchain	2026-08-28T05:17:05.4281813Z 
windows	Inspect the pinned native Windows SDK and toolchain	2026-08-28T05:17:05.4283864Z --- um/winternl.h line 475 ---
windows	Inspect the pinned native Windows SDK and toolchain	2026-08-28T05:17:05.4285616Z NTAPI
windows	Inspect the pinned native Windows SDK and toolchain	2026-08-28T05:17:05.4287116Z NtCreateFile (
windows	Inspect the pinned native Windows SDK and toolchain	2026-08-28T05:17:05.4288728Z     OUT PHANDLE FileHandle,
windows	Inspect the pinned native Windows SDK and toolchain	2026-08-28T05:17:05.4290389Z     IN ACCESS_MASK DesiredAccess,
windows	Inspect the pinned native Windows SDK and toolchain	2026-08-28T05:17:05.4291712Z     IN POBJECT_ATTRIBUTES ObjectAttributes,
windows	Inspect the pinned native Windows SDK and toolchain	2026-08-28T05:17:05.4293790Z     OUT PIO_STATUS_BLOCK IoStatusBlock,
windows	Inspect the pinned native Windows SDK and toolchain	2026-08-28T05:17:05.4295367Z     IN PLARGE_INTEGER AllocationSize OPTIONAL,
windows	Inspect the pinned native Windows SDK and toolchain	2026-08-28T05:17:05.4297094Z     IN ULONG FileAttributes,
windows	Inspect the pinned native Windows SDK and toolchain	2026-08-28T05:17:05.4298818Z     IN ULONG ShareAccess,
windows	Inspect the pinned native Windows SDK and toolchain	2026-08-28T05:17:05.4300623Z     IN ULONG CreateDisposition,
windows	Inspect the pinned native Windows SDK and toolchain	2026-08-28T05:17:05.4302337Z     IN ULONG CreateOptions,
windows	Inspect the pinned native Windows SDK and toolchain	2026-08-28T05:17:05.4304220Z     IN PVOID EaBuffer OPTIONAL,
windows	Inspect the pinned native Windows SDK and toolchain	2026-08-28T05:17:05.4305894Z     IN ULONG EaLength
windows	Inspect the pinned native Windows SDK and toolchain	2026-08-28T05:17:05.4307628Z     );
windows	Inspect the pinned native Windows SDK and toolchain	2026-08-28T05:17:05.4309085Z 
windows	Inspect the pinned native Windows SDK and toolchain	2026-08-28T05:17:05.4310956Z //
windows	Inspect the pinned native Windows SDK and toolchain	2026-08-28T05:17:05.4312669Z // use the Win32 API instead
windows	Inspect the pinned native Windows SDK and toolchain	2026-08-28T05:17:05.4314250Z //     CreateFile
windows	Inspect the pinned native Windows SDK and toolchain	2026-08-28T05:17:05.4316082Z //
windows	Inspect the pinned native Windows SDK and toolchain	2026-08-28T05:17:05.4341280Z __kernel_entry NTSTATUS
windows	Inspect the pinned native Windows SDK and toolchain	2026-08-28T05:17:05.4341631Z NTAPI
windows	Inspect the pinned native Windows SDK and toolchain	2026-08-28T05:17:05.4341918Z NtOpenFile (
windows	Inspect the pinned native Windows SDK and toolchain	2026-08-28T05:17:05.4342243Z     OUT PHANDLE FileHandle,
windows	Inspect the pinned native Windows SDK and toolchain	2026-08-28T05:17:05.4342698Z     IN ACCESS_MASK DesiredAccess,
windows	Inspect the pinned native Windows SDK and toolchain	2026-08-28T05:17:05.4343161Z     IN POBJECT_ATTRIBUTES ObjectAttributes,
windows	Inspect the pinned native Windows SDK and toolchain	2026-08-28T05:17:05.4343660Z     OUT PIO_STATUS_BLOCK IoStatusBlock,
windows	Inspect the pinned native Windows SDK and toolchain	2026-08-28T05:17:05.4344121Z     IN ULONG ShareAccess,
windows	Inspect the pinned native Windows SDK and toolchain	2026-08-28T05:17:05.4344522Z     IN ULONG OpenOptions
windows	Inspect the pinned native Windows SDK and toolchain	2026-08-28T05:17:05.4344865Z     );
windows	Inspect the pinned native Windows SDK and toolchain	2026-08-28T05:17:05.4345039Z 
windows	Inspect the pinned native Windows SDK and toolchain	2026-08-28T05:17:05.4345152Z //
windows	Inspect the pinned native Windows SDK and toolchain	2026-08-28T05:17:05.4345439Z --- um/winternl.h line 992 ---
windows	Inspect the pinned native Windows SDK and toolchain	2026-08-28T05:17:05.4345887Z #define FILE_CREATE                     0x00000002
windows	Inspect the pinned native Windows SDK and toolchain	2026-08-28T05:17:05.4346510Z #define FILE_OPEN_IF                    0x00000003
windows	Inspect the pinned native Windows SDK and toolchain	2026-08-28T05:17:05.4347032Z #define FILE_OVERWRITE                  0x00000004
windows	Inspect the pinned native Windows SDK and toolchain	2026-08-28T05:17:05.4347546Z #define FILE_OVERWRITE_IF               0x00000005
windows	Inspect the pinned native Windows SDK and toolchain	2026-08-28T05:17:05.4348148Z #define FILE_MAXIMUM_DISPOSITION        0x00000005
windows	Inspect the pinned native Windows SDK and toolchain	2026-08-28T05:17:05.4349683Z 
windows	Inspect the pinned native Windows SDK and toolchain	2026-08-28T05:17:05.4350811Z //
windows	Inspect the pinned native Windows SDK and toolchain	2026-08-28T05:17:05.4352734Z // Define the create/open option flags
windows	Inspect the pinned native Windows SDK and toolchain	2026-08-28T05:17:05.4354357Z //
windows	Inspect the pinned native Windows SDK and toolchain	2026-08-28T05:17:05.4356000Z 
windows	Inspect the pinned native Windows SDK and toolchain	2026-08-28T05:17:05.4358078Z #define FILE_DIRECTORY_FILE                     0x00000001
windows	Inspect the pinned native Windows SDK and toolchain	2026-08-28T05:17:05.4360423Z #define FILE_WRITE_THROUGH                      0x00000002
windows	Inspect the pinned native Windows SDK and toolchain	2026-08-28T05:17:05.4362186Z #define FILE_SEQUENTIAL_ONLY                    0x00000004
windows	Inspect the pinned native Windows SDK and toolchain	2026-08-28T05:17:05.4363839Z #define FILE_NO_INTERMEDIATE_BUFFERING          0x00000008
windows	Inspect the pinned native Windows SDK and toolchain	2026-08-28T05:17:05.4365370Z 
windows	Inspect the pinned native Windows SDK and toolchain	2026-08-28T05:17:05.4367381Z #define FILE_SYNCHRONOUS_IO_ALERT               0x00000010
windows	Inspect the pinned native Windows SDK and toolchain	2026-08-28T05:17:05.4369102Z #define FILE_SYNCHRONOUS_IO_NONALERT            0x00000020
windows	Inspect the pinned native Windows SDK and toolchain	2026-08-28T05:17:05.4370829Z #define FILE_NON_DIRECTORY_FILE                 0x00000040
windows	Inspect the pinned native Windows SDK and toolchain	2026-08-28T05:17:05.4372544Z #define FILE_CREATE_TREE_CONNECTION             0x00000080
windows	Inspect the pinned native Windows SDK and toolchain	2026-08-28T05:17:05.4373938Z 
windows	Inspect the pinned native Windows SDK and toolchain	2026-08-28T05:17:05.4376230Z #define FILE_COMPLETE_IF_OPLOCKED               0x00000100
windows	Inspect the pinned native Windows SDK and toolchain	2026-08-28T05:17:05.4377947Z #define FILE_NO_EA_KNOWLEDGE                    0x00000200
windows	Inspect the pinned native Windows SDK and toolchain	2026-08-28T05:17:05.4379591Z #define FILE_OPEN_REMOTE_INSTANCE               0x00000400
windows	Inspect the pinned native Windows SDK and toolchain	2026-08-28T05:17:05.4382035Z #define FILE_RANDOM_ACCESS                      0x00000800
windows	Inspect the pinned native Windows SDK and toolchain	2026-08-28T05:17:05.4383475Z 
windows	Inspect the pinned native Windows SDK and toolchain	2026-08-28T05:17:05.4385512Z #define FILE_DELETE_ON_CLOSE                    0x00001000
windows	Inspect the pinned native Windows SDK and toolchain	2026-08-28T05:17:05.4387115Z #define FILE_OPEN_BY_FILE_ID                    0x00002000
windows	Inspect the pinned native Windows SDK and toolchain	2026-08-28T05:17:05.4389008Z #define FILE_OPEN_FOR_BACKUP_INTENT             0x00004000
windows	Inspect the pinned native Windows SDK and toolchain	2026-08-28T05:17:05.4390796Z #define FILE_NO_COMPRESSION                     0x00008000
windows	Inspect the pinned native Windows SDK and toolchain	2026-08-28T05:17:05.4392207Z 
windows	Inspect the pinned native Windows SDK and toolchain	2026-08-28T05:17:05.4394215Z #if (_WIN32_WINNT >= _WIN32_WINNT_WIN7)
windows	Inspect the pinned native Windows SDK and toolchain	2026-08-28T05:17:05.4395925Z --- um/winternl.h line 1007 ---
windows	Inspect the pinned native Windows SDK and toolchain	2026-08-28T05:17:05.4397723Z #define FILE_SYNCHRONOUS_IO_ALERT               0x00000010
windows	Inspect the pinned native Windows SDK and toolchain	2026-08-28T05:17:05.4399508Z #define FILE_SYNCHRONOUS_IO_NONALERT            0x00000020
windows	Inspect the pinned native Windows SDK and toolchain	2026-08-28T05:17:05.4401476Z #define FILE_NON_DIRECTORY_FILE                 0x00000040
windows	Inspect the pinned native Windows SDK and toolchain	2026-08-28T05:17:05.4403342Z #define FILE_CREATE_TREE_CONNECTION             0x00000080
windows	Inspect the pinned native Windows SDK and toolchain	2026-08-28T05:17:05.4404836Z 
windows	Inspect the pinned native Windows SDK and toolchain	2026-08-28T05:17:05.4406825Z #define FILE_COMPLETE_IF_OPLOCKED               0x00000100
windows	Inspect the pinned native Windows SDK and toolchain	2026-08-28T05:17:05.4408580Z #define FILE_NO_EA_KNOWLEDGE                    0x00000200
windows	Inspect the pinned native Windows SDK and toolchain	2026-08-28T05:17:05.4410373Z #define FILE_OPEN_REMOTE_INSTANCE               0x00000400
windows	Inspect the pinned native Windows SDK and toolchain	2026-08-28T05:17:05.4412079Z #define FILE_RANDOM_ACCESS                      0x00000800
windows	Inspect the pinned native Windows SDK and toolchain	2026-08-28T05:17:05.4413603Z 
windows	Inspect the pinned native Windows SDK and toolchain	2026-08-28T05:17:05.4415502Z #define FILE_DELETE_ON_CLOSE                    0x00001000
windows	Inspect the pinned native Windows SDK and toolchain	2026-08-28T05:17:05.4417182Z #define FILE_OPEN_BY_FILE_ID                    0x00002000
windows	Inspect the pinned native Windows SDK and toolchain	2026-08-28T05:17:05.4419010Z #define FILE_OPEN_FOR_BACKUP_INTENT             0x00004000
windows	Inspect the pinned native Windows SDK and toolchain	2026-08-28T05:17:05.4420855Z #define FILE_NO_COMPRESSION                     0x00008000
windows	Inspect the pinned native Windows SDK and toolchain	2026-08-28T05:17:05.4422385Z 
windows	Inspect the pinned native Windows SDK and toolchain	2026-08-28T05:17:05.4424678Z #if (_WIN32_WINNT >= _WIN32_WINNT_WIN7)
windows	Inspect the pinned native Windows SDK and toolchain	2026-08-28T05:17:05.4426408Z #define FILE_OPEN_REQUIRING_OPLOCK              0x00010000
windows	Inspect the pinned native Windows SDK and toolchain	2026-08-28T05:17:05.4428109Z #endif
windows	Inspect the pinned native Windows SDK and toolchain	2026-08-28T05:17:05.4429642Z 
windows	Inspect the pinned native Windows SDK and toolchain	2026-08-28T05:17:05.4431724Z #define FILE_RESERVE_OPFILTER                   0x00100000
windows	Inspect the pinned native Windows SDK and toolchain	2026-08-28T05:17:05.4433282Z #define FILE_OPEN_REPARSE_POINT                 0x00200000
windows	Inspect the pinned native Windows SDK and toolchain	2026-08-28T05:17:05.4435070Z #define FILE_OPEN_NO_RECALL                     0x00400000
windows	Inspect the pinned native Windows SDK and toolchain	2026-08-28T05:17:05.4436869Z #define FILE_OPEN_FOR_FREE_SPACE_QUERY          0x00800000
windows	Inspect the pinned native Windows SDK and toolchain	2026-08-28T05:17:05.4438827Z 
windows	Inspect the pinned native Windows SDK and toolchain	2026-08-28T05:17:05.4440895Z #define FILE_VALID_OPTION_FLAGS                 0x00ffffff
windows	Inspect the pinned native Windows SDK and toolchain	2026-08-28T05:17:05.4442829Z #define FILE_VALID_PIPE_OPTION_FLAGS            0x00000032
windows	Inspect the pinned native Windows SDK and toolchain	2026-08-28T05:17:05.4444484Z #define FILE_VALID_MAILSLOT_OPTION_FLAGS        0x00000032
windows	Inspect the pinned native Windows SDK and toolchain	2026-08-28T05:17:05.4446338Z #define FILE_VALID_SET_FLAGS                    0x00000036
windows	Inspect the pinned native Windows SDK and toolchain	2026-08-28T05:17:05.4447859Z 
windows	Inspect the pinned native Windows SDK and toolchain	2026-08-28T05:17:05.4449720Z //
windows	Inspect the pinned native Windows SDK and toolchain	2026-08-28T05:17:05.4451704Z // Define the I/O status information return values for NtCreateFile/NtOpenFile
windows	Inspect the pinned native Windows SDK and toolchain	2026-08-28T05:17:05.4452656Z --- um/winternl.h line 1026 ---
windows	Inspect the pinned native Windows SDK and toolchain	2026-08-28T05:17:05.4454930Z #define FILE_RESERVE_OPFILTER                   0x00100000
windows	Inspect the pinned native Windows SDK and toolchain	2026-08-28T05:17:05.4456640Z #define FILE_OPEN_REPARSE_POINT                 0x00200000
windows	Inspect the pinned native Windows SDK and toolchain	2026-08-28T05:17:05.4459026Z #define FILE_OPEN_NO_RECALL                     0x00400000
windows	Inspect the pinned native Windows SDK and toolchain	2026-08-28T05:17:05.4459918Z #define FILE_OPEN_FOR_FREE_SPACE_QUERY          0x00800000
windows	Inspect the pinned native Windows SDK and toolchain	2026-08-28T05:17:05.4461726Z 
windows	Inspect the pinned native Windows SDK and toolchain	2026-08-28T05:17:05.4463729Z #define FILE_VALID_OPTION_FLAGS                 0x00ffffff
windows	Inspect the pinned native Windows SDK and toolchain	2026-08-28T05:17:05.4465512Z #define FILE_VALID_PIPE_OPTION_FLAGS            0x00000032
windows	Inspect the pinned native Windows SDK and toolchain	2026-08-28T05:17:05.4467225Z #define FILE_VALID_MAILSLOT_OPTION_FLAGS        0x00000032
windows	Inspect the pinned native Windows SDK and toolchain	2026-08-28T05:17:05.4469125Z #define FILE_VALID_SET_FLAGS                    0x00000036
windows	Inspect the pinned native Windows SDK and toolchain	2026-08-28T05:17:05.4470604Z 
windows	Inspect the pinned native Windows SDK and toolchain	2026-08-28T05:17:05.4472407Z //
windows	Inspect the pinned native Windows SDK and toolchain	2026-08-28T05:17:05.4474467Z // Define the I/O status information return values for NtCreateFile/NtOpenFile
windows	Inspect the pinned native Windows SDK and toolchain	2026-08-28T05:17:05.4475402Z //
windows	Inspect the pinned native Windows SDK and toolchain	2026-08-28T05:17:05.4477432Z 
windows	Inspect the pinned native Windows SDK and toolchain	2026-08-28T05:17:05.4479810Z #define FILE_SUPERSEDED                 0x00000000
windows	Inspect the pinned native Windows SDK and toolchain	2026-08-28T05:17:05.4481454Z #define FILE_OPENED                     0x00000001
windows	Inspect the pinned native Windows SDK and toolchain	2026-08-28T05:17:05.4483260Z #define FILE_CREATED                    0x00000002
windows	Inspect the pinned native Windows SDK and toolchain	2026-08-28T05:17:05.4485059Z #define FILE_OVERWRITTEN                0x00000003
windows	Inspect the pinned native Windows SDK and toolchain	2026-08-28T05:17:05.4486736Z #define FILE_EXISTS                     0x00000004
windows	Inspect the pinned native Windows SDK and toolchain	2026-08-28T05:17:05.4488545Z #define FILE_DOES_NOT_EXIST             0x00000005
windows	Inspect the pinned native Windows SDK and toolchain	2026-08-28T05:17:05.4489907Z 
windows	Inspect the pinned native Windows SDK and toolchain	2026-08-28T05:17:05.4492053Z #ifndef __os_arm64x_get_x64_information
windows	Inspect the pinned native Windows SDK and toolchain	2026-08-28T05:17:05.4493881Z #define __os_arm64x_get_x64_information __os_arm64x_rdtsc
windows	Inspect the pinned native Windows SDK and toolchain	2026-08-28T05:17:05.4495355Z #endif
windows	Inspect the pinned native Windows SDK and toolchain	2026-08-28T05:17:05.4497220Z #ifndef __os_arm64x_set_x64_information
windows	Inspect the pinned native Windows SDK and toolchain	2026-08-28T05:17:05.4499546Z #define __os_arm64x_set_x64_information __os_arm64x_cpuidex
windows	Inspect the pinned native Windows SDK and toolchain	2026-08-28T05:17:05.4500143Z #endif
windows	Inspect the pinned native Windows SDK and toolchain	2026-08-28T05:17:05.4502180Z 
windows	Inspect the pinned native Windows SDK and toolchain	2026-08-28T05:17:05.4503968Z #ifdef __cplusplus
windows	Inspect the pinned native Windows SDK and toolchain	2026-08-28T05:17:05.4505638Z }
windows	Inspect the pinned native Windows SDK and toolchain	2026-08-28T05:17:05.4507391Z #endif
windows	Inspect the pinned native Windows SDK and toolchain	2026-08-28T05:17:05.4509067Z --- um/winternl.h line 1036 ---
windows	Inspect the pinned native Windows SDK and toolchain	2026-08-28T05:17:05.4510765Z //
windows	Inspect the pinned native Windows SDK and toolchain	2026-08-28T05:17:05.4512695Z // Define the I/O status information return values for NtCreateFile/NtOpenFile
windows	Inspect the pinned native Windows SDK and toolchain	2026-08-28T05:17:05.4513916Z //
windows	Inspect the pinned native Windows SDK and toolchain	2026-08-28T05:17:05.4515956Z 
windows	Inspect the pinned native Windows SDK and toolchain	2026-08-28T05:17:05.4517959Z #define FILE_SUPERSEDED                 0x00000000
windows	Inspect the pinned native Windows SDK and toolchain	2026-08-28T05:17:05.4520276Z #define FILE_OPENED                     0x00000001
windows	Inspect the pinned native Windows SDK and toolchain	2026-08-28T05:17:05.4522107Z #define FILE_CREATED                    0x00000002
windows	Inspect the pinned native Windows SDK and toolchain	2026-08-28T05:17:05.4524028Z #define FILE_OVERWRITTEN                0x00000003
windows	Inspect the pinned native Windows SDK and toolchain	2026-08-28T05:17:05.4525812Z #define FILE_EXISTS                     0x00000004
windows	Inspect the pinned native Windows SDK and toolchain	2026-08-28T05:17:05.4527496Z #define FILE_DOES_NOT_EXIST             0x00000005
windows	Inspect the pinned native Windows SDK and toolchain	2026-08-28T05:17:05.4529107Z 
windows	Inspect the pinned native Windows SDK and toolchain	2026-08-28T05:17:05.4531053Z #ifndef __os_arm64x_get_x64_information
windows	Inspect the pinned native Windows SDK and toolchain	2026-08-28T05:17:05.4532626Z #define __os_arm64x_get_x64_information __os_arm64x_rdtsc
windows	Inspect the pinned native Windows SDK and toolchain	2026-08-28T05:17:05.4534501Z #endif
windows	Inspect the pinned native Windows SDK and toolchain	2026-08-28T05:17:05.4536197Z #ifndef __os_arm64x_set_x64_information
windows	Inspect the pinned native Windows SDK and toolchain	2026-08-28T05:17:05.4538078Z #define __os_arm64x_set_x64_information __os_arm64x_cpuidex
windows	Inspect the pinned native Windows SDK and toolchain	2026-08-28T05:17:05.4539385Z #endif
windows	Inspect the pinned native Windows SDK and toolchain	2026-08-28T05:17:05.4541457Z 
windows	Inspect the pinned native Windows SDK and toolchain	2026-08-28T05:17:05.4543357Z #ifdef __cplusplus
windows	Inspect the pinned native Windows SDK and toolchain	2026-08-28T05:17:05.4545016Z }
windows	Inspect the pinned native Windows SDK and toolchain	2026-08-28T05:17:05.4546729Z #endif
windows	Inspect the pinned native Windows SDK and toolchain	2026-08-28T05:17:05.4548408Z 
windows	Inspect the pinned native Windows SDK and toolchain	2026-08-28T05:17:05.4550175Z #endif // (_WIN32_WINNT >= 0x0500)
windows	Inspect the pinned native Windows SDK and toolchain	2026-08-28T05:17:05.4551983Z 
windows	Inspect the pinned native Windows SDK and toolchain	2026-08-28T05:17:05.4553711Z 
windows	Inspect the pinned native Windows SDK and toolchain	2026-08-28T05:17:05.4555857Z #endif /* WINAPI_FAMILY_PARTITION(WINAPI_PARTITION_DESKTOP | WINAPI_PARTITION_SYSTEM) */
windows	Inspect the pinned native Windows SDK and toolchain	2026-08-28T05:17:05.4557231Z #pragma endregion
windows	Inspect the pinned native Windows SDK and toolchain	2026-08-28T05:17:05.4559388Z 
windows	Inspect the pinned native Windows SDK and toolchain	2026-08-28T05:17:05.4561474Z #endif // _WINTERNL_
windows	Inspect the pinned native Windows SDK and toolchain	2026-08-28T05:17:05.4563171Z --- um/WinBase.h line 9104 ---
windows	Inspect the pinned native Windows SDK and toolchain	2026-08-28T05:17:05.4564894Z #if (_WIN32_WINNT >= _WIN32_WINNT_WIN10_RS1)
windows	Inspect the pinned native Windows SDK and toolchain	2026-08-28T05:17:05.4566788Z #define FILE_RENAME_FLAG_REPLACE_IF_EXISTS                  0x00000001
windows	Inspect the pinned native Windows SDK and toolchain	2026-08-28T05:17:05.4568874Z #define FILE_RENAME_FLAG_POSIX_SEMANTICS                    0x00000002
windows	Inspect the pinned native Windows SDK and toolchain	2026-08-28T05:17:05.4569715Z #endif
windows	Inspect the pinned native Windows SDK and toolchain	2026-08-28T05:17:05.4571760Z 
windows	Inspect the pinned native Windows SDK and toolchain	2026-08-28T05:17:05.4573725Z #if (_WIN32_WINNT >= _WIN32_WINNT_WIN10_RS3)
windows	Inspect the pinned native Windows SDK and toolchain	2026-08-28T05:17:05.4575610Z #define FILE_RENAME_FLAG_SUPPRESS_PIN_STATE_INHERITANCE     0x00000004
windows	Inspect the pinned native Windows SDK and toolchain	2026-08-28T05:17:05.4577183Z #endif
windows	Inspect the pinned native Windows SDK and toolchain	2026-08-28T05:17:05.4578822Z 
windows	Inspect the pinned native Windows SDK and toolchain	2026-08-28T05:17:05.4580982Z typedef struct _FILE_RENAME_INFO {
windows	Inspect the pinned native Windows SDK and toolchain	2026-08-28T05:17:05.4582655Z #if (_WIN32_WINNT >= _WIN32_WINNT_WIN10_RS1)
windows	Inspect the pinned native Windows SDK and toolchain	2026-08-28T05:17:05.4584470Z     union {
windows	Inspect the pinned native Windows SDK and toolchain	2026-08-28T05:17:05.4586286Z         BOOLEAN ReplaceIfExists;  // FileRenameInfo
windows	Inspect the pinned native Windows SDK and toolchain	2026-08-28T05:17:05.4587938Z         DWORD Flags;              // FileRenameInfoEx
windows	Inspect the pinned native Windows SDK and toolchain	2026-08-28T05:17:05.4589715Z     } DUMMYUNIONNAME;
windows	Inspect the pinned native Windows SDK and toolchain	2026-08-28T05:17:05.4591400Z #else
windows	Inspect the pinned native Windows SDK and toolchain	2026-08-28T05:17:05.4593122Z     BOOLEAN ReplaceIfExists;
windows	Inspect the pinned native Windows SDK and toolchain	2026-08-28T05:17:05.4594839Z #endif
windows	Inspect the pinned native Windows SDK and toolchain	2026-08-28T05:17:05.4596534Z     HANDLE RootDirectory;
windows	Inspect the pinned native Windows SDK and toolchain	2026-08-28T05:17:05.4598444Z     DWORD FileNameLength;
windows	Inspect the pinned native Windows SDK and toolchain	2026-08-28T05:17:05.4600301Z     WCHAR FileName[1];
windows	Inspect the pinned native Windows SDK and toolchain	2026-08-28T05:17:05.4602006Z } FILE_RENAME_INFO, *PFILE_RENAME_INFO;
windows	Inspect the pinned native Windows SDK and toolchain	2026-08-28T05:17:05.4603558Z 
windows	Inspect the pinned native Windows SDK and toolchain	2026-08-28T05:17:05.4605412Z typedef struct _FILE_ALLOCATION_INFO {
windows	Inspect the pinned native Windows SDK and toolchain	2026-08-28T05:17:05.4607193Z     LARGE_INTEGER AllocationSize;
windows	Inspect the pinned native Windows SDK and toolchain	2026-08-28T05:17:05.4608985Z } FILE_ALLOCATION_INFO, *PFILE_ALLOCATION_INFO;
windows	Inspect the pinned native Windows SDK and toolchain	2026-08-28T05:17:05.4610392Z 
windows	Inspect the pinned native Windows SDK and toolchain	2026-08-28T05:17:05.4612389Z typedef struct _FILE_END_OF_FILE_INFO {
windows	Inspect the pinned native Windows SDK and toolchain	2026-08-28T05:17:05.4614125Z     LARGE_INTEGER EndOfFile;
windows	Inspect the pinned native Windows SDK and toolchain	2026-08-28T05:17:05.4615875Z } FILE_END_OF_FILE_INFO, *PFILE_END_OF_FILE_INFO;
windows	Inspect the pinned native Windows SDK and toolchain	2026-08-28T05:17:05.4617827Z 
windows	Inspect the pinned native Windows SDK and toolchain	2026-08-28T05:17:05.4619597Z --- um/WinBase.h line 9105 ---
windows	Inspect the pinned native Windows SDK and toolchain	2026-08-28T05:17:05.4621535Z #define FILE_RENAME_FLAG_REPLACE_IF_EXISTS                  0x00000001
windows	Inspect the pinned native Windows SDK and toolchain	2026-08-28T05:17:05.4623030Z #define FILE_RENAME_FLAG_POSIX_SEMANTICS                    0x00000002
windows	Inspect the pinned native Windows SDK and toolchain	2026-08-28T05:17:05.4624866Z #endif
windows	Inspect the pinned native Windows SDK and toolchain	2026-08-28T05:17:05.4626444Z 
windows	Inspect the pinned native Windows SDK and toolchain	2026-08-28T05:17:05.4628231Z #if (_WIN32_WINNT >= _WIN32_WINNT_WIN10_RS3)
windows	Inspect the pinned native Windows SDK and toolchain	2026-08-28T05:17:05.4630206Z #define FILE_RENAME_FLAG_SUPPRESS_PIN_STATE_INHERITANCE     0x00000004
windows	Inspect the pinned native Windows SDK and toolchain	2026-08-28T05:17:05.4631507Z #endif
windows	Inspect the pinned native Windows SDK and toolchain	2026-08-28T05:17:05.4633197Z 
windows	Inspect the pinned native Windows SDK and toolchain	2026-08-28T05:17:05.4635116Z typedef struct _FILE_RENAME_INFO {
windows	Inspect the pinned native Windows SDK and toolchain	2026-08-28T05:17:05.4636814Z #if (_WIN32_WINNT >= _WIN32_WINNT_WIN10_RS1)
windows	Inspect the pinned native Windows SDK and toolchain	2026-08-28T05:17:05.4638885Z     union {
windows	Inspect the pinned native Windows SDK and toolchain	2026-08-28T05:17:05.4640685Z         BOOLEAN ReplaceIfExists;  // FileRenameInfo
windows	Inspect the pinned native Windows SDK and toolchain	2026-08-28T05:17:05.4642341Z         DWORD Flags;              // FileRenameInfoEx
windows	Inspect the pinned native Windows SDK and toolchain	2026-08-28T05:17:05.4644116Z     } DUMMYUNIONNAME;
windows	Inspect the pinned native Windows SDK and toolchain	2026-08-28T05:17:05.4645831Z #else
windows	Inspect the pinned native Windows SDK and toolchain	2026-08-28T05:17:05.4647547Z     BOOLEAN ReplaceIfExists;
windows	Inspect the pinned native Windows SDK and toolchain	2026-08-28T05:17:05.4649176Z #endif
windows	Inspect the pinned native Windows SDK and toolchain	2026-08-28T05:17:05.4745497Z     HANDLE RootDirectory;
windows	Inspect the pinned native Windows SDK and toolchain	2026-08-28T05:17:05.4746034Z     DWORD FileNameLength;
windows	Inspect the pinned native Windows SDK and toolchain	2026-08-28T05:17:05.4747155Z     WCHAR FileName[1];
windows	Inspect the pinned native Windows SDK and toolchain	2026-08-28T05:17:05.4749148Z } FILE_RENAME_INFO, *PFILE_RENAME_INFO;
windows	Inspect the pinned native Windows SDK and toolchain	2026-08-28T05:17:05.4750711Z 
windows	Inspect the pinned native Windows SDK and toolchain	2026-08-28T05:17:05.4752593Z typedef struct _FILE_ALLOCATION_INFO {
windows	Inspect the pinned native Windows SDK and toolchain	2026-08-28T05:17:05.4754264Z     LARGE_INTEGER AllocationSize;
windows	Inspect the pinned native Windows SDK and toolchain	2026-08-28T05:17:05.4755875Z } FILE_ALLOCATION_INFO, *PFILE_ALLOCATION_INFO;
windows	Inspect the pinned native Windows SDK and toolchain	2026-08-28T05:17:05.4758047Z 
windows	Inspect the pinned native Windows SDK and toolchain	2026-08-28T05:17:05.4760194Z typedef struct _FILE_END_OF_FILE_INFO {
windows	Inspect the pinned native Windows SDK and toolchain	2026-08-28T05:17:05.4761759Z     LARGE_INTEGER EndOfFile;
windows	Inspect the pinned native Windows SDK and toolchain	2026-08-28T05:17:05.4763569Z } FILE_END_OF_FILE_INFO, *PFILE_END_OF_FILE_INFO;
windows	Inspect the pinned native Windows SDK and toolchain	2026-08-28T05:17:05.4764966Z 
windows	Inspect the pinned native Windows SDK and toolchain	2026-08-28T05:17:05.4766947Z typedef struct _FILE_STREAM_INFO {
windows	Inspect the pinned native Windows SDK and toolchain	2026-08-28T05:17:05.4768539Z --- um/WinBase.h line 9109 ---
windows	Inspect the pinned native Windows SDK and toolchain	2026-08-28T05:17:05.4770289Z #if (_WIN32_WINNT >= _WIN32_WINNT_WIN10_RS3)
windows	Inspect the pinned native Windows SDK and toolchain	2026-08-28T05:17:05.4772159Z #define FILE_RENAME_FLAG_SUPPRESS_PIN_STATE_INHERITANCE     0x00000004
windows	Inspect the pinned native Windows SDK and toolchain	2026-08-28T05:17:05.4773699Z #endif
windows	Inspect the pinned native Windows SDK and toolchain	2026-08-28T05:17:05.4775282Z 
windows	Inspect the pinned native Windows SDK and toolchain	2026-08-28T05:17:05.4777619Z typedef struct _FILE_RENAME_INFO {
windows	Inspect the pinned native Windows SDK and toolchain	2026-08-28T05:17:05.4779608Z #if (_WIN32_WINNT >= _WIN32_WINNT_WIN10_RS1)
windows	Inspect the pinned native Windows SDK and toolchain	2026-08-28T05:17:05.4781106Z     union {
windows	Inspect the pinned native Windows SDK and toolchain	2026-08-28T05:17:05.4783010Z         BOOLEAN ReplaceIfExists;  // FileRenameInfo
windows	Inspect the pinned native Windows SDK and toolchain	2026-08-28T05:17:05.4784630Z         DWORD Flags;              // FileRenameInfoEx
windows	Inspect the pinned native Windows SDK and toolchain	2026-08-28T05:17:05.4786340Z     } DUMMYUNIONNAME;
windows	Inspect the pinned native Windows SDK and toolchain	2026-08-28T05:17:05.4788013Z #else
windows	Inspect the pinned native Windows SDK and toolchain	2026-08-28T05:17:05.4789854Z     BOOLEAN ReplaceIfExists;
windows	Inspect the pinned native Windows SDK and toolchain	2026-08-28T05:17:05.4791464Z #endif
windows	Inspect the pinned native Windows SDK and toolchain	2026-08-28T05:17:05.4793228Z     HANDLE RootDirectory;
windows	Inspect the pinned native Windows SDK and toolchain	2026-08-28T05:17:05.4794988Z     DWORD FileNameLength;
windows	Inspect the pinned native Windows SDK and toolchain	2026-08-28T05:17:05.4797382Z     WCHAR FileName[1];
windows	Inspect the pinned native Windows SDK and toolchain	2026-08-28T05:17:05.4797948Z } FILE_RENAME_INFO, *PFILE_RENAME_INFO;
windows	Inspect the pinned native Windows SDK and toolchain	2026-08-28T05:17:05.4799945Z 
windows	Inspect the pinned native Windows SDK and toolchain	2026-08-28T05:17:05.4801965Z typedef struct _FILE_ALLOCATION_INFO {
windows	Inspect the pinned native Windows SDK and toolchain	2026-08-28T05:17:05.4803582Z     LARGE_INTEGER AllocationSize;
windows	Inspect the pinned native Windows SDK and toolchain	2026-08-28T05:17:05.4805331Z } FILE_ALLOCATION_INFO, *PFILE_ALLOCATION_INFO;
windows	Inspect the pinned native Windows SDK and toolchain	2026-08-28T05:17:05.4806738Z 
windows	Inspect the pinned native Windows SDK and toolchain	2026-08-28T05:17:05.4808646Z typedef struct _FILE_END_OF_FILE_INFO {
windows	Inspect the pinned native Windows SDK and toolchain	2026-08-28T05:17:05.4810296Z     LARGE_INTEGER EndOfFile;
windows	Inspect the pinned native Windows SDK and toolchain	2026-08-28T05:17:05.4812047Z } FILE_END_OF_FILE_INFO, *PFILE_END_OF_FILE_INFO;
windows	Inspect the pinned native Windows SDK and toolchain	2026-08-28T05:17:05.4813426Z 
windows	Inspect the pinned native Windows SDK and toolchain	2026-08-28T05:17:05.4815366Z typedef struct _FILE_STREAM_INFO {
windows	Inspect the pinned native Windows SDK and toolchain	2026-08-28T05:17:05.4817446Z     DWORD NextEntryOffset;
windows	Inspect the pinned native Windows SDK and toolchain	2026-08-28T05:17:05.4818790Z     DWORD StreamNameLength;
windows	Inspect the pinned native Windows SDK and toolchain	2026-08-28T05:17:05.4820555Z     LARGE_INTEGER StreamSize;
windows	Inspect the pinned native Windows SDK and toolchain	2026-08-28T05:17:05.4822227Z     LARGE_INTEGER StreamAllocationSize;
windows	Inspect the pinned native Windows SDK and toolchain	2026-08-28T05:17:05.4823918Z --- um/WinBase.h line 9112 ---
windows	Inspect the pinned native Windows SDK and toolchain	2026-08-28T05:17:05.4825402Z 
windows	Inspect the pinned native Windows SDK and toolchain	2026-08-28T05:17:05.4827209Z typedef struct _FILE_RENAME_INFO {
windows	Inspect the pinned native Windows SDK and toolchain	2026-08-28T05:17:05.4828854Z #if (_WIN32_WINNT >= _WIN32_WINNT_WIN10_RS1)
windows	Inspect the pinned native Windows SDK and toolchain	2026-08-28T05:17:05.4830531Z     union {
windows	Inspect the pinned native Windows SDK and toolchain	2026-08-28T05:17:05.4832375Z         BOOLEAN ReplaceIfExists;  // FileRenameInfo
windows	Inspect the pinned native Windows SDK and toolchain	2026-08-28T05:17:05.4834180Z         DWORD Flags;              // FileRenameInfoEx
windows	Inspect the pinned native Windows SDK and toolchain	2026-08-28T05:17:05.4835951Z     } DUMMYUNIONNAME;
windows	Inspect the pinned native Windows SDK and toolchain	2026-08-28T05:17:05.4838189Z #else
windows	Inspect the pinned native Windows SDK and toolchain	2026-08-28T05:17:05.4839887Z     BOOLEAN ReplaceIfExists;
windows	Inspect the pinned native Windows SDK and toolchain	2026-08-28T05:17:05.4841539Z #endif
windows	Inspect the pinned native Windows SDK and toolchain	2026-08-28T05:17:05.4843224Z     HANDLE RootDirectory;
windows	Inspect the pinned native Windows SDK and toolchain	2026-08-28T05:17:05.4844894Z     DWORD FileNameLength;
windows	Inspect the pinned native Windows SDK and toolchain	2026-08-28T05:17:05.4846410Z     WCHAR FileName[1];
windows	Inspect the pinned native Windows SDK and toolchain	2026-08-28T05:17:05.4848232Z } FILE_RENAME_INFO, *PFILE_RENAME_INFO;
windows	Inspect the pinned native Windows SDK and toolchain	2026-08-28T05:17:05.4849650Z 
windows	Inspect the pinned native Windows SDK and toolchain	2026-08-28T05:17:05.4851569Z typedef struct _FILE_ALLOCATION_INFO {
windows	Inspect the pinned native Windows SDK and toolchain	2026-08-28T05:17:05.4853208Z     LARGE_INTEGER AllocationSize;
windows	Inspect the pinned native Windows SDK and toolchain	2026-08-28T05:17:05.4855007Z } FILE_ALLOCATION_INFO, *PFILE_ALLOCATION_INFO;
windows	Inspect the pinned native Windows SDK and toolchain	2026-08-28T05:17:05.4856403Z 
windows	Inspect the pinned native Windows SDK and toolchain	2026-08-28T05:17:05.4858488Z typedef struct _FILE_END_OF_FILE_INFO {
windows	Inspect the pinned native Windows SDK and toolchain	2026-08-28T05:17:05.4860172Z     LARGE_INTEGER EndOfFile;
windows	Inspect the pinned native Windows SDK and toolchain	2026-08-28T05:17:05.4861921Z } FILE_END_OF_FILE_INFO, *PFILE_END_OF_FILE_INFO;
windows	Inspect the pinned native Windows SDK and toolchain	2026-08-28T05:17:05.4863321Z 
windows	Inspect the pinned native Windows SDK and toolchain	2026-08-28T05:17:05.4865205Z typedef struct _FILE_STREAM_INFO {
windows	Inspect the pinned native Windows SDK and toolchain	2026-08-28T05:17:05.4866846Z     DWORD NextEntryOffset;
windows	Inspect the pinned native Windows SDK and toolchain	2026-08-28T05:17:05.4868537Z     DWORD StreamNameLength;
windows	Inspect the pinned native Windows SDK and toolchain	2026-08-28T05:17:05.4870231Z     LARGE_INTEGER StreamSize;
windows	Inspect the pinned native Windows SDK and toolchain	2026-08-28T05:17:05.4872058Z     LARGE_INTEGER StreamAllocationSize;
windows	Inspect the pinned native Windows SDK and toolchain	2026-08-28T05:17:05.4873686Z     WCHAR StreamName[1];
windows	Inspect the pinned native Windows SDK and toolchain	2026-08-28T05:17:05.4875414Z } FILE_STREAM_INFO, *PFILE_STREAM_INFO;
windows	Inspect the pinned native Windows SDK and toolchain	2026-08-28T05:17:05.4876683Z 
windows	Inspect the pinned native Windows SDK and toolchain	2026-08-28T05:17:05.4878948Z --- um/WinBase.h line 9116 ---
windows	Inspect the pinned native Windows SDK and toolchain	2026-08-28T05:17:05.4880637Z         BOOLEAN ReplaceIfExists;  // FileRenameInfo
windows	Inspect the pinned native Windows SDK and toolchain	2026-08-28T05:17:05.4882343Z         DWORD Flags;              // FileRenameInfoEx
windows	Inspect the pinned native Windows SDK and toolchain	2026-08-28T05:17:05.4884009Z     } DUMMYUNIONNAME;
windows	Inspect the pinned native Windows SDK and toolchain	2026-08-28T05:17:05.4885674Z #else
windows	Inspect the pinned native Windows SDK and toolchain	2026-08-28T05:17:05.4887366Z     BOOLEAN ReplaceIfExists;
windows	Inspect the pinned native Windows SDK and toolchain	2026-08-28T05:17:05.4888964Z #endif
windows	Inspect the pinned native Windows SDK and toolchain	2026-08-28T05:17:05.4890663Z     HANDLE RootDirectory;
windows	Inspect the pinned native Windows SDK and toolchain	2026-08-28T05:17:05.4892303Z     DWORD FileNameLength;
windows	Inspect the pinned native Windows SDK and toolchain	2026-08-28T05:17:05.4893959Z     WCHAR FileName[1];
windows	Inspect the pinned native Windows SDK and toolchain	2026-08-28T05:17:05.4895615Z } FILE_RENAME_INFO, *PFILE_RENAME_INFO;
windows	Inspect the pinned native Windows SDK and toolchain	2026-08-28T05:17:05.4896935Z 
windows	Inspect the pinned native Windows SDK and toolchain	2026-08-28T05:17:05.4899405Z typedef struct _FILE_ALLOCATION_INFO {
windows	Inspect the pinned native Windows SDK and toolchain	2026-08-28T05:17:05.4900873Z     LARGE_INTEGER AllocationSize;
windows	Inspect the pinned native Windows SDK and toolchain	2026-08-28T05:17:05.4902784Z } FILE_ALLOCATION_INFO, *PFILE_ALLOCATION_INFO;
windows	Inspect the pinned native Windows SDK and toolchain	2026-08-28T05:17:05.4904328Z 
windows	Inspect the pinned native Windows SDK and toolchain	2026-08-28T05:17:05.4905898Z typedef struct _FILE_END_OF_FILE_INFO {
windows	Inspect the pinned native Windows SDK and toolchain	2026-08-28T05:17:05.4907520Z     LARGE_INTEGER EndOfFile;
windows	Inspect the pinned native Windows SDK and toolchain	2026-08-28T05:17:05.4909268Z } FILE_END_OF_FILE_INFO, *PFILE_END_OF_FILE_INFO;
windows	Inspect the pinned native Windows SDK and toolchain	2026-08-28T05:17:05.4910646Z 
windows	Inspect the pinned native Windows SDK and toolchain	2026-08-28T05:17:05.4912593Z typedef struct _FILE_STREAM_INFO {
windows	Inspect the pinned native Windows SDK and toolchain	2026-08-28T05:17:05.4914067Z     DWORD NextEntryOffset;
windows	Inspect the pinned native Windows SDK and toolchain	2026-08-28T05:17:05.4916065Z     DWORD StreamNameLength;
windows	Inspect the pinned native Windows SDK and toolchain	2026-08-28T05:17:05.4918124Z     LARGE_INTEGER StreamSize;
windows	Inspect the pinned native Windows SDK and toolchain	2026-08-28T05:17:05.4919884Z     LARGE_INTEGER StreamAllocationSize;
windows	Inspect the pinned native Windows SDK and toolchain	2026-08-28T05:17:05.4921465Z     WCHAR StreamName[1];
windows	Inspect the pinned native Windows SDK and toolchain	2026-08-28T05:17:05.4923509Z } FILE_STREAM_INFO, *PFILE_STREAM_INFO;
windows	Inspect the pinned native Windows SDK and toolchain	2026-08-28T05:17:05.4924973Z 
windows	Inspect the pinned native Windows SDK and toolchain	2026-08-28T05:17:05.4926888Z typedef struct _FILE_COMPRESSION_INFO {
windows	Inspect the pinned native Windows SDK and toolchain	2026-08-28T05:17:05.4928509Z     LARGE_INTEGER CompressedFileSize;
windows	Inspect the pinned native Windows SDK and toolchain	2026-08-28T05:17:05.4930202Z     WORD CompressionFormat;
windows	Inspect the pinned native Windows SDK and toolchain	2026-08-28T05:17:05.4931912Z     UCHAR CompressionUnitShift;
windows	Inspect the pinned native Windows SDK and toolchain	2026-08-28T05:17:05.4933541Z --- um/WinBase.h line 9156 ---
windows	Inspect the pinned native Windows SDK and toolchain	2026-08-28T05:17:05.4935710Z 
windows	Inspect the pinned native Windows SDK and toolchain	2026-08-28T05:17:05.4936815Z typedef struct _FILE_DISPOSITION_INFO {
windows	Inspect the pinned native Windows SDK and toolchain	2026-08-28T05:17:05.4938664Z     BOOLEAN DeleteFile;
windows	Inspect the pinned native Windows SDK and toolchain	2026-08-28T05:17:05.4941395Z } FILE_DISPOSITION_INFO, *PFILE_DISPOSITION_INFO;
windows	Inspect the pinned native Windows SDK and toolchain	2026-08-28T05:17:05.4941822Z 
windows	Inspect the pinned native Windows SDK and toolchain	2026-08-28T05:17:05.4943658Z #if (_WIN32_WINNT >= _WIN32_WINNT_WIN10_RS1)
windows	Inspect the pinned native Windows SDK and toolchain	2026-08-28T05:17:05.4945374Z #define FILE_DISPOSITION_FLAG_DO_NOT_DELETE              0x00000000
windows	Inspect the pinned native Windows SDK and toolchain	2026-08-28T05:17:05.4946954Z #define FILE_DISPOSITION_FLAG_DELETE                     0x00000001
windows	Inspect the pinned native Windows SDK and toolchain	2026-08-28T05:17:05.4948643Z #define FILE_DISPOSITION_FLAG_POSIX_SEMANTICS            0x00000002
windows	Inspect the pinned native Windows SDK and toolchain	2026-08-28T05:17:05.4950277Z #define FILE_DISPOSITION_FLAG_FORCE_IMAGE_SECTION_CHECK  0x00000004
windows	Inspect the pinned native Windows SDK and toolchain	2026-08-28T05:17:05.4951924Z #define FILE_DISPOSITION_FLAG_ON_CLOSE                   0x00000008
windows	Inspect the pinned native Windows SDK and toolchain	2026-08-28T05:17:05.4953581Z #if (_WIN32_WINNT >= _WIN32_WINNT_WIN10_RS5)
windows	Inspect the pinned native Windows SDK and toolchain	2026-08-28T05:17:05.4955302Z #define FILE_DISPOSITION_FLAG_IGNORE_READONLY_ATTRIBUTE  0x00000010
windows	Inspect the pinned native Windows SDK and toolchain	2026-08-28T05:17:05.4957237Z #endif
windows	Inspect the pinned native Windows SDK and toolchain	2026-08-28T05:17:05.4958704Z 
windows	Inspect the pinned native Windows SDK and toolchain	2026-08-28T05:17:05.4960637Z typedef struct _FILE_DISPOSITION_INFO_EX {
windows	Inspect the pinned native Windows SDK and toolchain	2026-08-28T05:17:05.4962136Z     DWORD Flags;
windows	Inspect the pinned native Windows SDK and toolchain	2026-08-28T05:17:05.4963858Z } FILE_DISPOSITION_INFO_EX, *PFILE_DISPOSITION_INFO_EX;
windows	Inspect the pinned native Windows SDK and toolchain	2026-08-28T05:17:05.4965385Z #endif
windows	Inspect the pinned native Windows SDK and toolchain	2026-08-28T05:17:05.4966849Z 
windows	Inspect the pinned native Windows SDK and toolchain	2026-08-28T05:17:05.4968672Z typedef struct _FILE_ID_BOTH_DIR_INFO {
windows	Inspect the pinned native Windows SDK and toolchain	2026-08-28T05:17:05.4970299Z     DWORD NextEntryOffset;
windows	Inspect the pinned native Windows SDK and toolchain	2026-08-28T05:17:05.4971939Z     DWORD FileIndex;
windows	Inspect the pinned native Windows SDK and toolchain	2026-08-28T05:17:05.4973582Z     LARGE_INTEGER CreationTime;
windows	Inspect the pinned native Windows SDK and toolchain	2026-08-28T05:17:05.4975804Z     LARGE_INTEGER LastAccessTime;
windows	Inspect the pinned native Windows SDK and toolchain	2026-08-28T05:17:05.4977552Z     LARGE_INTEGER LastWriteTime;
windows	Inspect the pinned native Windows SDK and toolchain	2026-08-28T05:17:05.4979260Z     LARGE_INTEGER ChangeTime;
windows	Inspect the pinned native Windows SDK and toolchain	2026-08-28T05:17:05.4980996Z     LARGE_INTEGER EndOfFile;
windows	Inspect the pinned native Windows SDK and toolchain	2026-08-28T05:17:05.4982630Z     LARGE_INTEGER AllocationSize;
windows	Inspect the pinned native Windows SDK and toolchain	2026-08-28T05:17:05.4984660Z     DWORD FileAttributes;
windows	Inspect the pinned native Windows SDK and toolchain	2026-08-28T05:17:05.4986366Z     DWORD FileNameLength;
windows	Inspect the pinned native Windows SDK and toolchain	2026-08-28T05:17:05.4988017Z --- um/WinBase.h line 9170 ---
windows	Inspect the pinned native Windows SDK and toolchain	2026-08-28T05:17:05.4989476Z 
windows	Inspect the pinned native Windows SDK and toolchain	2026-08-28T05:17:05.4991297Z typedef struct _FILE_DISPOSITION_INFO_EX {
windows	Inspect the pinned native Windows SDK and toolchain	2026-08-28T05:17:05.4992974Z     DWORD Flags;
windows	Inspect the pinned native Windows SDK and toolchain	2026-08-28T05:17:05.4994827Z } FILE_DISPOSITION_INFO_EX, *PFILE_DISPOSITION_INFO_EX;
windows	Inspect the pinned native Windows SDK and toolchain	2026-08-28T05:17:05.4996900Z #endif
windows	Inspect the pinned native Windows SDK and toolchain	2026-08-28T05:17:05.4998395Z 
windows	Inspect the pinned native Windows SDK and toolchain	2026-08-28T05:17:05.5000213Z typedef struct _FILE_ID_BOTH_DIR_INFO {
windows	Inspect the pinned native Windows SDK and toolchain	2026-08-28T05:17:05.5001855Z     DWORD NextEntryOffset;
windows	Inspect the pinned native Windows SDK and toolchain	2026-08-28T05:17:05.5003533Z     DWORD FileIndex;
windows	Inspect the pinned native Windows SDK and toolchain	2026-08-28T05:17:05.5005202Z     LARGE_INTEGER CreationTime;
windows	Inspect the pinned native Windows SDK and toolchain	2026-08-28T05:17:05.5006890Z     LARGE_INTEGER LastAccessTime;
windows	Inspect the pinned native Windows SDK and toolchain	2026-08-28T05:17:05.5008570Z     LARGE_INTEGER LastWriteTime;
windows	Inspect the pinned native Windows SDK and toolchain	2026-08-28T05:17:05.5010380Z     LARGE_INTEGER ChangeTime;
windows	Inspect the pinned native Windows SDK and toolchain	2026-08-28T05:17:05.5012050Z     LARGE_INTEGER EndOfFile;
windows	Inspect the pinned native Windows SDK and toolchain	2026-08-28T05:17:05.5013726Z     LARGE_INTEGER AllocationSize;
windows	Inspect the pinned native Windows SDK and toolchain	2026-08-28T05:17:05.5094000Z     DWORD FileAttributes;
windows	Inspect the pinned native Windows SDK and toolchain	2026-08-28T05:17:05.5094700Z     DWORD FileNameLength;
windows	Inspect the pinned native Windows SDK and toolchain	2026-08-28T05:17:05.5095454Z     DWORD EaSize;
windows	Inspect the pinned native Windows SDK and toolchain	2026-08-28T05:17:05.5096300Z     CCHAR ShortNameLength;
windows	Inspect the pinned native Windows SDK and toolchain	2026-08-28T05:17:05.5097135Z     WCHAR ShortName[12];
windows	Inspect the pinned native Windows SDK and toolchain	2026-08-28T05:17:05.5097682Z     LARGE_INTEGER FileId;
windows	Inspect the pinned native Windows SDK and toolchain	2026-08-28T05:17:05.5098518Z     WCHAR FileName[1];
windows	Inspect the pinned native Windows SDK and toolchain	2026-08-28T05:17:05.5099126Z } FILE_ID_BOTH_DIR_INFO, *PFILE_ID_BOTH_DIR_INFO;
windows	Inspect the pinned native Windows SDK and toolchain	2026-08-28T05:17:05.5099776Z 
windows	Inspect the pinned native Windows SDK and toolchain	2026-08-28T05:17:05.5100257Z typedef struct _FILE_FULL_DIR_INFO {
windows	Inspect the pinned native Windows SDK and toolchain	2026-08-28T05:17:05.5101248Z     ULONG NextEntryOffset;
windows	Inspect the pinned native Windows SDK and toolchain	2026-08-28T05:17:05.5101679Z     ULONG FileIndex;
windows	Inspect the pinned native Windows SDK and toolchain	2026-08-28T05:17:05.5102217Z     LARGE_INTEGER CreationTime;
windows	Inspect the pinned native Windows SDK and toolchain	2026-08-28T05:17:05.5103119Z     LARGE_INTEGER LastAccessTime;
windows	Inspect the pinned native Windows SDK and toolchain	2026-08-28T05:17:05.5103792Z     LARGE_INTEGER LastWriteTime;
windows	Inspect the pinned native Windows SDK and toolchain	2026-08-28T05:17:05.5104576Z     LARGE_INTEGER ChangeTime;
windows	Inspect the pinned native Windows SDK and toolchain	2026-08-28T05:17:05.5105113Z --- um/WinBase.h line 9259 ---
windows	Inspect the pinned native Windows SDK and toolchain	2026-08-28T05:17:05.5105889Z //
windows	Inspect the pinned native Windows SDK and toolchain	2026-08-28T05:17:05.5106385Z typedef struct _FILE_ID_INFO {
windows	Inspect the pinned native Windows SDK and toolchain	2026-08-28T05:17:05.5107172Z     ULONGLONG VolumeSerialNumber;
windows	Inspect the pinned native Windows SDK and toolchain	2026-08-28T05:17:05.5107777Z     FILE_ID_128 FileId;
windows	Inspect the pinned native Windows SDK and toolchain	2026-08-28T05:17:05.5108501Z } FILE_ID_INFO, *PFILE_ID_INFO;
windows	Inspect the pinned native Windows SDK and toolchain	2026-08-28T05:17:05.5109002Z 
windows	Inspect the pinned native Windows SDK and toolchain	2026-08-28T05:17:05.5109318Z //
windows	Inspect the pinned native Windows SDK and toolchain	2026-08-28T05:17:05.5110072Z //  Structure definition for FileIdExtdDirectoryInfo
windows	Inspect the pinned native Windows SDK and toolchain	2026-08-28T05:17:05.5110558Z //
windows	Inspect the pinned native Windows SDK and toolchain	2026-08-28T05:17:05.5110850Z typedef struct _FILE_ID_EXTD_DIR_INFO {
windows	Inspect the pinned native Windows SDK and toolchain	2026-08-28T05:17:05.5111266Z     ULONG NextEntryOffset;
windows	Inspect the pinned native Windows SDK and toolchain	2026-08-28T05:17:05.5111615Z     ULONG FileIndex;
windows	Inspect the pinned native Windows SDK and toolchain	2026-08-28T05:17:05.5111943Z     LARGE_INTEGER CreationTime;
windows	Inspect the pinned native Windows SDK and toolchain	2026-08-28T05:17:05.5112317Z     LARGE_INTEGER LastAccessTime;
windows	Inspect the pinned native Windows SDK and toolchain	2026-08-28T05:17:05.5112711Z     LARGE_INTEGER LastWriteTime;
windows	Inspect the pinned native Windows SDK and toolchain	2026-08-28T05:17:05.5113467Z     LARGE_INTEGER ChangeTime;
windows	Inspect the pinned native Windows SDK and toolchain	2026-08-28T05:17:05.5113838Z     LARGE_INTEGER EndOfFile;
windows	Inspect the pinned native Windows SDK and toolchain	2026-08-28T05:17:05.5114498Z     LARGE_INTEGER AllocationSize;
windows	Inspect the pinned native Windows SDK and toolchain	2026-08-28T05:17:05.5114908Z     ULONG FileAttributes;
windows	Inspect the pinned native Windows SDK and toolchain	2026-08-28T05:17:05.5115269Z     ULONG FileNameLength;
windows	Inspect the pinned native Windows SDK and toolchain	2026-08-28T05:17:05.5116424Z     ULONG EaSize;
windows	Inspect the pinned native Windows SDK and toolchain	2026-08-28T05:17:05.5116776Z     ULONG ReparsePointTag;
windows	Inspect the pinned native Windows SDK and toolchain	2026-08-28T05:17:05.5117149Z     FILE_ID_128 FileId;
windows	Inspect the pinned native Windows SDK and toolchain	2026-08-28T05:17:05.5117524Z     WCHAR FileName[1];
windows	Inspect the pinned native Windows SDK and toolchain	2026-08-28T05:17:05.5117879Z } FILE_ID_EXTD_DIR_INFO, *PFILE_ID_EXTD_DIR_INFO;
windows	Inspect the pinned native Windows SDK and toolchain	2026-08-28T05:17:05.5118215Z 
windows	Inspect the pinned native Windows SDK and toolchain	2026-08-28T05:17:05.5118385Z #endif
windows	Inspect the pinned native Windows SDK and toolchain	2026-08-28T05:17:05.5118499Z 
windows	Inspect the pinned native Windows SDK and toolchain	2026-08-28T05:17:05.5118565Z //
windows	Inspect the pinned native Windows SDK and toolchain	2026-08-28T05:17:05.5118856Z // File Remote protocol info (FileRemoteProtocolInfo)
windows	Inspect the pinned native Windows SDK and toolchain	2026-08-28T05:17:05.5119312Z //
windows	Inspect the pinned native Windows SDK and toolchain	2026-08-28T05:17:05.5119627Z --- um/fileapi.h line 889 ---
windows	Inspect the pinned native Windows SDK and toolchain	2026-08-28T05:17:05.5119977Z WINAPI
windows	Inspect the pinned native Windows SDK and toolchain	2026-08-28T05:17:05.5120215Z GetVolumeInformationByHandleW(
windows	Inspect the pinned native Windows SDK and toolchain	2026-08-28T05:17:05.5120558Z     _In_ HANDLE hFile,
windows	Inspect the pinned native Windows SDK and toolchain	2026-08-28T05:17:05.5120981Z     _Out_writes_opt_(nVolumeNameSize) LPWSTR lpVolumeNameBuffer,
windows	Inspect the pinned native Windows SDK and toolchain	2026-08-28T05:17:05.5121572Z     _In_ DWORD nVolumeNameSize,
windows	Inspect the pinned native Windows SDK and toolchain	2026-08-28T05:17:05.5121852Z     _Out_opt_ LPDWORD lpVolumeSerialNumber,
windows	Inspect the pinned native Windows SDK and toolchain	2026-08-28T05:17:05.5122680Z     _Out_opt_ LPDWORD lpMaximumComponentLength,
windows	Inspect the pinned native Windows SDK and toolchain	2026-08-28T05:17:05.5123185Z     _Out_opt_ LPDWORD lpFileSystemFlags,
windows	Inspect the pinned native Windows SDK and toolchain	2026-08-28T05:17:05.5123614Z     _Out_writes_opt_(nFileSystemNameSize) LPWSTR lpFileSystemNameBuffer,
windows	Inspect the pinned native Windows SDK and toolchain	2026-08-28T05:17:05.5124215Z     _In_ DWORD nFileSystemNameSize
windows	Inspect the pinned native Windows SDK and toolchain	2026-08-28T05:17:05.5124601Z     );
windows	Inspect the pinned native Windows SDK and toolchain	2026-08-28T05:17:05.5124743Z 
windows	Inspect the pinned native Windows SDK and toolchain	2026-08-28T05:17:05.5124881Z #endif /* _WIN32_WINNT >=  0x0600 */
windows	Inspect the pinned native Windows SDK and toolchain	2026-08-28T05:17:05.5125052Z 
windows	Inspect the pinned native Windows SDK and toolchain	2026-08-28T05:17:05.5125126Z WINBASEAPI
windows	Inspect the pinned native Windows SDK and toolchain	2026-08-28T05:17:05.5125284Z BOOL
windows	Inspect the pinned native Windows SDK and toolchain	2026-08-28T05:17:05.5125579Z WINAPI
windows	Inspect the pinned native Windows SDK and toolchain	2026-08-28T05:17:05.5125826Z GetVolumeInformationW(
windows	Inspect the pinned native Windows SDK and toolchain	2026-08-28T05:17:05.5126200Z     _In_opt_ LPCWSTR lpRootPathName,
windows	Inspect the pinned native Windows SDK and toolchain	2026-08-28T05:17:05.5126639Z     _Out_writes_opt_(nVolumeNameSize) LPWSTR lpVolumeNameBuffer,
windows	Inspect the pinned native Windows SDK and toolchain	2026-08-28T05:17:05.5127119Z     _In_ DWORD nVolumeNameSize,
windows	Inspect the pinned native Windows SDK and toolchain	2026-08-28T05:17:05.5127499Z     _Out_opt_ LPDWORD lpVolumeSerialNumber,
windows	Inspect the pinned native Windows SDK and toolchain	2026-08-28T05:17:05.5127991Z     _Out_opt_ LPDWORD lpMaximumComponentLength,
windows	Inspect the pinned native Windows SDK and toolchain	2026-08-28T05:17:05.5128612Z     _Out_opt_ LPDWORD lpFileSystemFlags,
windows	Inspect the pinned native Windows SDK and toolchain	2026-08-28T05:17:05.5129202Z     _Out_writes_opt_(nFileSystemNameSize) LPWSTR lpFileSystemNameBuffer,
windows	Inspect the pinned native Windows SDK and toolchain	2026-08-28T05:17:05.5129834Z     _In_ DWORD nFileSystemNameSize
windows	Inspect the pinned native Windows SDK and toolchain	2026-08-28T05:17:05.5130064Z     );
windows	Inspect the pinned native Windows SDK and toolchain	2026-08-28T05:17:05.5131170Z 
windows	Inspect the pinned native Windows SDK and toolchain	2026-08-28T05:17:05.5133235Z #ifdef UNICODE
windows	Inspect the pinned native Windows SDK and toolchain	2026-08-28T05:17:05.5135374Z #define GetVolumeInformation  GetVolumeInformationW
windows	Inspect the pinned native Windows SDK and toolchain	2026-08-28T05:17:05.5137345Z #endif
windows	Fetch checksum-verified native Node inputs	﻿2026-08-28T05:17:05.6319546Z ##[group]Run @'
windows	Fetch checksum-verified native Node inputs	2026-08-28T05:17:05.6320032Z [36;1m@'[0m
windows	Fetch checksum-verified native Node inputs	2026-08-28T05:17:05.6320399Z [36;1mimport { createHash } from 'node:crypto';[0m
windows	Fetch checksum-verified native Node inputs	2026-08-28T05:17:05.6321037Z [36;1mimport { writeFileSync, appendFileSync } from 'node:fs';[0m
windows	Fetch checksum-verified native Node inputs	2026-08-28T05:17:05.6321725Z [36;1mimport { execFileSync } from 'node:child_process';[0m
windows	Fetch checksum-verified native Node inputs	2026-08-28T05:17:05.6322694Z [36;1mimport { join, basename } from 'node:path';[0m
windows	Fetch checksum-verified native Node inputs	2026-08-28T05:17:05.6323469Z [36;1mif (process.arch !== 'x64') throw new Error('Native x64 Node bootstrap required');[0m
windows	Fetch checksum-verified native Node inputs	2026-08-28T05:17:05.6324331Z [36;1mconst base = 'https://nodejs.org/dist/v20.19.0/';[0m
windows	Fetch checksum-verified native Node inputs	2026-08-28T05:17:05.6325017Z [36;1mconst sumsResponse = await fetch(base + 'SHASUMS256.txt');[0m
windows	Fetch checksum-verified native Node inputs	2026-08-28T05:17:05.6325797Z [36;1mif (!sumsResponse.ok) throw new Error('Cannot fetch checksums');[0m
windows	Fetch checksum-verified native Node inputs	2026-08-28T05:17:05.6326482Z [36;1mconst sums = await sumsResponse.text();[0m
windows	Fetch checksum-verified native Node inputs	2026-08-28T05:17:05.6327338Z [36;1mfor (const name of ['node-v20.19.0-win-x64.zip', 'node-v20.19.0-headers.tar.gz', 'win-x64/node.lib']) {[0m
windows	Fetch checksum-verified native Node inputs	2026-08-28T05:17:05.6328263Z [36;1m  const response = await fetch(base + name);[0m
windows	Fetch checksum-verified native Node inputs	2026-08-28T05:17:05.6328881Z [36;1m  if (!response.ok) throw new Error('Cannot fetch ' + name);[0m
windows	Fetch checksum-verified native Node inputs	2026-08-28T05:17:05.6329590Z [36;1m  const bytes = Buffer.from(await response.arrayBuffer());[0m
windows	Fetch checksum-verified native Node inputs	2026-08-28T05:17:05.6330340Z [36;1m  const sha256 = createHash('sha256').update(bytes).digest('hex');[0m
windows	Fetch checksum-verified native Node inputs	2026-08-28T05:17:05.6331356Z [36;1m  const expected = sums.split('\n').map(line => line.trim().split(/\s+/)).find(parts => parts[1] === name)?.[0];[0m
windows	Fetch checksum-verified native Node inputs	2026-08-28T05:17:05.6332406Z [36;1m  if (sha256 !== expected) throw new Error('Checksum mismatch: ' + name);[0m
windows	Fetch checksum-verified native Node inputs	2026-08-28T05:17:05.6333270Z [36;1m  writeFileSync(join(process.env.RUNNER_TEMP, basename(name)), bytes);[0m
windows	Fetch checksum-verified native Node inputs	2026-08-28T05:17:05.6334011Z [36;1m  console.log(JSON.stringify({name, sha256}));[0m
windows	Fetch checksum-verified native Node inputs	2026-08-28T05:17:05.6334489Z [36;1m}[0m
windows	Fetch checksum-verified native Node inputs	2026-08-28T05:17:05.6335275Z [36;1mexecFileSync('tar', ['-xf', join(process.env.RUNNER_TEMP, 'node-v20.19.0-win-x64.zip'), '-C', process.env.RUNNER_TEMP]);[0m
windows	Fetch checksum-verified native Node inputs	2026-08-28T05:17:05.6336656Z [36;1mappendFileSync(process.env.GITHUB_PATH, join(process.env.RUNNER_TEMP, 'node-v20.19.0-win-x64') + '\n');[0m
windows	Fetch checksum-verified native Node inputs	2026-08-28T05:17:05.6338166Z [36;1mappendFileSync(process.env.GITHUB_ENV, 'EXSPECSO_NODE_HEADERS=' + join(process.env.RUNNER_TEMP, 'node-v20.19.0-headers.tar.gz') + '\n');[0m
windows	Fetch checksum-verified native Node inputs	2026-08-28T05:17:05.6340632Z [36;1mappendFileSync(process.env.GITHUB_ENV, 'EXSPECSO_NODE_LIB=' + join(process.env.RUNNER_TEMP, 'node.lib') + '\n');[0m
windows	Fetch checksum-verified native Node inputs	2026-08-28T05:17:05.6341601Z [36;1m'@ | node --input-type=module[0m
windows	Fetch checksum-verified native Node inputs	2026-08-28T05:17:05.6342187Z [36;1mif ($LASTEXITCODE) { throw 'Node input verification failed' }[0m
windows	Fetch checksum-verified native Node inputs	2026-08-28T05:17:05.6482601Z shell: C:\Program Files\PowerShell\7\pwsh.EXE -command ". '{0}'"
windows	Fetch checksum-verified native Node inputs	2026-08-28T05:17:05.6483207Z ##[endgroup]
windows	Fetch checksum-verified native Node inputs	2026-08-28T05:17:10.0233285Z {"name":"node-v20.19.0-win-x64.zip","sha256":"be72284c7bc62de07d5a9fd0ae196879842c085f11f7f2b60bf8864c0c9d6a4f"}
windows	Fetch checksum-verified native Node inputs	2026-08-28T05:17:10.1424788Z {"name":"node-v20.19.0-headers.tar.gz","sha256":"800194e32cef4ee77f5a2e8c0e5dd2b4acb38b39ef2ea544929c181b949494bb"}
windows	Fetch checksum-verified native Node inputs	2026-08-28T05:17:10.1771672Z {"name":"win-x64/node.lib","sha256":"72f7ca3b33f0991e93e25521f7e78c8adf187df7d5223bf0efcb5e005420f327"}
windows	Install locked development dependencies without lifecycle scripts	﻿2026-08-28T05:17:11.2382911Z ##[group]Run npm ci --ignore-scripts
windows	Install locked development dependencies without lifecycle scripts	2026-08-28T05:17:11.2383332Z [36;1mnpm ci --ignore-scripts[0m
windows	Install locked development dependencies without lifecycle scripts	2026-08-28T05:17:11.2383645Z [36;1mif ($LASTEXITCODE) { throw 'npm ci failed' }[0m
windows	Install locked development dependencies without lifecycle scripts	2026-08-28T05:17:11.2485526Z shell: C:\Program Files\PowerShell\7\pwsh.EXE -command ". '{0}'"
windows	Install locked development dependencies without lifecycle scripts	2026-08-28T05:17:11.2485884Z env:
windows	Install locked development dependencies without lifecycle scripts	2026-08-28T05:17:11.2486147Z   EXSPECSO_NODE_HEADERS: D:\a\_temp\node-v20.19.0-headers.tar.gz
windows	Install locked development dependencies without lifecycle scripts	2026-08-28T05:17:11.2486486Z   EXSPECSO_NODE_LIB: D:\a\_temp\node.lib
windows	Install locked development dependencies without lifecycle scripts	2026-08-28T05:17:11.2486734Z ##[endgroup]
windows	Install locked development dependencies without lifecycle scripts	2026-08-28T05:17:15.5573716Z 
windows	Install locked development dependencies without lifecycle scripts	2026-08-28T05:17:15.5581179Z added 74 packages, and audited 75 packages in 4s
windows	Install locked development dependencies without lifecycle scripts	2026-08-28T05:17:15.5585029Z 
windows	Install locked development dependencies without lifecycle scripts	2026-08-28T05:17:15.5585892Z 20 packages are looking for funding
windows	Install locked development dependencies without lifecycle scripts	2026-08-28T05:17:15.5587880Z   run `npm fund` for details
windows	Install locked development dependencies without lifecycle scripts	2026-08-28T05:17:15.5612885Z 
windows	Install locked development dependencies without lifecycle scripts	2026-08-28T05:17:15.5616249Z found 0 vulnerabilities
windows	Build the native Windows release provider and TypeScript	﻿2026-08-28T05:17:15.7340017Z ##[group]Run node native/build.mjs --variant release --target win32-x64 --out . --headers "$env:EXSPECSO_NODE_HEADERS" --node-lib "$env:EXSPECSO_NODE_LIB"
windows	Build the native Windows release provider and TypeScript	2026-08-28T05:17:15.7341955Z [36;1mnode native/build.mjs --variant release --target win32-x64 --out . --headers "$env:EXSPECSO_NODE_HEADERS" --node-lib "$env:EXSPECSO_NODE_LIB"[0m
windows	Build the native Windows release provider and TypeScript	2026-08-28T05:17:15.7343198Z [36;1mif ($LASTEXITCODE) { throw 'Native build failed' }[0m
windows	Build the native Windows release provider and TypeScript	2026-08-28T05:17:15.7343731Z [36;1mnpm run build[0m
windows	Build the native Windows release provider and TypeScript	2026-08-28T05:17:15.7344213Z [36;1mif ($LASTEXITCODE) { throw 'TypeScript build failed' }[0m
windows	Build the native Windows release provider and TypeScript	2026-08-28T05:17:15.7452959Z shell: C:\Program Files\PowerShell\7\pwsh.EXE -command ". '{0}'"
windows	Build the native Windows release provider and TypeScript	2026-08-28T05:17:15.7453541Z env:
windows	Build the native Windows release provider and TypeScript	2026-08-28T05:17:15.7453965Z   EXSPECSO_NODE_HEADERS: D:\a\_temp\node-v20.19.0-headers.tar.gz
windows	Build the native Windows release provider and TypeScript	2026-08-28T05:17:15.7454545Z   EXSPECSO_NODE_LIB: D:\a\_temp\node.lib
windows	Build the native Windows release provider and TypeScript	2026-08-28T05:17:15.7454952Z ##[endgroup]
windows	Build the native Windows release provider and TypeScript	2026-08-28T05:17:18.3106413Z {
windows	Build the native Windows release provider and TypeScript	2026-08-28T05:17:18.3107269Z   "imageVersion": "20260824.214.3",
windows	Build the native Windows release provider and TypeScript	2026-08-28T05:17:18.3108425Z   "imageOS": "win25-vs2026",
windows	Build the native Windows release provider and TypeScript	2026-08-28T05:17:18.3113707Z   "architecture": "X64",
windows	Build the native Windows release provider and TypeScript	2026-08-28T05:17:18.3114523Z   "caption": "Microsoft Windows Server 2025 Datacenter",
windows	Build the native Windows release provider and TypeScript	2026-08-28T05:17:18.3115584Z   "version": "10.0.26100",
windows	Build the native Windows release provider and TypeScript	2026-08-28T05:17:18.3118947Z   "build": "26100",
windows	Build the native Windows release provider and TypeScript	2026-08-28T05:17:18.3119570Z   "ubr": 33296,
windows	Build the native Windows release provider and TypeScript	2026-08-28T05:17:18.3120091Z   "displayVersion": "24H2",
windows	Build the native Windows release provider and TypeScript	2026-08-28T05:17:18.3121027Z   "filesystem": "NTFS",
windows	Build the native Windows release provider and TypeScript	2026-08-28T05:17:18.3173302Z   "visualStudio": [
windows	Build the native Windows release provider and TypeScript	2026-08-28T05:17:18.3185518Z     {
windows	Build the native Windows release provider and TypeScript	2026-08-28T05:17:18.3189538Z       "installationVersion": "18.9.12112.369",
windows	Build the native Windows release provider and TypeScript	2026-08-28T05:17:18.3191555Z       "installationPath": "C:\\Program Files\\Microsoft Visual Studio\\18\\Enterprise"
windows	Build the native Windows release provider and TypeScript	2026-08-28T05:17:18.3216737Z     }
windows	Build the native Windows release provider and TypeScript	2026-08-28T05:17:18.3217927Z   ],
windows	Build the native Windows release provider and TypeScript	2026-08-28T05:17:18.3218532Z   "sdkVersion": "10.0.26100.0",
windows	Build the native Windows release provider and TypeScript	2026-08-28T05:17:18.3219260Z   "msvcVersion": "14.44.35207"
windows	Build the native Windows release provider and TypeScript	2026-08-28T05:17:18.3219818Z }
windows	Build the native Windows release provider and TypeScript	2026-08-28T05:17:18.5141313Z --- um/winternl.h line 213 ---
windows	Build the native Windows release provider and TypeScript	2026-08-28T05:17:18.5142087Z 
windows	Build the native Windows release provider and TypeScript	2026-08-28T05:17:18.5190393Z typedef struct _OBJECT_ATTRIBUTES {
windows	Build the native Windows release provider and TypeScript	2026-08-28T05:17:18.5232834Z     ULONG Length;
windows	Build the native Windows release provider and TypeScript	2026-08-28T05:17:18.5233796Z     HANDLE RootDirectory;
windows	Build the native Windows release provider and TypeScript	2026-08-28T05:17:18.5234736Z     PUNICODE_STRING ObjectName;
windows	Build the native Windows release provider and TypeScript	2026-08-28T05:17:18.5235209Z     ULONG Attributes;
windows	Build the native Windows release provider and TypeScript	2026-08-28T05:17:18.5235786Z     PVOID SecurityDescriptor;
windows	Build the native Windows release provider and TypeScript	2026-08-28T05:17:18.5236191Z     PVOID SecurityQualityOfService;
windows	Build the native Windows release provider and TypeScript	2026-08-28T05:17:18.5236583Z } OBJECT_ATTRIBUTES;
windows	Build the native Windows release provider and TypeScript	2026-08-28T05:17:18.5236957Z typedef OBJECT_ATTRIBUTES *POBJECT_ATTRIBUTES;
windows	Build the native Windows release provider and TypeScript	2026-08-28T05:17:18.5237298Z 
windows	Build the native Windows release provider and TypeScript	2026-08-28T05:17:18.5237436Z typedef struct _IO_STATUS_BLOCK {
windows	Build the native Windows release provider and TypeScript	2026-08-28T05:17:18.5237823Z #pragma warning(push)
windows	Build the native Windows release provider and TypeScript	2026-08-28T05:17:18.5238331Z #pragma warning(disable: 4201) // we'll always use the Microsoft compiler
windows	Build the native Windows release provider and TypeScript	2026-08-28T05:17:18.5238921Z     union {
windows	Build the native Windows release provider and TypeScript	2026-08-28T05:17:18.5239189Z         NTSTATUS Status;
windows	Build the native Windows release provider and TypeScript	2026-08-28T05:17:18.5239514Z         PVOID Pointer;
windows	Build the native Windows release provider and TypeScript	2026-08-28T05:17:18.5239828Z     } DUMMYUNIONNAME;
windows	Build the native Windows release provider and TypeScript	2026-08-28T05:17:18.5240148Z #pragma warning(pop)
windows	Build the native Windows release provider and TypeScript	2026-08-28T05:17:18.5240344Z 
windows	Build the native Windows release provider and TypeScript	2026-08-28T05:17:18.5240467Z     ULONG_PTR Information;
windows	Build the native Windows release provider and TypeScript	2026-08-28T05:17:18.5240832Z } IO_STATUS_BLOCK, *PIO_STATUS_BLOCK;
windows	Build the native Windows release provider and TypeScript	2026-08-28T05:17:18.5241120Z 
windows	Build the native Windows release provider and TypeScript	2026-08-28T05:17:18.5241225Z typedef
windows	Build the native Windows release provider and TypeScript	2026-08-28T05:17:18.5241895Z VOID
windows	Build the native Windows release provider and TypeScript	2026-08-28T05:17:18.5242172Z (NTAPI *PIO_APC_ROUTINE) (
windows	Build the native Windows release provider and TypeScript	2026-08-28T05:17:18.5242518Z     IN PVOID ApcContext,
windows	Build the native Windows release provider and TypeScript	2026-08-28T05:17:18.5243014Z     IN PIO_STATUS_BLOCK IoStatusBlock,
windows	Build the native Windows release provider and TypeScript	2026-08-28T05:17:18.5243408Z     IN ULONG Reserved
windows	Build the native Windows release provider and TypeScript	2026-08-28T05:17:18.5243699Z     );
windows	Build the native Windows release provider and TypeScript	2026-08-28T05:17:18.5243848Z 
windows	Build the native Windows release provider and TypeScript	2026-08-28T05:17:18.5243983Z --- um/winternl.h line 475 ---
windows	Build the native Windows release provider and TypeScript	2026-08-28T05:17:18.5244297Z NTAPI
windows	Build the native Windows release provider and TypeScript	2026-08-28T05:17:18.5244544Z NtCreateFile (
windows	Build the native Windows release provider and TypeScript	2026-08-28T05:17:18.5244841Z     OUT PHANDLE FileHandle,
windows	Build the native Windows release provider and TypeScript	2026-08-28T05:17:18.5245208Z     IN ACCESS_MASK DesiredAccess,
windows	Build the native Windows release provider and TypeScript	2026-08-28T05:17:18.5245624Z     IN POBJECT_ATTRIBUTES ObjectAttributes,
windows	Build the native Windows release provider and TypeScript	2026-08-28T05:17:18.5246083Z     OUT PIO_STATUS_BLOCK IoStatusBlock,
windows	Build the native Windows release provider and TypeScript	2026-08-28T05:17:18.5249337Z     IN PLARGE_INTEGER AllocationSize OPTIONAL,
windows	Build the native Windows release provider and TypeScript	2026-08-28T05:17:18.5249816Z     IN ULONG FileAttributes,
windows	Build the native Windows release provider and TypeScript	2026-08-28T05:17:18.5250174Z     IN ULONG ShareAccess,
windows	Build the native Windows release provider and TypeScript	2026-08-28T05:17:18.5250521Z     IN ULONG CreateDisposition,
windows	Build the native Windows release provider and TypeScript	2026-08-28T05:17:18.5250892Z     IN ULONG CreateOptions,
windows	Build the native Windows release provider and TypeScript	2026-08-28T05:17:18.5251262Z     IN PVOID EaBuffer OPTIONAL,
windows	Build the native Windows release provider and TypeScript	2026-08-28T05:17:18.5251615Z     IN ULONG EaLength
windows	Build the native Windows release provider and TypeScript	2026-08-28T05:17:18.5251913Z     );
windows	Build the native Windows release provider and TypeScript	2026-08-28T05:17:18.5252052Z 
windows	Build the native Windows release provider and TypeScript	2026-08-28T05:17:18.5252144Z //
windows	Build the native Windows release provider and TypeScript	2026-08-28T05:17:18.5252398Z // use the Win32 API instead
windows	Build the native Windows release provider and TypeScript	2026-08-28T05:17:18.5252738Z //     CreateFile
windows	Build the native Windows release provider and TypeScript	2026-08-28T05:17:18.5253003Z //
windows	Build the native Windows release provider and TypeScript	2026-08-28T05:17:18.5253606Z __kernel_entry NTSTATUS
windows	Build the native Windows release provider and TypeScript	2026-08-28T05:17:18.5253932Z NTAPI
windows	Build the native Windows release provider and TypeScript	2026-08-28T05:17:18.5254173Z NtOpenFile (
windows	Build the native Windows release provider and TypeScript	2026-08-28T05:17:18.5254460Z     OUT PHANDLE FileHandle,
windows	Build the native Windows release provider and TypeScript	2026-08-28T05:17:18.5254828Z     IN ACCESS_MASK DesiredAccess,
windows	Build the native Windows release provider and TypeScript	2026-08-28T05:17:18.5255241Z     IN POBJECT_ATTRIBUTES ObjectAttributes,
windows	Build the native Windows release provider and TypeScript	2026-08-28T05:17:18.5255699Z     OUT PIO_STATUS_BLOCK IoStatusBlock,
windows	Build the native Windows release provider and TypeScript	2026-08-28T05:17:18.5256119Z     IN ULONG ShareAccess,
windows	Build the native Windows release provider and TypeScript	2026-08-28T05:17:18.5256451Z     IN ULONG OpenOptions
windows	Build the native Windows release provider and TypeScript	2026-08-28T05:17:18.5256757Z     );
windows	Build the native Windows release provider and TypeScript	2026-08-28T05:17:18.5256894Z 
windows	Build the native Windows release provider and TypeScript	2026-08-28T05:17:18.5256995Z //
windows	Build the native Windows release provider and TypeScript	2026-08-28T05:17:18.5257258Z --- um/winternl.h line 992 ---
windows	Build the native Windows release provider and TypeScript	2026-08-28T05:17:18.5257676Z #define FILE_CREATE                     0x00000002
windows	Build the native Windows release provider and TypeScript	2026-08-28T05:17:18.5258159Z #define FILE_OPEN_IF                    0x00000003
windows	Build the native Windows release provider and TypeScript	2026-08-28T05:17:18.5258642Z #define FILE_OVERWRITE                  0x00000004
windows	Build the native Windows release provider and TypeScript	2026-08-28T05:17:18.5259108Z #define FILE_OVERWRITE_IF               0x00000005
windows	Build the native Windows release provider and TypeScript	2026-08-28T05:17:18.5259599Z #define FILE_MAXIMUM_DISPOSITION        0x00000005
windows	Build the native Windows release provider and TypeScript	2026-08-28T05:17:18.5259933Z 
windows	Build the native Windows release provider and TypeScript	2026-08-28T05:17:18.5260037Z //
windows	Build the native Windows release provider and TypeScript	2026-08-28T05:17:18.5260310Z // Define the create/open option flags
windows	Build the native Windows release provider and TypeScript	2026-08-28T05:17:18.5260687Z //
windows	Build the native Windows release provider and TypeScript	2026-08-28T05:17:18.5260820Z 
windows	Build the native Windows release provider and TypeScript	2026-08-28T05:17:18.5261031Z #define FILE_DIRECTORY_FILE                     0x00000001
windows	Build the native Windows release provider and TypeScript	2026-08-28T05:17:18.5261624Z #define FILE_WRITE_THROUGH                      0x00000002
windows	Build the native Windows release provider and TypeScript	2026-08-28T05:17:18.5262177Z #define FILE_SEQUENTIAL_ONLY                    0x00000004
windows	Build the native Windows release provider and TypeScript	2026-08-28T05:17:18.5262739Z #define FILE_NO_INTERMEDIATE_BUFFERING          0x00000008
windows	Build the native Windows release provider and TypeScript	2026-08-28T05:17:18.5263106Z 
windows	Build the native Windows release provider and TypeScript	2026-08-28T05:17:18.5263318Z #define FILE_SYNCHRONOUS_IO_ALERT               0x00000010
windows	Build the native Windows release provider and TypeScript	2026-08-28T05:17:18.5263892Z #define FILE_SYNCHRONOUS_IO_NONALERT            0x00000020
windows	Build the native Windows release provider and TypeScript	2026-08-28T05:17:18.5264462Z #define FILE_NON_DIRECTORY_FILE                 0x00000040
windows	Build the native Windows release provider and TypeScript	2026-08-28T05:17:18.5265034Z #define FILE_CREATE_TREE_CONNECTION             0x00000080
windows	Build the native Windows release provider and TypeScript	2026-08-28T05:17:18.5265395Z 
windows	Build the native Windows release provider and TypeScript	2026-08-28T05:17:18.5265605Z #define FILE_COMPLETE_IF_OPLOCKED               0x00000100
windows	Build the native Windows release provider and TypeScript	2026-08-28T05:17:18.5266309Z #define FILE_NO_EA_KNOWLEDGE                    0x00000200
windows	Build the native Windows release provider and TypeScript	2026-08-28T05:17:18.5267863Z #define FILE_OPEN_REMOTE_INSTANCE               0x00000400
windows	Build the native Windows release provider and TypeScript	2026-08-28T05:17:18.5269482Z #define FILE_RANDOM_ACCESS                      0x00000800
windows	Build the native Windows release provider and TypeScript	2026-08-28T05:17:18.5270626Z 
windows	Build the native Windows release provider and TypeScript	2026-08-28T05:17:18.5271222Z #define FILE_DELETE_ON_CLOSE                    0x00001000
windows	Build the native Windows release provider and TypeScript	2026-08-28T05:17:18.5272047Z #define FILE_OPEN_BY_FILE_ID                    0x00002000
windows	Build the native Windows release provider and TypeScript	2026-08-28T05:17:18.5272665Z #define FILE_OPEN_FOR_BACKUP_INTENT             0x00004000
windows	Build the native Windows release provider and TypeScript	2026-08-28T05:17:18.5277169Z #define FILE_NO_COMPRESSION                     0x00008000
windows	Build the native Windows release provider and TypeScript	2026-08-28T05:17:18.5278355Z 
windows	Build the native Windows release provider and TypeScript	2026-08-28T05:17:18.5281015Z #if (_WIN32_WINNT >= _WIN32_WINNT_WIN7)
windows	Build the native Windows release provider and TypeScript	2026-08-28T05:17:18.5282271Z --- um/winternl.h line 1007 ---
windows	Build the native Windows release provider and TypeScript	2026-08-28T05:17:18.5284420Z #define FILE_SYNCHRONOUS_IO_ALERT               0x00000010
windows	Build the native Windows release provider and TypeScript	2026-08-28T05:17:18.5286754Z #define FILE_SYNCHRONOUS_IO_NONALERT            0x00000020
windows	Build the native Windows release provider and TypeScript	2026-08-28T05:17:18.5288591Z #define FILE_NON_DIRECTORY_FILE                 0x00000040
windows	Build the native Windows release provider and TypeScript	2026-08-28T05:17:18.5290491Z #define FILE_CREATE_TREE_CONNECTION             0x00000080
windows	Build the native Windows release provider and TypeScript	2026-08-28T05:17:18.5292116Z 
windows	Build the native Windows release provider and TypeScript	2026-08-28T05:17:18.5294092Z #define FILE_COMPLETE_IF_OPLOCKED               0x00000100
windows	Build the native Windows release provider and TypeScript	2026-08-28T05:17:18.5295676Z #define FILE_NO_EA_KNOWLEDGE                    0x00000200
windows	Build the native Windows release provider and TypeScript	2026-08-28T05:17:18.5297560Z #define FILE_OPEN_REMOTE_INSTANCE               0x00000400
windows	Build the native Windows release provider and TypeScript	2026-08-28T05:17:18.5299962Z #define FILE_RANDOM_ACCESS                      0x00000800
windows	Build the native Windows release provider and TypeScript	2026-08-28T05:17:18.5301707Z 
windows	Build the native Windows release provider and TypeScript	2026-08-28T05:17:18.5304438Z #define FILE_DELETE_ON_CLOSE                    0x00001000
windows	Build the native Windows release provider and TypeScript	2026-08-28T05:17:18.5306468Z #define FILE_OPEN_BY_FILE_ID                    0x00002000
windows	Build the native Windows release provider and TypeScript	2026-08-28T05:17:18.5308390Z #define FILE_OPEN_FOR_BACKUP_INTENT             0x00004000
windows	Build the native Windows release provider and TypeScript	2026-08-28T05:17:18.5310482Z #define FILE_NO_COMPRESSION                     0x00008000
windows	Build the native Windows release provider and TypeScript	2026-08-28T05:17:18.5311967Z 
windows	Build the native Windows release provider and TypeScript	2026-08-28T05:17:18.5314114Z #if (_WIN32_WINNT >= _WIN32_WINNT_WIN7)
windows	Build the native Windows release provider and TypeScript	2026-08-28T05:17:18.5315867Z #define FILE_OPEN_REQUIRING_OPLOCK              0x00010000
windows	Build the native Windows release provider and TypeScript	2026-08-28T05:17:18.5317695Z #endif
windows	Build the native Windows release provider and TypeScript	2026-08-28T05:17:18.5319512Z 
windows	Build the native Windows release provider and TypeScript	2026-08-28T05:17:18.5321562Z #define FILE_RESERVE_OPFILTER                   0x00100000
windows	Build the native Windows release provider and TypeScript	2026-08-28T05:17:18.5323537Z #define FILE_OPEN_REPARSE_POINT                 0x00200000
windows	Build the native Windows release provider and TypeScript	2026-08-28T05:17:18.5325457Z #define FILE_OPEN_NO_RECALL                     0x00400000
windows	Build the native Windows release provider and TypeScript	2026-08-28T05:17:18.5327696Z #define FILE_OPEN_FOR_FREE_SPACE_QUERY          0x00800000
windows	Build the native Windows release provider and TypeScript	2026-08-28T05:17:18.5329545Z 
windows	Build the native Windows release provider and TypeScript	2026-08-28T05:17:18.5331705Z #define FILE_VALID_OPTION_FLAGS                 0x00ffffff
windows	Build the native Windows release provider and TypeScript	2026-08-28T05:17:18.5333667Z #define FILE_VALID_PIPE_OPTION_FLAGS            0x00000032
windows	Build the native Windows release provider and TypeScript	2026-08-28T05:17:18.5335465Z #define FILE_VALID_MAILSLOT_OPTION_FLAGS        0x00000032
windows	Build the native Windows release provider and TypeScript	2026-08-28T05:17:18.5337458Z #define FILE_VALID_SET_FLAGS                    0x00000036
windows	Build the native Windows release provider and TypeScript	2026-08-28T05:17:18.5339172Z 
windows	Build the native Windows release provider and TypeScript	2026-08-28T05:17:18.5341707Z //
windows	Build the native Windows release provider and TypeScript	2026-08-28T05:17:18.5343399Z // Define the I/O status information return values for NtCreateFile/NtOpenFile
windows	Build the native Windows release provider and TypeScript	2026-08-28T05:17:18.5345253Z --- um/winternl.h line 1026 ---
windows	Build the native Windows release provider and TypeScript	2026-08-28T05:17:18.5346610Z #define FILE_RESERVE_OPFILTER                   0x00100000
windows	Build the native Windows release provider and TypeScript	2026-08-28T05:17:18.5348466Z #define FILE_OPEN_REPARSE_POINT                 0x00200000
windows	Build the native Windows release provider and TypeScript	2026-08-28T05:17:18.5350311Z #define FILE_OPEN_NO_RECALL                     0x00400000
windows	Build the native Windows release provider and TypeScript	2026-08-28T05:17:18.5352172Z #define FILE_OPEN_FOR_FREE_SPACE_QUERY          0x00800000
windows	Build the native Windows release provider and TypeScript	2026-08-28T05:17:18.5353924Z 
windows	Build the native Windows release provider and TypeScript	2026-08-28T05:17:18.5356207Z #define FILE_VALID_OPTION_FLAGS                 0x00ffffff
windows	Build the native Windows release provider and TypeScript	2026-08-28T05:17:18.5358001Z #define FILE_VALID_PIPE_OPTION_FLAGS            0x00000032
windows	Build the native Windows release provider and TypeScript	2026-08-28T05:17:18.5360068Z #define FILE_VALID_MAILSLOT_OPTION_FLAGS        0x00000032
windows	Build the native Windows release provider and TypeScript	2026-08-28T05:17:18.5362056Z #define FILE_VALID_SET_FLAGS                    0x00000036
windows	Build the native Windows release provider and TypeScript	2026-08-28T05:17:18.5364086Z 
windows	Build the native Windows release provider and TypeScript	2026-08-28T05:17:18.5366664Z //
windows	Build the native Windows release provider and TypeScript	2026-08-28T05:17:18.5368932Z // Define the I/O status information return values for NtCreateFile/NtOpenFile
windows	Build the native Windows release provider and TypeScript	2026-08-28T05:17:18.5370673Z //
windows	Build the native Windows release provider and TypeScript	2026-08-28T05:17:18.5372965Z 
windows	Build the native Windows release provider and TypeScript	2026-08-28T05:17:18.5374724Z #define FILE_SUPERSEDED                 0x00000000
windows	Build the native Windows release provider and TypeScript	2026-08-28T05:17:18.5376425Z #define FILE_OPENED                     0x00000001
windows	Build the native Windows release provider and TypeScript	2026-08-28T05:17:18.5378434Z #define FILE_CREATED                    0x00000002
windows	Build the native Windows release provider and TypeScript	2026-08-28T05:17:18.5379999Z #define FILE_OVERWRITTEN                0x00000003
windows	Build the native Windows release provider and TypeScript	2026-08-28T05:17:18.5382181Z #define FILE_EXISTS                     0x00000004
windows	Build the native Windows release provider and TypeScript	2026-08-28T05:17:18.5383299Z #define FILE_DOES_NOT_EXIST             0x00000005
windows	Build the native Windows release provider and TypeScript	2026-08-28T05:17:18.5385555Z 
windows	Build the native Windows release provider and TypeScript	2026-08-28T05:17:18.5387959Z #ifndef __os_arm64x_get_x64_information
windows	Build the native Windows release provider and TypeScript	2026-08-28T05:17:18.5389796Z #define __os_arm64x_get_x64_information __os_arm64x_rdtsc
windows	Build the native Windows release provider and TypeScript	2026-08-28T05:17:18.5391599Z #endif
windows	Build the native Windows release provider and TypeScript	2026-08-28T05:17:18.5393470Z #ifndef __os_arm64x_set_x64_information
windows	Build the native Windows release provider and TypeScript	2026-08-28T05:17:18.5395474Z #define __os_arm64x_set_x64_information __os_arm64x_cpuidex
windows	Build the native Windows release provider and TypeScript	2026-08-28T05:17:18.5396777Z #endif
windows	Build the native Windows release provider and TypeScript	2026-08-28T05:17:18.5398495Z 
windows	Build the native Windows release provider and TypeScript	2026-08-28T05:17:18.5400420Z #ifdef __cplusplus
windows	Build the native Windows release provider and TypeScript	2026-08-28T05:17:18.5402249Z }
windows	Build the native Windows release provider and TypeScript	2026-08-28T05:17:18.5404165Z #endif
windows	Build the native Windows release provider and TypeScript	2026-08-28T05:17:18.5405810Z --- um/winternl.h line 1036 ---
windows	Build the native Windows release provider and TypeScript	2026-08-28T05:17:18.5407833Z //
windows	Build the native Windows release provider and TypeScript	2026-08-28T05:17:18.5409576Z // Define the I/O status information return values for NtCreateFile/NtOpenFile
windows	Build the native Windows release provider and TypeScript	2026-08-28T05:17:18.5411366Z //
windows	Build the native Windows release provider and TypeScript	2026-08-28T05:17:18.5413132Z 
windows	Build the native Windows release provider and TypeScript	2026-08-28T05:17:18.5415042Z #define FILE_SUPERSEDED                 0x00000000
windows	Build the native Windows release provider and TypeScript	2026-08-28T05:17:18.5416693Z #define FILE_OPENED                     0x00000001
windows	Build the native Windows release provider and TypeScript	2026-08-28T05:17:18.5418422Z #define FILE_CREATED                    0x00000002
windows	Build the native Windows release provider and TypeScript	2026-08-28T05:17:18.5420543Z #define FILE_OVERWRITTEN                0x00000003
windows	Build the native Windows release provider and TypeScript	2026-08-28T05:17:18.5422285Z #define FILE_EXISTS                     0x00000004
windows	Build the native Windows release provider and TypeScript	2026-08-28T05:17:18.5424748Z #define FILE_DOES_NOT_EXIST             0x00000005
windows	Build the native Windows release provider and TypeScript	2026-08-28T05:17:18.5426116Z 
windows	Build the native Windows release provider and TypeScript	2026-08-28T05:17:18.5428680Z #ifndef __os_arm64x_get_x64_information
windows	Build the native Windows release provider and TypeScript	2026-08-28T05:17:18.5431050Z #define __os_arm64x_get_x64_information __os_arm64x_rdtsc
windows	Build the native Windows release provider and TypeScript	2026-08-28T05:17:18.5432676Z #endif
windows	Build the native Windows release provider and TypeScript	2026-08-28T05:17:18.5434802Z #ifndef __os_arm64x_set_x64_information
windows	Build the native Windows release provider and TypeScript	2026-08-28T05:17:18.5436923Z #define __os_arm64x_set_x64_information __os_arm64x_cpuidex
windows	Build the native Windows release provider and TypeScript	2026-08-28T05:17:18.5438660Z #endif
windows	Build the native Windows release provider and TypeScript	2026-08-28T05:17:18.5441010Z 
windows	Build the native Windows release provider and TypeScript	2026-08-28T05:17:18.5443575Z #ifdef __cplusplus
windows	Build the native Windows release provider and TypeScript	2026-08-28T05:17:18.5446101Z }
windows	Build the native Windows release provider and TypeScript	2026-08-28T05:17:18.5448003Z #endif
windows	Build the native Windows release provider and TypeScript	2026-08-28T05:17:18.5449253Z 
windows	Build the native Windows release provider and TypeScript	2026-08-28T05:17:18.5451365Z #endif // (_WIN32_WINNT >= 0x0500)
windows	Build the native Windows release provider and TypeScript	2026-08-28T05:17:18.5453011Z 
windows	Build the native Windows release provider and TypeScript	2026-08-28T05:17:18.5455252Z 
windows	Build the native Windows release provider and TypeScript	2026-08-28T05:17:18.5457410Z #endif /* WINAPI_FAMILY_PARTITION(WINAPI_PARTITION_DESKTOP | WINAPI_PARTITION_SYSTEM) */
windows	Build the native Windows release provider and TypeScript	2026-08-28T05:17:18.5458397Z #pragma endregion
windows	Build the native Windows release provider and TypeScript	2026-08-28T05:17:18.5460467Z 
windows	Build the native Windows release provider and TypeScript	2026-08-28T05:17:18.5462692Z #endif // _WINTERNL_
windows	Build the native Windows release provider and TypeScript	2026-08-28T05:17:18.5464567Z --- um/WinBase.h line 9104 ---
windows	Build the native Windows release provider and TypeScript	2026-08-28T05:17:18.5466699Z #if (_WIN32_WINNT >= _WIN32_WINNT_WIN10_RS1)
windows	Build the native Windows release provider and TypeScript	2026-08-28T05:17:18.5468698Z #define FILE_RENAME_FLAG_REPLACE_IF_EXISTS                  0x00000001
windows	Build the native Windows release provider and TypeScript	2026-08-28T05:17:18.5470652Z #define FILE_RENAME_FLAG_POSIX_SEMANTICS                    0x00000002
windows	Build the native Windows release provider and TypeScript	2026-08-28T05:17:18.5472776Z #endif
windows	Build the native Windows release provider and TypeScript	2026-08-28T05:17:18.5474472Z 
windows	Build the native Windows release provider and TypeScript	2026-08-28T05:17:18.5476529Z #if (_WIN32_WINNT >= _WIN32_WINNT_WIN10_RS3)
windows	Build the native Windows release provider and TypeScript	2026-08-28T05:17:18.5478551Z #define FILE_RENAME_FLAG_SUPPRESS_PIN_STATE_INHERITANCE     0x00000004
windows	Build the native Windows release provider and TypeScript	2026-08-28T05:17:18.5480870Z #endif
windows	Build the native Windows release provider and TypeScript	2026-08-28T05:17:18.5482757Z 
windows	Build the native Windows release provider and TypeScript	2026-08-28T05:17:18.5484338Z typedef struct _FILE_RENAME_INFO {
windows	Build the native Windows release provider and TypeScript	2026-08-28T05:17:18.5486501Z #if (_WIN32_WINNT >= _WIN32_WINNT_WIN10_RS1)
windows	Build the native Windows release provider and TypeScript	2026-08-28T05:17:18.5488547Z     union {
windows	Build the native Windows release provider and TypeScript	2026-08-28T05:17:18.5489632Z         BOOLEAN ReplaceIfExists;  // FileRenameInfo
windows	Build the native Windows release provider and TypeScript	2026-08-28T05:17:18.5492229Z         DWORD Flags;              // FileRenameInfoEx
windows	Build the native Windows release provider and TypeScript	2026-08-28T05:17:18.5494280Z     } DUMMYUNIONNAME;
windows	Build the native Windows release provider and TypeScript	2026-08-28T05:17:18.5496350Z #else
windows	Build the native Windows release provider and TypeScript	2026-08-28T05:17:18.5621944Z     BOOLEAN ReplaceIfExists;
windows	Build the native Windows release provider and TypeScript	2026-08-28T05:17:18.5623445Z #endif
windows	Build the native Windows release provider and TypeScript	2026-08-28T05:17:18.5624949Z     HANDLE RootDirectory;
windows	Build the native Windows release provider and TypeScript	2026-08-28T05:17:18.5626623Z     DWORD FileNameLength;
windows	Build the native Windows release provider and TypeScript	2026-08-28T05:17:18.5628343Z     WCHAR FileName[1];
windows	Build the native Windows release provider and TypeScript	2026-08-28T05:17:18.5630115Z } FILE_RENAME_INFO, *PFILE_RENAME_INFO;
windows	Build the native Windows release provider and TypeScript	2026-08-28T05:17:18.5631616Z 
windows	Build the native Windows release provider and TypeScript	2026-08-28T05:17:18.5633811Z typedef struct _FILE_ALLOCATION_INFO {
windows	Build the native Windows release provider and TypeScript	2026-08-28T05:17:18.5636028Z     LARGE_INTEGER AllocationSize;
windows	Build the native Windows release provider and TypeScript	2026-08-28T05:17:18.5637811Z } FILE_ALLOCATION_INFO, *PFILE_ALLOCATION_INFO;
windows	Build the native Windows release provider and TypeScript	2026-08-28T05:17:18.5639806Z 
windows	Build the native Windows release provider and TypeScript	2026-08-28T05:17:18.5641825Z typedef struct _FILE_END_OF_FILE_INFO {
windows	Build the native Windows release provider and TypeScript	2026-08-28T05:17:18.5644114Z     LARGE_INTEGER EndOfFile;
windows	Build the native Windows release provider and TypeScript	2026-08-28T05:17:18.5666216Z } FILE_END_OF_FILE_INFO, *PFILE_END_OF_FILE_INFO;
windows	Build the native Windows release provider and TypeScript	2026-08-28T05:17:18.5666846Z 
windows	Build the native Windows release provider and TypeScript	2026-08-28T05:17:18.5667349Z --- um/WinBase.h line 9105 ---
windows	Build the native Windows release provider and TypeScript	2026-08-28T05:17:18.5668141Z #define FILE_RENAME_FLAG_REPLACE_IF_EXISTS                  0x00000001
windows	Build the native Windows release provider and TypeScript	2026-08-28T05:17:18.5669261Z #define FILE_RENAME_FLAG_POSIX_SEMANTICS                    0x00000002
windows	Build the native Windows release provider and TypeScript	2026-08-28T05:17:18.5669823Z #endif
windows	Build the native Windows release provider and TypeScript	2026-08-28T05:17:18.5669987Z 
windows	Build the native Windows release provider and TypeScript	2026-08-28T05:17:18.5670144Z #if (_WIN32_WINNT >= _WIN32_WINNT_WIN10_RS3)
windows	Build the native Windows release provider and TypeScript	2026-08-28T05:17:18.5670747Z #define FILE_RENAME_FLAG_SUPPRESS_PIN_STATE_INHERITANCE     0x00000004
windows	Build the native Windows release provider and TypeScript	2026-08-28T05:17:18.5671304Z #endif
windows	Build the native Windows release provider and TypeScript	2026-08-28T05:17:18.5671453Z 
windows	Build the native Windows release provider and TypeScript	2026-08-28T05:17:18.5671898Z typedef struct _FILE_RENAME_INFO {
windows	Build the native Windows release provider and TypeScript	2026-08-28T05:17:18.5672323Z #if (_WIN32_WINNT >= _WIN32_WINNT_WIN10_RS1)
windows	Build the native Windows release provider and TypeScript	2026-08-28T05:17:18.5672740Z     union {
windows	Build the native Windows release provider and TypeScript	2026-08-28T05:17:18.5673074Z         BOOLEAN ReplaceIfExists;  // FileRenameInfo
windows	Build the native Windows release provider and TypeScript	2026-08-28T05:17:18.5673594Z         DWORD Flags;              // FileRenameInfoEx
windows	Build the native Windows release provider and TypeScript	2026-08-28T05:17:18.5674048Z     } DUMMYUNIONNAME;
windows	Build the native Windows release provider and TypeScript	2026-08-28T05:17:18.5674358Z #else
windows	Build the native Windows release provider and TypeScript	2026-08-28T05:17:18.5674633Z     BOOLEAN ReplaceIfExists;
windows	Build the native Windows release provider and TypeScript	2026-08-28T05:17:18.5674973Z #endif
windows	Build the native Windows release provider and TypeScript	2026-08-28T05:17:18.5675241Z     HANDLE RootDirectory;
windows	Build the native Windows release provider and TypeScript	2026-08-28T05:17:18.5676042Z     DWORD FileNameLength;
windows	Build the native Windows release provider and TypeScript	2026-08-28T05:17:18.5678494Z     WCHAR FileName[1];
windows	Build the native Windows release provider and TypeScript	2026-08-28T05:17:18.5680493Z } FILE_RENAME_INFO, *PFILE_RENAME_INFO;
windows	Build the native Windows release provider and TypeScript	2026-08-28T05:17:18.5682088Z 
windows	Build the native Windows release provider and TypeScript	2026-08-28T05:17:18.5683828Z typedef struct _FILE_ALLOCATION_INFO {
windows	Build the native Windows release provider and TypeScript	2026-08-28T05:17:18.5685857Z     LARGE_INTEGER AllocationSize;
windows	Build the native Windows release provider and TypeScript	2026-08-28T05:17:18.5687677Z } FILE_ALLOCATION_INFO, *PFILE_ALLOCATION_INFO;
windows	Build the native Windows release provider and TypeScript	2026-08-28T05:17:18.5689151Z 
windows	Build the native Windows release provider and TypeScript	2026-08-28T05:17:18.5691312Z typedef struct _FILE_END_OF_FILE_INFO {
windows	Build the native Windows release provider and TypeScript	2026-08-28T05:17:18.5692994Z     LARGE_INTEGER EndOfFile;
windows	Build the native Windows release provider and TypeScript	2026-08-28T05:17:18.5694704Z } FILE_END_OF_FILE_INFO, *PFILE_END_OF_FILE_INFO;
windows	Build the native Windows release provider and TypeScript	2026-08-28T05:17:18.5696168Z 
windows	Build the native Windows release provider and TypeScript	2026-08-28T05:17:18.5698328Z typedef struct _FILE_STREAM_INFO {
windows	Build the native Windows release provider and TypeScript	2026-08-28T05:17:18.5700631Z --- um/WinBase.h line 9109 ---
windows	Build the native Windows release provider and TypeScript	2026-08-28T05:17:18.5702101Z #if (_WIN32_WINNT >= _WIN32_WINNT_WIN10_RS3)
windows	Build the native Windows release provider and TypeScript	2026-08-28T05:17:18.5703922Z #define FILE_RENAME_FLAG_SUPPRESS_PIN_STATE_INHERITANCE     0x00000004
windows	Build the native Windows release provider and TypeScript	2026-08-28T05:17:18.5705771Z #endif
windows	Build the native Windows release provider and TypeScript	2026-08-28T05:17:18.5707331Z 
windows	Build the native Windows release provider and TypeScript	2026-08-28T05:17:18.5709467Z typedef struct _FILE_RENAME_INFO {
windows	Build the native Windows release provider and TypeScript	2026-08-28T05:17:18.5711354Z #if (_WIN32_WINNT >= _WIN32_WINNT_WIN10_RS1)
windows	Build the native Windows release provider and TypeScript	2026-08-28T05:17:18.5713251Z     union {
windows	Build the native Windows release provider and TypeScript	2026-08-28T05:17:18.5715014Z         BOOLEAN ReplaceIfExists;  // FileRenameInfo
windows	Build the native Windows release provider and TypeScript	2026-08-28T05:17:18.5716747Z         DWORD Flags;              // FileRenameInfoEx
windows	Build the native Windows release provider and TypeScript	2026-08-28T05:17:18.5718427Z     } DUMMYUNIONNAME;
windows	Build the native Windows release provider and TypeScript	2026-08-28T05:17:18.5720866Z #else
windows	Build the native Windows release provider and TypeScript	2026-08-28T05:17:18.5722454Z     BOOLEAN ReplaceIfExists;
windows	Build the native Windows release provider and TypeScript	2026-08-28T05:17:18.5724151Z #endif
windows	Build the native Windows release provider and TypeScript	2026-08-28T05:17:18.5725901Z     HANDLE RootDirectory;
windows	Build the native Windows release provider and TypeScript	2026-08-28T05:17:18.5727921Z     DWORD FileNameLength;
windows	Build the native Windows release provider and TypeScript	2026-08-28T05:17:18.5729621Z     WCHAR FileName[1];
windows	Build the native Windows release provider and TypeScript	2026-08-28T05:17:18.5731357Z } FILE_RENAME_INFO, *PFILE_RENAME_INFO;
windows	Build the native Windows release provider and TypeScript	2026-08-28T05:17:18.5732872Z 
windows	Build the native Windows release provider and TypeScript	2026-08-28T05:17:18.5735028Z typedef struct _FILE_ALLOCATION_INFO {
windows	Build the native Windows release provider and TypeScript	2026-08-28T05:17:18.5736879Z     LARGE_INTEGER AllocationSize;
windows	Build the native Windows release provider and TypeScript	2026-08-28T05:17:18.5738862Z } FILE_ALLOCATION_INFO, *PFILE_ALLOCATION_INFO;
windows	Build the native Windows release provider and TypeScript	2026-08-28T05:17:18.5740571Z 
windows	Build the native Windows release provider and TypeScript	2026-08-28T05:17:18.5742561Z typedef struct _FILE_END_OF_FILE_INFO {
windows	Build the native Windows release provider and TypeScript	2026-08-28T05:17:18.5744017Z     LARGE_INTEGER EndOfFile;
windows	Build the native Windows release provider and TypeScript	2026-08-28T05:17:18.5745747Z } FILE_END_OF_FILE_INFO, *PFILE_END_OF_FILE_INFO;
windows	Build the native Windows release provider and TypeScript	2026-08-28T05:17:18.5747414Z 
windows	Build the native Windows release provider and TypeScript	2026-08-28T05:17:18.5749417Z typedef struct _FILE_STREAM_INFO {
windows	Build the native Windows release provider and TypeScript	2026-08-28T05:17:18.5751548Z     DWORD NextEntryOffset;
windows	Build the native Windows release provider and TypeScript	2026-08-28T05:17:18.5753320Z     DWORD StreamNameLength;
windows	Build the native Windows release provider and TypeScript	2026-08-28T05:17:18.5755181Z     LARGE_INTEGER StreamSize;
windows	Build the native Windows release provider and TypeScript	2026-08-28T05:17:18.5756991Z     LARGE_INTEGER StreamAllocationSize;
windows	Build the native Windows release provider and TypeScript	2026-08-28T05:17:18.5760140Z --- um/WinBase.h line 9112 ---
windows	Build the native Windows release provider and TypeScript	2026-08-28T05:17:18.5762256Z 
windows	Build the native Windows release provider and TypeScript	2026-08-28T05:17:18.5763990Z typedef struct _FILE_RENAME_INFO {
windows	Build the native Windows release provider and TypeScript	2026-08-28T05:17:18.5766526Z #if (_WIN32_WINNT >= _WIN32_WINNT_WIN10_RS1)
windows	Build the native Windows release provider and TypeScript	2026-08-28T05:17:18.5768441Z     union {
windows	Build the native Windows release provider and TypeScript	2026-08-28T05:17:18.5770279Z         BOOLEAN ReplaceIfExists;  // FileRenameInfo
windows	Build the native Windows release provider and TypeScript	2026-08-28T05:17:18.5772018Z         DWORD Flags;              // FileRenameInfoEx
windows	Build the native Windows release provider and TypeScript	2026-08-28T05:17:18.5773721Z     } DUMMYUNIONNAME;
windows	Build the native Windows release provider and TypeScript	2026-08-28T05:17:18.5775351Z #else
windows	Build the native Windows release provider and TypeScript	2026-08-28T05:17:18.5777105Z     BOOLEAN ReplaceIfExists;
windows	Build the native Windows release provider and TypeScript	2026-08-28T05:17:18.5779006Z #endif
windows	Build the native Windows release provider and TypeScript	2026-08-28T05:17:18.5780730Z     HANDLE RootDirectory;
windows	Build the native Windows release provider and TypeScript	2026-08-28T05:17:18.5782440Z     DWORD FileNameLength;
windows	Build the native Windows release provider and TypeScript	2026-08-28T05:17:18.5784147Z     WCHAR FileName[1];
windows	Build the native Windows release provider and TypeScript	2026-08-28T05:17:18.5785887Z } FILE_RENAME_INFO, *PFILE_RENAME_INFO;
windows	Build the native Windows release provider and TypeScript	2026-08-28T05:17:18.5787442Z 
windows	Build the native Windows release provider and TypeScript	2026-08-28T05:17:18.5789107Z typedef struct _FILE_ALLOCATION_INFO {
windows	Build the native Windows release provider and TypeScript	2026-08-28T05:17:18.5790661Z     LARGE_INTEGER AllocationSize;
windows	Build the native Windows release provider and TypeScript	2026-08-28T05:17:18.5792691Z } FILE_ALLOCATION_INFO, *PFILE_ALLOCATION_INFO;
windows	Build the native Windows release provider and TypeScript	2026-08-28T05:17:18.5794157Z 
windows	Build the native Windows release provider and TypeScript	2026-08-28T05:17:18.5796368Z typedef struct _FILE_END_OF_FILE_INFO {
windows	Build the native Windows release provider and TypeScript	2026-08-28T05:17:18.5798408Z     LARGE_INTEGER EndOfFile;
windows	Build the native Windows release provider and TypeScript	2026-08-28T05:17:18.5800272Z } FILE_END_OF_FILE_INFO, *PFILE_END_OF_FILE_INFO;
windows	Build the native Windows release provider and TypeScript	2026-08-28T05:17:18.5802000Z 
windows	Build the native Windows release provider and TypeScript	2026-08-28T05:17:18.5804291Z typedef struct _FILE_STREAM_INFO {
windows	Build the native Windows release provider and TypeScript	2026-08-28T05:17:18.5805993Z     DWORD NextEntryOffset;
windows	Build the native Windows release provider and TypeScript	2026-08-28T05:17:18.5807720Z     DWORD StreamNameLength;
windows	Build the native Windows release provider and TypeScript	2026-08-28T05:17:18.5809407Z     LARGE_INTEGER StreamSize;
windows	Build the native Windows release provider and TypeScript	2026-08-28T05:17:18.5811180Z     LARGE_INTEGER StreamAllocationSize;
windows	Build the native Windows release provider and TypeScript	2026-08-28T05:17:18.5812829Z     WCHAR StreamName[1];
windows	Build the native Windows release provider and TypeScript	2026-08-28T05:17:18.5814576Z } FILE_STREAM_INFO, *PFILE_STREAM_INFO;
windows	Build the native Windows release provider and TypeScript	2026-08-28T05:17:18.5816048Z 
windows	Build the native Windows release provider and TypeScript	2026-08-28T05:17:18.5818200Z --- um/WinBase.h line 9116 ---
windows	Build the native Windows release provider and TypeScript	2026-08-28T05:17:18.5820831Z         BOOLEAN ReplaceIfExists;  // FileRenameInfo
windows	Build the native Windows release provider and TypeScript	2026-08-28T05:17:18.5822585Z         DWORD Flags;              // FileRenameInfoEx
windows	Build the native Windows release provider and TypeScript	2026-08-28T05:17:18.5824497Z     } DUMMYUNIONNAME;
windows	Build the native Windows release provider and TypeScript	2026-08-28T05:17:18.5826520Z #else
windows	Build the native Windows release provider and TypeScript	2026-08-28T05:17:18.5828312Z     BOOLEAN ReplaceIfExists;
windows	Build the native Windows release provider and TypeScript	2026-08-28T05:17:18.5829962Z #endif
windows	Build the native Windows release provider and TypeScript	2026-08-28T05:17:18.5831705Z     HANDLE RootDirectory;
windows	Build the native Windows release provider and TypeScript	2026-08-28T05:17:18.5833398Z     DWORD FileNameLength;
windows	Build the native Windows release provider and TypeScript	2026-08-28T05:17:18.5835082Z     WCHAR FileName[1];
windows	Build the native Windows release provider and TypeScript	2026-08-28T05:17:18.5836799Z } FILE_RENAME_INFO, *PFILE_RENAME_INFO;
windows	Build the native Windows release provider and TypeScript	2026-08-28T05:17:18.5838543Z 
windows	Build the native Windows release provider and TypeScript	2026-08-28T05:17:18.5840655Z typedef struct _FILE_ALLOCATION_INFO {
windows	Build the native Windows release provider and TypeScript	2026-08-28T05:17:18.5842502Z     LARGE_INTEGER AllocationSize;
windows	Build the native Windows release provider and TypeScript	2026-08-28T05:17:18.5844500Z } FILE_ALLOCATION_INFO, *PFILE_ALLOCATION_INFO;
windows	Build the native Windows release provider and TypeScript	2026-08-28T05:17:18.5845946Z 
windows	Build the native Windows release provider and TypeScript	2026-08-28T05:17:18.5848112Z typedef struct _FILE_END_OF_FILE_INFO {
windows	Build the native Windows release provider and TypeScript	2026-08-28T05:17:18.5849536Z     LARGE_INTEGER EndOfFile;
windows	Build the native Windows release provider and TypeScript	2026-08-28T05:17:18.5851514Z } FILE_END_OF_FILE_INFO, *PFILE_END_OF_FILE_INFO;
windows	Build the native Windows release provider and TypeScript	2026-08-28T05:17:18.5853010Z 
windows	Build the native Windows release provider and TypeScript	2026-08-28T05:17:18.5855120Z typedef struct _FILE_STREAM_INFO {
windows	Build the native Windows release provider and TypeScript	2026-08-28T05:17:18.5856800Z     DWORD NextEntryOffset;
windows	Build the native Windows release provider and TypeScript	2026-08-28T05:17:18.5859004Z     DWORD StreamNameLength;
windows	Build the native Windows release provider and TypeScript	2026-08-28T05:17:18.5860481Z     LARGE_INTEGER StreamSize;
windows	Build the native Windows release provider and TypeScript	2026-08-28T05:17:18.5862194Z     LARGE_INTEGER StreamAllocationSize;
windows	Build the native Windows release provider and TypeScript	2026-08-28T05:17:18.5864168Z     WCHAR StreamName[1];
windows	Build the native Windows release provider and TypeScript	2026-08-28T05:17:18.5865922Z } FILE_STREAM_INFO, *PFILE_STREAM_INFO;
windows	Build the native Windows release provider and TypeScript	2026-08-28T05:17:18.5867426Z 
windows	Build the native Windows release provider and TypeScript	2026-08-28T05:17:18.5869627Z typedef struct _FILE_COMPRESSION_INFO {
windows	Build the native Windows release provider and TypeScript	2026-08-28T05:17:18.5871567Z     LARGE_INTEGER CompressedFileSize;
windows	Build the native Windows release provider and TypeScript	2026-08-28T05:17:18.5873735Z     WORD CompressionFormat;
windows	Build the native Windows release provider and TypeScript	2026-08-28T05:17:18.5875418Z     UCHAR CompressionUnitShift;
windows	Build the native Windows release provider and TypeScript	2026-08-28T05:17:18.5877442Z --- um/WinBase.h line 9156 ---
windows	Build the native Windows release provider and TypeScript	2026-08-28T05:17:18.5879630Z 
windows	Build the native Windows release provider and TypeScript	2026-08-28T05:17:18.5881796Z typedef struct _FILE_DISPOSITION_INFO {
windows	Build the native Windows release provider and TypeScript	2026-08-28T05:17:18.5884223Z     BOOLEAN DeleteFile;
windows	Build the native Windows release provider and TypeScript	2026-08-28T05:17:18.5886366Z } FILE_DISPOSITION_INFO, *PFILE_DISPOSITION_INFO;
windows	Build the native Windows release provider and TypeScript	2026-08-28T05:17:18.5887785Z 
windows	Build the native Windows release provider and TypeScript	2026-08-28T05:17:18.5889894Z #if (_WIN32_WINNT >= _WIN32_WINNT_WIN10_RS1)
windows	Build the native Windows release provider and TypeScript	2026-08-28T05:17:18.5891565Z #define FILE_DISPOSITION_FLAG_DO_NOT_DELETE              0x00000000
windows	Build the native Windows release provider and TypeScript	2026-08-28T05:17:18.5893214Z #define FILE_DISPOSITION_FLAG_DELETE                     0x00000001
windows	Build the native Windows release provider and TypeScript	2026-08-28T05:17:18.5895319Z #define FILE_DISPOSITION_FLAG_POSIX_SEMANTICS            0x00000002
windows	Build the native Windows release provider and TypeScript	2026-08-28T05:17:18.5896998Z #define FILE_DISPOSITION_FLAG_FORCE_IMAGE_SECTION_CHECK  0x00000004
windows	Build the native Windows release provider and TypeScript	2026-08-28T05:17:18.5898725Z #define FILE_DISPOSITION_FLAG_ON_CLOSE                   0x00000008
windows	Build the native Windows release provider and TypeScript	2026-08-28T05:17:18.5900653Z #if (_WIN32_WINNT >= _WIN32_WINNT_WIN10_RS5)
windows	Build the native Windows release provider and TypeScript	2026-08-28T05:17:18.5902494Z #define FILE_DISPOSITION_FLAG_IGNORE_READONLY_ATTRIBUTE  0x00000010
windows	Build the native Windows release provider and TypeScript	2026-08-28T05:17:18.5904403Z #endif
windows	Build the native Windows release provider and TypeScript	2026-08-28T05:17:18.5905925Z 
windows	Build the native Windows release provider and TypeScript	2026-08-28T05:17:18.5908206Z typedef struct _FILE_DISPOSITION_INFO_EX {
windows	Build the native Windows release provider and TypeScript	2026-08-28T05:17:18.5910073Z     DWORD Flags;
windows	Build the native Windows release provider and TypeScript	2026-08-28T05:17:18.5912086Z } FILE_DISPOSITION_INFO_EX, *PFILE_DISPOSITION_INFO_EX;
windows	Build the native Windows release provider and TypeScript	2026-08-28T05:17:18.5913798Z #endif
windows	Build the native Windows release provider and TypeScript	2026-08-28T05:17:18.5915551Z 
windows	Build the native Windows release provider and TypeScript	2026-08-28T05:17:18.5919324Z typedef struct _FILE_ID_BOTH_DIR_INFO {
windows	Build the native Windows release provider and TypeScript	2026-08-28T05:17:18.5921194Z     DWORD NextEntryOffset;
windows	Build the native Windows release provider and TypeScript	2026-08-28T05:17:18.5922902Z     DWORD FileIndex;
windows	Build the native Windows release provider and TypeScript	2026-08-28T05:17:18.5924654Z     LARGE_INTEGER CreationTime;
windows	Build the native Windows release provider and TypeScript	2026-08-28T05:17:18.5926380Z     LARGE_INTEGER LastAccessTime;
windows	Build the native Windows release provider and TypeScript	2026-08-28T05:17:18.5928083Z     LARGE_INTEGER LastWriteTime;
windows	Build the native Windows release provider and TypeScript	2026-08-28T05:17:18.5929791Z     LARGE_INTEGER ChangeTime;
windows	Build the native Windows release provider and TypeScript	2026-08-28T05:17:18.5931524Z     LARGE_INTEGER EndOfFile;
windows	Build the native Windows release provider and TypeScript	2026-08-28T05:17:18.5933232Z     LARGE_INTEGER AllocationSize;
windows	Build the native Windows release provider and TypeScript	2026-08-28T05:17:18.5935096Z     DWORD FileAttributes;
windows	Build the native Windows release provider and TypeScript	2026-08-28T05:17:18.5937289Z     DWORD FileNameLength;
windows	Build the native Windows release provider and TypeScript	2026-08-28T05:17:18.5938791Z --- um/WinBase.h line 9170 ---
windows	Build the native Windows release provider and TypeScript	2026-08-28T05:17:18.5940371Z 
windows	Build the native Windows release provider and TypeScript	2026-08-28T05:17:18.5942568Z typedef struct _FILE_DISPOSITION_INFO_EX {
windows	Build the native Windows release provider and TypeScript	2026-08-28T05:17:18.5944188Z     DWORD Flags;
windows	Build the native Windows release provider and TypeScript	2026-08-28T05:17:18.5946410Z } FILE_DISPOSITION_INFO_EX, *PFILE_DISPOSITION_INFO_EX;
windows	Build the native Windows release provider and TypeScript	2026-08-28T05:17:18.5948141Z #endif
windows	Build the native Windows release provider and TypeScript	2026-08-28T05:17:18.5949707Z 
windows	Build the native Windows release provider and TypeScript	2026-08-28T05:17:18.5951953Z typedef struct _FILE_ID_BOTH_DIR_INFO {
windows	Build the native Windows release provider and TypeScript	2026-08-28T05:17:18.5953651Z     DWORD NextEntryOffset;
windows	Build the native Windows release provider and TypeScript	2026-08-28T05:17:18.5955416Z     DWORD FileIndex;
windows	Build the native Windows release provider and TypeScript	2026-08-28T05:17:18.5957918Z     LARGE_INTEGER CreationTime;
windows	Build the native Windows release provider and TypeScript	2026-08-28T05:17:18.5960051Z     LARGE_INTEGER LastAccessTime;
windows	Build the native Windows release provider and TypeScript	2026-08-28T05:17:18.5961731Z     LARGE_INTEGER LastWriteTime;
windows	Build the native Windows release provider and TypeScript	2026-08-28T05:17:18.5963783Z     LARGE_INTEGER ChangeTime;
windows	Build the native Windows release provider and TypeScript	2026-08-28T05:17:18.5965497Z     LARGE_INTEGER EndOfFile;
windows	Build the native Windows release provider and TypeScript	2026-08-28T05:17:18.5967221Z     LARGE_INTEGER AllocationSize;
windows	Build the native Windows release provider and TypeScript	2026-08-28T05:17:18.5968919Z     DWORD FileAttributes;
windows	Build the native Windows release provider and TypeScript	2026-08-28T05:17:18.5970639Z     DWORD FileNameLength;
windows	Build the native Windows release provider and TypeScript	2026-08-28T05:17:18.5972341Z     DWORD EaSize;
windows	Build the native Windows release provider and TypeScript	2026-08-28T05:17:18.5974026Z     CCHAR ShortNameLength;
windows	Build the native Windows release provider and TypeScript	2026-08-28T05:17:18.5975747Z     WCHAR ShortName[12];
windows	Build the native Windows release provider and TypeScript	2026-08-28T05:17:18.5977759Z     LARGE_INTEGER FileId;
windows	Build the native Windows release provider and TypeScript	2026-08-28T05:17:18.5979228Z     WCHAR FileName[1];
windows	Build the native Windows release provider and TypeScript	2026-08-28T05:17:18.5980946Z } FILE_ID_BOTH_DIR_INFO, *PFILE_ID_BOTH_DIR_INFO;
windows	Build the native Windows release provider and TypeScript	2026-08-28T05:17:18.5982412Z 
windows	Build the native Windows release provider and TypeScript	2026-08-28T05:17:18.5984296Z typedef struct _FILE_FULL_DIR_INFO {
windows	Build the native Windows release provider and TypeScript	2026-08-28T05:17:18.5986015Z     ULONG NextEntryOffset;
windows	Build the native Windows release provider and TypeScript	2026-08-28T05:17:18.5987757Z     ULONG FileIndex;
windows	Build the native Windows release provider and TypeScript	2026-08-28T05:17:18.5989510Z     LARGE_INTEGER CreationTime;
windows	Build the native Windows release provider and TypeScript	2026-08-28T05:17:18.5991234Z     LARGE_INTEGER LastAccessTime;
windows	Build the native Windows release provider and TypeScript	2026-08-28T05:17:18.5993194Z     LARGE_INTEGER LastWriteTime;
windows	Build the native Windows release provider and TypeScript	2026-08-28T05:17:18.5995317Z     LARGE_INTEGER ChangeTime;
windows	Build the native Windows release provider and TypeScript	2026-08-28T05:17:18.5997796Z --- um/WinBase.h line 9259 ---
windows	Build the native Windows release provider and TypeScript	2026-08-28T05:17:18.5999295Z //
windows	Build the native Windows release provider and TypeScript	2026-08-28T05:17:18.6001042Z typedef struct _FILE_ID_INFO {
windows	Build the native Windows release provider and TypeScript	2026-08-28T05:17:18.6002772Z     ULONGLONG VolumeSerialNumber;
windows	Build the native Windows release provider and TypeScript	2026-08-28T05:17:18.6004531Z     FILE_ID_128 FileId;
windows	Build the native Windows release provider and TypeScript	2026-08-28T05:17:18.6006277Z } FILE_ID_INFO, *PFILE_ID_INFO;
windows	Build the native Windows release provider and TypeScript	2026-08-28T05:17:18.6007810Z 
windows	Build the native Windows release provider and TypeScript	2026-08-28T05:17:18.6009926Z //
windows	Build the native Windows release provider and TypeScript	2026-08-28T05:17:18.6011447Z //  Structure definition for FileIdExtdDirectoryInfo
windows	Build the native Windows release provider and TypeScript	2026-08-28T05:17:18.6013309Z //
windows	Build the native Windows release provider and TypeScript	2026-08-28T05:17:18.6015223Z typedef struct _FILE_ID_EXTD_DIR_INFO {
windows	Build the native Windows release provider and TypeScript	2026-08-28T05:17:18.6017554Z     ULONG NextEntryOffset;
windows	Build the native Windows release provider and TypeScript	2026-08-28T05:17:18.6019310Z     ULONG FileIndex;
windows	Build the native Windows release provider and TypeScript	2026-08-28T05:17:18.6021056Z     LARGE_INTEGER CreationTime;
windows	Build the native Windows release provider and TypeScript	2026-08-28T05:17:18.6022838Z     LARGE_INTEGER LastAccessTime;
windows	Build the native Windows release provider and TypeScript	2026-08-28T05:17:18.6024478Z     LARGE_INTEGER LastWriteTime;
windows	Build the native Windows release provider and TypeScript	2026-08-28T05:17:18.6026301Z     LARGE_INTEGER ChangeTime;
windows	Build the native Windows release provider and TypeScript	2026-08-28T05:17:18.6028018Z     LARGE_INTEGER EndOfFile;
windows	Build the native Windows release provider and TypeScript	2026-08-28T05:17:18.6029757Z     LARGE_INTEGER AllocationSize;
windows	Build the native Windows release provider and TypeScript	2026-08-28T05:17:18.6031466Z     ULONG FileAttributes;
windows	Build the native Windows release provider and TypeScript	2026-08-28T05:17:18.6033162Z     ULONG FileNameLength;
windows	Build the native Windows release provider and TypeScript	2026-08-28T05:17:18.6034852Z     ULONG EaSize;
windows	Build the native Windows release provider and TypeScript	2026-08-28T05:17:18.6036566Z     ULONG ReparsePointTag;
windows	Build the native Windows release provider and TypeScript	2026-08-28T05:17:18.6038448Z     FILE_ID_128 FileId;
windows	Build the native Windows release provider and TypeScript	2026-08-28T05:17:18.6040188Z     WCHAR FileName[1];
windows	Build the native Windows release provider and TypeScript	2026-08-28T05:17:18.6041948Z } FILE_ID_EXTD_DIR_INFO, *PFILE_ID_EXTD_DIR_INFO;
windows	Build the native Windows release provider and TypeScript	2026-08-28T05:17:18.6043473Z 
windows	Build the native Windows release provider and TypeScript	2026-08-28T05:17:18.6045499Z #endif
windows	Build the native Windows release provider and TypeScript	2026-08-28T05:17:18.6046865Z 
windows	Build the native Windows release provider and TypeScript	2026-08-28T05:17:18.6048984Z //
windows	Build the native Windows release provider and TypeScript	2026-08-28T05:17:18.6050983Z // File Remote protocol info (FileRemoteProtocolInfo)
windows	Build the native Windows release provider and TypeScript	2026-08-28T05:17:18.6052779Z //
windows	Build the native Windows release provider and TypeScript	2026-08-28T05:17:18.6054559Z --- um/fileapi.h line 889 ---
windows	Build the native Windows release provider and TypeScript	2026-08-28T05:17:18.6056227Z WINAPI
windows	Build the native Windows release provider and TypeScript	2026-08-28T05:17:18.6058722Z GetVolumeInformationByHandleW(
windows	Build the native Windows release provider and TypeScript	2026-08-28T05:17:18.6060171Z     _In_ HANDLE hFile,
windows	Build the native Windows release provider and TypeScript	2026-08-28T05:17:18.6062326Z     _Out_writes_opt_(nVolumeNameSize) LPWSTR lpVolumeNameBuffer,
windows	Build the native Windows release provider and TypeScript	2026-08-28T05:17:18.6063930Z     _In_ DWORD nVolumeNameSize,
windows	Build the native Windows release provider and TypeScript	2026-08-28T05:17:18.6066008Z     _Out_opt_ LPDWORD lpVolumeSerialNumber,
windows	Build the native Windows release provider and TypeScript	2026-08-28T05:17:18.6068175Z     _Out_opt_ LPDWORD lpMaximumComponentLength,
windows	Build the native Windows release provider and TypeScript	2026-08-28T05:17:18.6069843Z     _Out_opt_ LPDWORD lpFileSystemFlags,
windows	Build the native Windows release provider and TypeScript	2026-08-28T05:17:18.6072125Z     _Out_writes_opt_(nFileSystemNameSize) LPWSTR lpFileSystemNameBuffer,
windows	Build the native Windows release provider and TypeScript	2026-08-28T05:17:18.6073731Z     _In_ DWORD nFileSystemNameSize
windows	Build the native Windows release provider and TypeScript	2026-08-28T05:17:18.6076702Z     );
windows	Build the native Windows release provider and TypeScript	2026-08-28T05:17:18.6078195Z 
windows	Build the native Windows release provider and TypeScript	2026-08-28T05:17:18.6080287Z #endif /* _WIN32_WINNT >=  0x0600 */
windows	Build the native Windows release provider and TypeScript	2026-08-28T05:17:18.6081735Z 
windows	Build the native Windows release provider and TypeScript	2026-08-28T05:17:18.6083848Z WINBASEAPI
windows	Build the native Windows release provider and TypeScript	2026-08-28T05:17:18.6085836Z BOOL
windows	Build the native Windows release provider and TypeScript	2026-08-28T05:17:18.6087576Z WINAPI
windows	Build the native Windows release provider and TypeScript	2026-08-28T05:17:18.6089331Z GetVolumeInformationW(
windows	Build the native Windows release provider and TypeScript	2026-08-28T05:17:18.6091357Z     _In_opt_ LPCWSTR lpRootPathName,
windows	Build the native Windows release provider and TypeScript	2026-08-28T05:17:18.6093176Z     _Out_writes_opt_(nVolumeNameSize) LPWSTR lpVolumeNameBuffer,
windows	Build the native Windows release provider and TypeScript	2026-08-28T05:17:18.6094773Z     _In_ DWORD nVolumeNameSize,
windows	Build the native Windows release provider and TypeScript	2026-08-28T05:17:18.6096758Z     _Out_opt_ LPDWORD lpVolumeSerialNumber,
windows	Build the native Windows release provider and TypeScript	2026-08-28T05:17:18.6098529Z     _Out_opt_ LPDWORD lpMaximumComponentLength,
windows	Build the native Windows release provider and TypeScript	2026-08-28T05:17:18.6100188Z     _Out_opt_ LPDWORD lpFileSystemFlags,
windows	Build the native Windows release provider and TypeScript	2026-08-28T05:17:18.6102072Z     _Out_writes_opt_(nFileSystemNameSize) LPWSTR lpFileSystemNameBuffer,
windows	Build the native Windows release provider and TypeScript	2026-08-28T05:17:18.6103845Z     _In_ DWORD nFileSystemNameSize
windows	Build the native Windows release provider and TypeScript	2026-08-28T05:17:18.6105539Z     );
windows	Build the native Windows release provider and TypeScript	2026-08-28T05:17:18.6107151Z 
windows	Build the native Windows release provider and TypeScript	2026-08-28T05:17:18.6109012Z #ifdef UNICODE
windows	Build the native Windows release provider and TypeScript	2026-08-28T05:17:18.6110886Z #define GetVolumeInformation  GetVolumeInformationW
windows	Build the native Windows release provider and TypeScript	2026-08-28T05:17:18.6112825Z #endif
windows	Build the native Windows release provider and TypeScript	2026-08-28T05:17:18.6114573Z --- um/winternl.h line 213 ---
windows	Build the native Windows release provider and TypeScript	2026-08-28T05:17:18.6116655Z 
windows	Build the native Windows release provider and TypeScript	2026-08-28T05:17:18.6118746Z typedef struct _OBJECT_ATTRIBUTES {
windows	Build the native Windows release provider and TypeScript	2026-08-28T05:17:18.6120347Z     ULONG Length;
windows	Build the native Windows release provider and TypeScript	2026-08-28T05:17:18.6122399Z     HANDLE RootDirectory;
windows	Build the native Windows release provider and TypeScript	2026-08-28T05:17:18.6124095Z     PUNICODE_STRING ObjectName;
windows	Build the native Windows release provider and TypeScript	2026-08-28T05:17:18.6125787Z     ULONG Attributes;
windows	Build the native Windows release provider and TypeScript	2026-08-28T05:17:18.6127486Z     PVOID SecurityDescriptor;
windows	Build the native Windows release provider and TypeScript	2026-08-28T05:17:18.6129198Z     PVOID SecurityQualityOfService;
windows	Build the native Windows release provider and TypeScript	2026-08-28T05:17:18.6130859Z } OBJECT_ATTRIBUTES;
windows	Build the native Windows release provider and TypeScript	2026-08-28T05:17:18.6132654Z typedef OBJECT_ATTRIBUTES *POBJECT_ATTRIBUTES;
windows	Build the native Windows release provider and TypeScript	2026-08-28T05:17:18.6134095Z 
windows	Build the native Windows release provider and TypeScript	2026-08-28T05:17:18.6136221Z typedef struct _IO_STATUS_BLOCK {
windows	Build the native Windows release provider and TypeScript	2026-08-28T05:17:18.6138194Z #pragma warning(push)
windows	Build the native Windows release provider and TypeScript	2026-08-28T05:17:18.6140505Z #pragma warning(disable: 4201) // we'll always use the Microsoft compiler
windows	Build the native Windows release provider and TypeScript	2026-08-28T05:17:18.6141926Z     union {
windows	Build the native Windows release provider and TypeScript	2026-08-28T05:17:18.6144027Z         NTSTATUS Status;
windows	Build the native Windows release provider and TypeScript	2026-08-28T05:17:18.6145730Z         PVOID Pointer;
windows	Build the native Windows release provider and TypeScript	2026-08-28T05:17:18.6147458Z     } DUMMYUNIONNAME;
windows	Build the native Windows release provider and TypeScript	2026-08-28T05:17:18.6149202Z #pragma warning(pop)
windows	Build the native Windows release provider and TypeScript	2026-08-28T05:17:18.6150719Z 
windows	Build the native Windows release provider and TypeScript	2026-08-28T05:17:18.6152500Z     ULONG_PTR Information;
windows	Build the native Windows release provider and TypeScript	2026-08-28T05:17:18.6154807Z } IO_STATUS_BLOCK, *PIO_STATUS_BLOCK;
windows	Build the native Windows release provider and TypeScript	2026-08-28T05:17:18.6156775Z 
windows	Build the native Windows release provider and TypeScript	2026-08-28T05:17:18.6158832Z typedef
windows	Build the native Windows release provider and TypeScript	2026-08-28T05:17:18.6160356Z VOID
windows	Build the native Windows release provider and TypeScript	2026-08-28T05:17:18.6162086Z (NTAPI *PIO_APC_ROUTINE) (
windows	Build the native Windows release provider and TypeScript	2026-08-28T05:17:18.6164438Z     IN PVOID ApcContext,
windows	Build the native Windows release provider and TypeScript	2026-08-28T05:17:18.6166261Z     IN PIO_STATUS_BLOCK IoStatusBlock,
windows	Build the native Windows release provider and TypeScript	2026-08-28T05:17:18.6168247Z     IN ULONG Reserved
windows	Build the native Windows release provider and TypeScript	2026-08-28T05:17:18.6169938Z     );
windows	Build the native Windows release provider and TypeScript	2026-08-28T05:17:18.6171476Z 
windows	Build the native Windows release provider and TypeScript	2026-08-28T05:17:18.6173641Z --- um/winternl.h line 475 ---
windows	Build the native Windows release provider and TypeScript	2026-08-28T05:17:18.6175579Z NTAPI
windows	Build the native Windows release provider and TypeScript	2026-08-28T05:17:18.6177439Z NtCreateFile (
windows	Build the native Windows release provider and TypeScript	2026-08-28T05:17:18.6179514Z     OUT PHANDLE FileHandle,
windows	Build the native Windows release provider and TypeScript	2026-08-28T05:17:18.6181455Z     IN ACCESS_MASK DesiredAccess,
windows	Build the native Windows release provider and TypeScript	2026-08-28T05:17:18.6183546Z     IN POBJECT_ATTRIBUTES ObjectAttributes,
windows	Build the native Windows release provider and TypeScript	2026-08-28T05:17:18.6185107Z     OUT PIO_STATUS_BLOCK IoStatusBlock,
windows	Build the native Windows release provider and TypeScript	2026-08-28T05:17:18.6186815Z     IN PLARGE_INTEGER AllocationSize OPTIONAL,
windows	Build the native Windows release provider and TypeScript	2026-08-28T05:17:18.6188796Z     IN ULONG FileAttributes,
windows	Build the native Windows release provider and TypeScript	2026-08-28T05:17:18.6190477Z     IN ULONG ShareAccess,
windows	Build the native Windows release provider and TypeScript	2026-08-28T05:17:18.6192192Z     IN ULONG CreateDisposition,
windows	Build the native Windows release provider and TypeScript	2026-08-28T05:17:18.6193868Z     IN ULONG CreateOptions,
windows	Build the native Windows release provider and TypeScript	2026-08-28T05:17:18.6195565Z     IN PVOID EaBuffer OPTIONAL,
windows	Build the native Windows release provider and TypeScript	2026-08-28T05:17:18.6197526Z     IN ULONG EaLength
windows	Build the native Windows release provider and TypeScript	2026-08-28T05:17:18.6199219Z     );
windows	Build the native Windows release provider and TypeScript	2026-08-28T05:17:18.6200782Z 
windows	Build the native Windows release provider and TypeScript	2026-08-28T05:17:18.6202903Z //
windows	Build the native Windows release provider and TypeScript	2026-08-28T05:17:18.6204905Z // use the Win32 API instead
windows	Build the native Windows release provider and TypeScript	2026-08-28T05:17:18.6206759Z //     CreateFile
windows	Build the native Windows release provider and TypeScript	2026-08-28T05:17:18.6208465Z //
windows	Build the native Windows release provider and TypeScript	2026-08-28T05:17:18.6210261Z __kernel_entry NTSTATUS
windows	Build the native Windows release provider and TypeScript	2026-08-28T05:17:18.6212167Z NTAPI
windows	Build the native Windows release provider and TypeScript	2026-08-28T05:17:18.6214025Z NtOpenFile (
windows	Build the native Windows release provider and TypeScript	2026-08-28T05:17:18.6216042Z     OUT PHANDLE FileHandle,
windows	Build the native Windows release provider and TypeScript	2026-08-28T05:17:18.6218366Z     IN ACCESS_MASK DesiredAccess,
windows	Build the native Windows release provider and TypeScript	2026-08-28T05:17:18.6220073Z     IN POBJECT_ATTRIBUTES ObjectAttributes,
windows	Build the native Windows release provider and TypeScript	2026-08-28T05:17:18.6221722Z     OUT PIO_STATUS_BLOCK IoStatusBlock,
windows	Build the native Windows release provider and TypeScript	2026-08-28T05:17:18.6223390Z     IN ULONG ShareAccess,
windows	Build the native Windows release provider and TypeScript	2026-08-28T05:17:18.6225143Z     IN ULONG OpenOptions
windows	Build the native Windows release provider and TypeScript	2026-08-28T05:17:18.6226868Z     );
windows	Build the native Windows release provider and TypeScript	2026-08-28T05:17:18.6228401Z 
windows	Build the native Windows release provider and TypeScript	2026-08-28T05:17:18.6230528Z //
windows	Build the native Windows release provider and TypeScript	2026-08-28T05:17:18.6232490Z --- um/winternl.h line 992 ---
windows	Build the native Windows release provider and TypeScript	2026-08-28T05:17:18.6235450Z #define FILE_CREATE                     0x00000002
windows	Build the native Windows release provider and TypeScript	2026-08-28T05:17:18.6237453Z #define FILE_OPEN_IF                    0x00000003
windows	Build the native Windows release provider and TypeScript	2026-08-28T05:17:18.6239539Z #define FILE_OVERWRITE                  0x00000004
windows	Build the native Windows release provider and TypeScript	2026-08-28T05:17:18.6241160Z #define FILE_OVERWRITE_IF               0x00000005
windows	Build the native Windows release provider and TypeScript	2026-08-28T05:17:18.6243179Z #define FILE_MAXIMUM_DISPOSITION        0x00000005
windows	Build the native Windows release provider and TypeScript	2026-08-28T05:17:18.6244684Z 
windows	Build the native Windows release provider and TypeScript	2026-08-28T05:17:18.6246766Z //
windows	Build the native Windows release provider and TypeScript	2026-08-28T05:17:18.6248709Z // Define the create/open option flags
windows	Build the native Windows release provider and TypeScript	2026-08-28T05:17:18.6250498Z //
windows	Build the native Windows release provider and TypeScript	2026-08-28T05:17:18.6252101Z 
windows	Build the native Windows release provider and TypeScript	2026-08-28T05:17:18.6254704Z #define FILE_DIRECTORY_FILE                     0x00000001
windows	Build the native Windows release provider and TypeScript	2026-08-28T05:17:18.6256982Z #define FILE_WRITE_THROUGH                      0x00000002
windows	Build the native Windows release provider and TypeScript	2026-08-28T05:17:18.6258856Z #define FILE_SEQUENTIAL_ONLY                    0x00000004
windows	Build the native Windows release provider and TypeScript	2026-08-28T05:17:18.6260605Z #define FILE_NO_INTERMEDIATE_BUFFERING          0x00000008
windows	Build the native Windows release provider and TypeScript	2026-08-28T05:17:18.6262023Z 
windows	Build the native Windows release provider and TypeScript	2026-08-28T05:17:18.6264373Z #define FILE_SYNCHRONOUS_IO_ALERT               0x00000010
windows	Build the native Windows release provider and TypeScript	2026-08-28T05:17:18.6266104Z #define FILE_SYNCHRONOUS_IO_NONALERT            0x00000020
windows	Build the native Windows release provider and TypeScript	2026-08-28T05:17:18.6268111Z #define FILE_NON_DIRECTORY_FILE                 0x00000040
windows	Build the native Windows release provider and TypeScript	2026-08-28T05:17:18.6270005Z #define FILE_CREATE_TREE_CONNECTION             0x00000080
windows	Build the native Windows release provider and TypeScript	2026-08-28T05:17:18.6271420Z 
windows	Build the native Windows release provider and TypeScript	2026-08-28T05:17:18.6273778Z #define FILE_COMPLETE_IF_OPLOCKED               0x00000100
windows	Build the native Windows release provider and TypeScript	2026-08-28T05:17:18.6275783Z #define FILE_NO_EA_KNOWLEDGE                    0x00000200
windows	Build the native Windows release provider and TypeScript	2026-08-28T05:17:18.6277503Z #define FILE_OPEN_REMOTE_INSTANCE               0x00000400
windows	Build the native Windows release provider and TypeScript	2026-08-28T05:17:18.6279178Z #define FILE_RANDOM_ACCESS                      0x00000800
windows	Build the native Windows release provider and TypeScript	2026-08-28T05:17:18.6280851Z 
windows	Build the native Windows release provider and TypeScript	2026-08-28T05:17:18.6283184Z #define FILE_DELETE_ON_CLOSE                    0x00001000
windows	Build the native Windows release provider and TypeScript	2026-08-28T05:17:18.6284463Z #define FILE_OPEN_BY_FILE_ID                    0x00002000
windows	Build the native Windows release provider and TypeScript	2026-08-28T05:17:18.6286898Z #define FILE_OPEN_FOR_BACKUP_INTENT             0x00004000
windows	Build the native Windows release provider and TypeScript	2026-08-28T05:17:18.6288760Z #define FILE_NO_COMPRESSION                     0x00008000
windows	Build the native Windows release provider and TypeScript	2026-08-28T05:17:18.6290555Z 
windows	Build the native Windows release provider and TypeScript	2026-08-28T05:17:18.6292749Z #if (_WIN32_WINNT >= _WIN32_WINNT_WIN7)
windows	Build the native Windows release provider and TypeScript	2026-08-28T05:17:18.6294474Z --- um/winternl.h line 1007 ---
windows	Build the native Windows release provider and TypeScript	2026-08-28T05:17:18.6296526Z #define FILE_SYNCHRONOUS_IO_ALERT               0x00000010
windows	Build the native Windows release provider and TypeScript	2026-08-28T05:17:18.6298521Z #define FILE_SYNCHRONOUS_IO_NONALERT            0x00000020
windows	Build the native Windows release provider and TypeScript	2026-08-28T05:17:18.6300230Z #define FILE_NON_DIRECTORY_FILE                 0x00000040
windows	Build the native Windows release provider and TypeScript	2026-08-28T05:17:18.6301989Z #define FILE_CREATE_TREE_CONNECTION             0x00000080
windows	Build the native Windows release provider and TypeScript	2026-08-28T05:17:18.6302665Z 
windows	Build the native Windows release provider and TypeScript	2026-08-28T05:17:18.6305274Z #define FILE_COMPLETE_IF_OPLOCKED               0x00000100
windows	Build the native Windows release provider and TypeScript	2026-08-28T05:17:18.6306867Z #define FILE_NO_EA_KNOWLEDGE                    0x00000200
windows	Build the native Windows release provider and TypeScript	2026-08-28T05:17:18.6308527Z #define FILE_OPEN_REMOTE_INSTANCE               0x00000400
windows	Build the native Windows release provider and TypeScript	2026-08-28T05:17:18.6310557Z #define FILE_RANDOM_ACCESS                      0x00000800
windows	Build the native Windows release provider and TypeScript	2026-08-28T05:17:18.6312016Z 
windows	Build the native Windows release provider and TypeScript	2026-08-28T05:17:18.6313990Z #define FILE_DELETE_ON_CLOSE                    0x00001000
windows	Build the native Windows release provider and TypeScript	2026-08-28T05:17:18.6315993Z #define FILE_OPEN_BY_FILE_ID                    0x00002000
windows	Build the native Windows release provider and TypeScript	2026-08-28T05:17:18.6317743Z #define FILE_OPEN_FOR_BACKUP_INTENT             0x00004000
windows	Build the native Windows release provider and TypeScript	2026-08-28T05:17:18.6319495Z #define FILE_NO_COMPRESSION                     0x00008000
windows	Build the native Windows release provider and TypeScript	2026-08-28T05:17:18.6320922Z 
windows	Build the native Windows release provider and TypeScript	2026-08-28T05:17:18.6323078Z #if (_WIN32_WINNT >= _WIN32_WINNT_WIN7)
windows	Build the native Windows release provider and TypeScript	2026-08-28T05:17:18.6325049Z #define FILE_OPEN_REQUIRING_OPLOCK              0x00010000
windows	Build the native Windows release provider and TypeScript	2026-08-28T05:17:18.6326531Z #endif
windows	Build the native Windows release provider and TypeScript	2026-08-28T05:17:18.6328437Z 
windows	Build the native Windows release provider and TypeScript	2026-08-28T05:17:18.6330695Z #define FILE_RESERVE_OPFILTER                   0x00100000
windows	Build the native Windows release provider and TypeScript	2026-08-28T05:17:18.6332164Z #define FILE_OPEN_REPARSE_POINT                 0x00200000
windows	Build the native Windows release provider and TypeScript	2026-08-28T05:17:18.6334416Z #define FILE_OPEN_NO_RECALL                     0x00400000
windows	Build the native Windows release provider and TypeScript	2026-08-28T05:17:18.6336347Z #define FILE_OPEN_FOR_FREE_SPACE_QUERY          0x00800000
windows	Build the native Windows release provider and TypeScript	2026-08-28T05:17:18.6338096Z 
windows	Build the native Windows release provider and TypeScript	2026-08-28T05:17:18.6340382Z #define FILE_VALID_OPTION_FLAGS                 0x00ffffff
windows	Build the native Windows release provider and TypeScript	2026-08-28T05:17:18.6342213Z #define FILE_VALID_PIPE_OPTION_FLAGS            0x00000032
windows	Build the native Windows release provider and TypeScript	2026-08-28T05:17:18.6344087Z #define FILE_VALID_MAILSLOT_OPTION_FLAGS        0x00000032
windows	Build the native Windows release provider and TypeScript	2026-08-28T05:17:18.6345874Z #define FILE_VALID_SET_FLAGS                    0x00000036
windows	Build the native Windows release provider and TypeScript	2026-08-28T05:17:18.6347327Z 
windows	Build the native Windows release provider and TypeScript	2026-08-28T05:17:18.6349175Z //
windows	Build the native Windows release provider and TypeScript	2026-08-28T05:17:18.6351112Z // Define the I/O status information return values for NtCreateFile/NtOpenFile
windows	Build the native Windows release provider and TypeScript	2026-08-28T05:17:18.6352635Z --- um/winternl.h line 1026 ---
windows	Build the native Windows release provider and TypeScript	2026-08-28T05:17:18.6354391Z #define FILE_RESERVE_OPFILTER                   0x00100000
windows	Build the native Windows release provider and TypeScript	2026-08-28T05:17:18.6356481Z #define FILE_OPEN_REPARSE_POINT                 0x00200000
windows	Build the native Windows release provider and TypeScript	2026-08-28T05:17:18.6358182Z #define FILE_OPEN_NO_RECALL                     0x00400000
windows	Build the native Windows release provider and TypeScript	2026-08-28T05:17:18.6359906Z #define FILE_OPEN_FOR_FREE_SPACE_QUERY          0x00800000
windows	Build the native Windows release provider and TypeScript	2026-08-28T05:17:18.6361386Z 
windows	Build the native Windows release provider and TypeScript	2026-08-28T05:17:18.6363380Z #define FILE_VALID_OPTION_FLAGS                 0x00ffffff
windows	Build the native Windows release provider and TypeScript	2026-08-28T05:17:18.6365092Z #define FILE_VALID_PIPE_OPTION_FLAGS            0x00000032
windows	Build the native Windows release provider and TypeScript	2026-08-28T05:17:18.6366924Z #define FILE_VALID_MAILSLOT_OPTION_FLAGS        0x00000032
windows	Build the native Windows release provider and TypeScript	2026-08-28T05:17:18.6368640Z #define FILE_VALID_SET_FLAGS                    0x00000036
windows	Build the native Windows release provider and TypeScript	2026-08-28T05:17:18.6370203Z 
windows	Build the native Windows release provider and TypeScript	2026-08-28T05:17:18.6372060Z //
windows	Build the native Windows release provider and TypeScript	2026-08-28T05:17:18.6373968Z // Define the I/O status information return values for NtCreateFile/NtOpenFile
windows	Build the native Windows release provider and TypeScript	2026-08-28T05:17:18.6376185Z //
windows	Build the native Windows release provider and TypeScript	2026-08-28T05:17:18.6377481Z 
windows	Build the native Windows release provider and TypeScript	2026-08-28T05:17:18.6379426Z #define FILE_SUPERSEDED                 0x00000000
windows	Build the native Windows release provider and TypeScript	2026-08-28T05:17:18.6381134Z #define FILE_OPENED                     0x00000001
windows	Build the native Windows release provider and TypeScript	2026-08-28T05:17:18.6382794Z #define FILE_CREATED                    0x00000002
windows	Build the native Windows release provider and TypeScript	2026-08-28T05:17:18.6384535Z #define FILE_OVERWRITTEN                0x00000003
windows	Build the native Windows release provider and TypeScript	2026-08-28T05:17:18.6386430Z #define FILE_EXISTS                     0x00000004
windows	Build the native Windows release provider and TypeScript	2026-08-28T05:17:18.6388326Z #define FILE_DOES_NOT_EXIST             0x00000005
windows	Build the native Windows release provider and TypeScript	2026-08-28T05:17:18.6389803Z 
windows	Build the native Windows release provider and TypeScript	2026-08-28T05:17:18.6391977Z #ifndef __os_arm64x_get_x64_information
windows	Build the native Windows release provider and TypeScript	2026-08-28T05:17:18.6395379Z #define __os_arm64x_get_x64_information __os_arm64x_rdtsc
windows	Build the native Windows release provider and TypeScript	2026-08-28T05:17:18.6397057Z #endif
windows	Build the native Windows release provider and TypeScript	2026-08-28T05:17:18.6398666Z #ifndef __os_arm64x_set_x64_information
windows	Build the native Windows release provider and TypeScript	2026-08-28T05:17:18.6400409Z #define __os_arm64x_set_x64_information __os_arm64x_cpuidex
windows	Build the native Windows release provider and TypeScript	2026-08-28T05:17:18.6402317Z #endif
windows	Build the native Windows release provider and TypeScript	2026-08-28T05:17:18.6403835Z 
windows	Build the native Windows release provider and TypeScript	2026-08-28T05:17:18.6406123Z #ifdef __cplusplus
windows	Build the native Windows release provider and TypeScript	2026-08-28T05:17:18.6407554Z }
windows	Build the native Windows release provider and TypeScript	2026-08-28T05:17:18.6409793Z #endif
windows	Build the native Windows release provider and TypeScript	2026-08-28T05:17:18.6411682Z --- um/winternl.h line 1036 ---
windows	Build the native Windows release provider and TypeScript	2026-08-28T05:17:18.6413904Z //
windows	Build the native Windows release provider and TypeScript	2026-08-28T05:17:18.6415641Z // Define the I/O status information return values for NtCreateFile/NtOpenFile
windows	Build the native Windows release provider and TypeScript	2026-08-28T05:17:18.6417095Z //
windows	Build the native Windows release provider and TypeScript	2026-08-28T05:17:18.6418630Z 
windows	Build the native Windows release provider and TypeScript	2026-08-28T05:17:18.6420823Z #define FILE_SUPERSEDED                 0x00000000
windows	Build the native Windows release provider and TypeScript	2026-08-28T05:17:18.6422689Z #define FILE_OPENED                     0x00000001
windows	Build the native Windows release provider and TypeScript	2026-08-28T05:17:18.6424549Z #define FILE_CREATED                    0x00000002
windows	Build the native Windows release provider and TypeScript	2026-08-28T05:17:18.6426257Z #define FILE_OVERWRITTEN                0x00000003
windows	Build the native Windows release provider and TypeScript	2026-08-28T05:17:18.6427918Z #define FILE_EXISTS                     0x00000004
windows	Build the native Windows release provider and TypeScript	2026-08-28T05:17:18.6429606Z #define FILE_DOES_NOT_EXIST             0x00000005
windows	Build the native Windows release provider and TypeScript	2026-08-28T05:17:18.6431078Z 
windows	Build the native Windows release provider and TypeScript	2026-08-28T05:17:18.6432940Z #ifndef __os_arm64x_get_x64_information
windows	Build the native Windows release provider and TypeScript	2026-08-28T05:17:18.6435029Z #define __os_arm64x_get_x64_information __os_arm64x_rdtsc
windows	Build the native Windows release provider and TypeScript	2026-08-28T05:17:18.6436589Z #endif
windows	Build the native Windows release provider and TypeScript	2026-08-28T05:17:18.6438338Z #ifndef __os_arm64x_set_x64_information
windows	Build the native Windows release provider and TypeScript	2026-08-28T05:17:18.6440103Z #define __os_arm64x_set_x64_information __os_arm64x_cpuidex
windows	Build the native Windows release provider and TypeScript	2026-08-28T05:17:18.6441677Z #endif
windows	Build the native Windows release provider and TypeScript	2026-08-28T05:17:18.6443315Z 
windows	Build the native Windows release provider and TypeScript	2026-08-28T05:17:18.6445169Z #ifdef __cplusplus
windows	Build the native Windows release provider and TypeScript	2026-08-28T05:17:18.6446856Z }
windows	Build the native Windows release provider and TypeScript	2026-08-28T05:17:18.6448533Z #endif
windows	Build the native Windows release provider and TypeScript	2026-08-28T05:17:18.6450078Z 
windows	Build the native Windows release provider and TypeScript	2026-08-28T05:17:18.6451926Z #endif // (_WIN32_WINNT >= 0x0500)
windows	Build the native Windows release provider and TypeScript	2026-08-28T05:17:18.6453804Z 
windows	Build the native Windows release provider and TypeScript	2026-08-28T05:17:18.6455793Z 
windows	Build the native Windows release provider and TypeScript	2026-08-28T05:17:18.6458180Z #endif /* WINAPI_FAMILY_PARTITION(WINAPI_PARTITION_DESKTOP | WINAPI_PARTITION_SYSTEM) */
windows	Build the native Windows release provider and TypeScript	2026-08-28T05:17:18.6459492Z #pragma endregion
windows	Build the native Windows release provider and TypeScript	2026-08-28T05:17:18.6461328Z 
windows	Build the native Windows release provider and TypeScript	2026-08-28T05:17:18.6463457Z #endif // _WINTERNL_
windows	Build the native Windows release provider and TypeScript	2026-08-28T05:17:18.6465164Z --- um/WinBase.h line 9104 ---
windows	Build the native Windows release provider and TypeScript	2026-08-28T05:17:18.6467294Z #if (_WIN32_WINNT >= _WIN32_WINNT_WIN10_RS1)
windows	Build the native Windows release provider and TypeScript	2026-08-28T05:17:18.6469259Z #define FILE_RENAME_FLAG_REPLACE_IF_EXISTS                  0x00000001
windows	Build the native Windows release provider and TypeScript	2026-08-28T05:17:18.6470952Z #define FILE_RENAME_FLAG_POSIX_SEMANTICS                    0x00000002
windows	Build the native Windows release provider and TypeScript	2026-08-28T05:17:18.6472536Z #endif
windows	Build the native Windows release provider and TypeScript	2026-08-28T05:17:18.6474764Z 
windows	Build the native Windows release provider and TypeScript	2026-08-28T05:17:18.6476801Z #if (_WIN32_WINNT >= _WIN32_WINNT_WIN10_RS3)
windows	Build the native Windows release provider and TypeScript	2026-08-28T05:17:18.6478478Z #define FILE_RENAME_FLAG_SUPPRESS_PIN_STATE_INHERITANCE     0x00000004
windows	Build the native Windows release provider and TypeScript	2026-08-28T05:17:18.6480302Z #endif
windows	Build the native Windows release provider and TypeScript	2026-08-28T05:17:18.6481846Z 
windows	Build the native Windows release provider and TypeScript	2026-08-28T05:17:18.6483950Z typedef struct _FILE_RENAME_INFO {
windows	Build the native Windows release provider and TypeScript	2026-08-28T05:17:18.6485600Z #if (_WIN32_WINNT >= _WIN32_WINNT_WIN10_RS1)
windows	Build the native Windows release provider and TypeScript	2026-08-28T05:17:18.6487270Z     union {
windows	Build the native Windows release provider and TypeScript	2026-08-28T05:17:18.6489443Z         BOOLEAN ReplaceIfExists;  // FileRenameInfo
windows	Build the native Windows release provider and TypeScript	2026-08-28T05:17:18.6491508Z         DWORD Flags;              // FileRenameInfoEx
windows	Build the native Windows release provider and TypeScript	2026-08-28T05:17:18.6493252Z     } DUMMYUNIONNAME;
windows	Build the native Windows release provider and TypeScript	2026-08-28T05:17:18.6495553Z #else
windows	Build the native Windows release provider and TypeScript	2026-08-28T05:17:18.6497337Z     BOOLEAN ReplaceIfExists;
windows	Build the native Windows release provider and TypeScript	2026-08-28T05:17:18.6499003Z #endif
windows	Build the native Windows release provider and TypeScript	2026-08-28T05:17:18.6500757Z     HANDLE RootDirectory;
windows	Build the native Windows release provider and TypeScript	2026-08-28T05:17:18.6502474Z     DWORD FileNameLength;
windows	Build the native Windows release provider and TypeScript	2026-08-28T05:17:18.6504150Z     WCHAR FileName[1];
windows	Build the native Windows release provider and TypeScript	2026-08-28T05:17:18.6505940Z } FILE_RENAME_INFO, *PFILE_RENAME_INFO;
windows	Build the native Windows release provider and TypeScript	2026-08-28T05:17:18.6507420Z 
windows	Build the native Windows release provider and TypeScript	2026-08-28T05:17:18.6509567Z typedef struct _FILE_ALLOCATION_INFO {
windows	Build the native Windows release provider and TypeScript	2026-08-28T05:17:18.6511480Z     LARGE_INTEGER AllocationSize;
windows	Build the native Windows release provider and TypeScript	2026-08-28T05:17:18.6513427Z } FILE_ALLOCATION_INFO, *PFILE_ALLOCATION_INFO;
windows	Build the native Windows release provider and TypeScript	2026-08-28T05:17:18.6515238Z 
windows	Build the native Windows release provider and TypeScript	2026-08-28T05:17:18.6517131Z typedef struct _FILE_END_OF_FILE_INFO {
windows	Build the native Windows release provider and TypeScript	2026-08-28T05:17:18.6518797Z     LARGE_INTEGER EndOfFile;
windows	Build the native Windows release provider and TypeScript	2026-08-28T05:17:18.6520617Z } FILE_END_OF_FILE_INFO, *PFILE_END_OF_FILE_INFO;
windows	Build the native Windows release provider and TypeScript	2026-08-28T05:17:18.6521986Z 
windows	Build the native Windows release provider and TypeScript	2026-08-28T05:17:18.6523841Z --- um/WinBase.h line 9105 ---
windows	Build the native Windows release provider and TypeScript	2026-08-28T05:17:18.6525685Z #define FILE_RENAME_FLAG_REPLACE_IF_EXISTS                  0x00000001
windows	Build the native Windows release provider and TypeScript	2026-08-28T05:17:18.6527420Z #define FILE_RENAME_FLAG_POSIX_SEMANTICS                    0x00000002
windows	Build the native Windows release provider and TypeScript	2026-08-28T05:17:18.6528945Z #endif
windows	Build the native Windows release provider and TypeScript	2026-08-28T05:17:18.6530519Z 
windows	Build the native Windows release provider and TypeScript	2026-08-28T05:17:18.6532700Z #if (_WIN32_WINNT >= _WIN32_WINNT_WIN10_RS3)
windows	Build the native Windows release provider and TypeScript	2026-08-28T05:17:18.6535485Z #define FILE_RENAME_FLAG_SUPPRESS_PIN_STATE_INHERITANCE     0x00000004
windows	Build the native Windows release provider and TypeScript	2026-08-28T05:17:18.6536682Z #endif
windows	Build the native Windows release provider and TypeScript	2026-08-28T05:17:18.6538676Z 
windows	Build the native Windows release provider and TypeScript	2026-08-28T05:17:18.6540828Z typedef struct _FILE_RENAME_INFO {
windows	Build the native Windows release provider and TypeScript	2026-08-28T05:17:18.6542726Z #if (_WIN32_WINNT >= _WIN32_WINNT_WIN10_RS1)
windows	Build the native Windows release provider and TypeScript	2026-08-28T05:17:18.6544517Z     union {
windows	Build the native Windows release provider and TypeScript	2026-08-28T05:17:18.6546306Z         BOOLEAN ReplaceIfExists;  // FileRenameInfo
windows	Build the native Windows release provider and TypeScript	2026-08-28T05:17:18.6548049Z         DWORD Flags;              // FileRenameInfoEx
windows	Build the native Windows release provider and TypeScript	2026-08-28T05:17:18.6549654Z     } DUMMYUNIONNAME;
windows	Build the native Windows release provider and TypeScript	2026-08-28T05:17:18.6551320Z #else
windows	Build the native Windows release provider and TypeScript	2026-08-28T05:17:18.6553980Z     BOOLEAN ReplaceIfExists;
windows	Build the native Windows release provider and TypeScript	2026-08-28T05:17:18.6555898Z #endif
windows	Build the native Windows release provider and TypeScript	2026-08-28T05:17:18.6557670Z     HANDLE RootDirectory;
windows	Build the native Windows release provider and TypeScript	2026-08-28T05:17:18.6559427Z     DWORD FileNameLength;
windows	Build the native Windows release provider and TypeScript	2026-08-28T05:17:18.6561105Z     WCHAR FileName[1];
windows	Build the native Windows release provider and TypeScript	2026-08-28T05:17:18.6562917Z } FILE_RENAME_INFO, *PFILE_RENAME_INFO;
windows	Build the native Windows release provider and TypeScript	2026-08-28T05:17:18.6564644Z 
windows	Build the native Windows release provider and TypeScript	2026-08-28T05:17:18.6566822Z typedef struct _FILE_ALLOCATION_INFO {
windows	Build the native Windows release provider and TypeScript	2026-08-28T05:17:18.6568511Z     LARGE_INTEGER AllocationSize;
windows	Build the native Windows release provider and TypeScript	2026-08-28T05:17:18.6570262Z } FILE_ALLOCATION_INFO, *PFILE_ALLOCATION_INFO;
windows	Build the native Windows release provider and TypeScript	2026-08-28T05:17:18.6571914Z 
windows	Build the native Windows release provider and TypeScript	2026-08-28T05:17:18.6574156Z typedef struct _FILE_END_OF_FILE_INFO {
windows	Build the native Windows release provider and TypeScript	2026-08-28T05:17:18.6576060Z     LARGE_INTEGER EndOfFile;
windows	Build the native Windows release provider and TypeScript	2026-08-28T05:17:18.6578008Z } FILE_END_OF_FILE_INFO, *PFILE_END_OF_FILE_INFO;
windows	Build the native Windows release provider and TypeScript	2026-08-28T05:17:18.6579439Z 
windows	Build the native Windows release provider and TypeScript	2026-08-28T05:17:18.6581631Z typedef struct _FILE_STREAM_INFO {
windows	Build the native Windows release provider and TypeScript	2026-08-28T05:17:18.6583457Z --- um/WinBase.h line 9109 ---
windows	Build the native Windows release provider and TypeScript	2026-08-28T05:17:18.6585324Z #if (_WIN32_WINNT >= _WIN32_WINNT_WIN10_RS3)
windows	Build the native Windows release provider and TypeScript	2026-08-28T05:17:18.6587185Z #define FILE_RENAME_FLAG_SUPPRESS_PIN_STATE_INHERITANCE     0x00000004
windows	Build the native Windows release provider and TypeScript	2026-08-28T05:17:18.6588650Z #endif
windows	Build the native Windows release provider and TypeScript	2026-08-28T05:17:18.6590396Z 
windows	Build the native Windows release provider and TypeScript	2026-08-28T05:17:18.6592801Z typedef struct _FILE_RENAME_INFO {
windows	Build the native Windows release provider and TypeScript	2026-08-28T05:17:18.6594085Z #if (_WIN32_WINNT >= _WIN32_WINNT_WIN10_RS1)
windows	Build the native Windows release provider and TypeScript	2026-08-28T05:17:18.6595684Z     union {
windows	Build the native Windows release provider and TypeScript	2026-08-28T05:17:18.6597477Z         BOOLEAN ReplaceIfExists;  // FileRenameInfo
windows	Build the native Windows release provider and TypeScript	2026-08-28T05:17:18.6599189Z         DWORD Flags;              // FileRenameInfoEx
windows	Build the native Windows release provider and TypeScript	2026-08-28T05:17:18.6600792Z     } DUMMYUNIONNAME;
windows	Build the native Windows release provider and TypeScript	2026-08-28T05:17:18.6602427Z #else
windows	Build the native Windows release provider and TypeScript	2026-08-28T05:17:18.6604176Z     BOOLEAN ReplaceIfExists;
windows	Build the native Windows release provider and TypeScript	2026-08-28T05:17:18.6605828Z #endif
windows	Build the native Windows release provider and TypeScript	2026-08-28T05:17:18.6607543Z     HANDLE RootDirectory;
windows	Build the native Windows release provider and TypeScript	2026-08-28T05:17:18.6609252Z     DWORD FileNameLength;
windows	Build the native Windows release provider and TypeScript	2026-08-28T05:17:18.6610965Z     WCHAR FileName[1];
windows	Build the native Windows release provider and TypeScript	2026-08-28T05:17:18.6613230Z } FILE_RENAME_INFO, *PFILE_RENAME_INFO;
windows	Build the native Windows release provider and TypeScript	2026-08-28T05:17:18.6614764Z 
windows	Build the native Windows release provider and TypeScript	2026-08-28T05:17:18.6616655Z typedef struct _FILE_ALLOCATION_INFO {
windows	Build the native Windows release provider and TypeScript	2026-08-28T05:17:18.6619095Z     LARGE_INTEGER AllocationSize;
windows	Build the native Windows release provider and TypeScript	2026-08-28T05:17:18.6620827Z } FILE_ALLOCATION_INFO, *PFILE_ALLOCATION_INFO;
windows	Build the native Windows release provider and TypeScript	2026-08-28T05:17:18.6622426Z 
windows	Build the native Windows release provider and TypeScript	2026-08-28T05:17:18.6624292Z typedef struct _FILE_END_OF_FILE_INFO {
windows	Build the native Windows release provider and TypeScript	2026-08-28T05:17:18.6625955Z     LARGE_INTEGER EndOfFile;
windows	Build the native Windows release provider and TypeScript	2026-08-28T05:17:18.6627712Z } FILE_END_OF_FILE_INFO, *PFILE_END_OF_FILE_INFO;
windows	Build the native Windows release provider and TypeScript	2026-08-28T05:17:18.6629131Z 
windows	Build the native Windows release provider and TypeScript	2026-08-28T05:17:18.6631270Z typedef struct _FILE_STREAM_INFO {
windows	Build the native Windows release provider and TypeScript	2026-08-28T05:17:18.6633072Z     DWORD NextEntryOffset;
windows	Build the native Windows release provider and TypeScript	2026-08-28T05:17:18.6634375Z     DWORD StreamNameLength;
windows	Build the native Windows release provider and TypeScript	2026-08-28T05:17:18.6636486Z     LARGE_INTEGER StreamSize;
windows	Build the native Windows release provider and TypeScript	2026-08-28T05:17:18.6638292Z     LARGE_INTEGER StreamAllocationSize;
windows	Build the native Windows release provider and TypeScript	2026-08-28T05:17:18.6640107Z --- um/WinBase.h line 9112 ---
windows	Build the native Windows release provider and TypeScript	2026-08-28T05:17:18.6641621Z 
windows	Build the native Windows release provider and TypeScript	2026-08-28T05:17:18.6643736Z typedef struct _FILE_RENAME_INFO {
windows	Build the native Windows release provider and TypeScript	2026-08-28T05:17:18.6645634Z #if (_WIN32_WINNT >= _WIN32_WINNT_WIN10_RS1)
windows	Build the native Windows release provider and TypeScript	2026-08-28T05:17:18.6647448Z     union {
windows	Build the native Windows release provider and TypeScript	2026-08-28T05:17:18.6649229Z         BOOLEAN ReplaceIfExists;  // FileRenameInfo
windows	Build the native Windows release provider and TypeScript	2026-08-28T05:17:18.6650930Z         DWORD Flags;              // FileRenameInfoEx
windows	Build the native Windows release provider and TypeScript	2026-08-28T05:17:18.6653102Z     } DUMMYUNIONNAME;
windows	Build the native Windows release provider and TypeScript	2026-08-28T05:17:18.6654799Z #else
windows	Build the native Windows release provider and TypeScript	2026-08-28T05:17:18.6656528Z     BOOLEAN ReplaceIfExists;
windows	Build the native Windows release provider and TypeScript	2026-08-28T05:17:18.6658215Z #endif
windows	Build the native Windows release provider and TypeScript	2026-08-28T05:17:18.6659954Z     HANDLE RootDirectory;
windows	Build the native Windows release provider and TypeScript	2026-08-28T05:17:18.6661647Z     DWORD FileNameLength;
windows	Build the native Windows release provider and TypeScript	2026-08-28T05:17:18.6663364Z     WCHAR FileName[1];
windows	Build the native Windows release provider and TypeScript	2026-08-28T05:17:18.6665100Z } FILE_RENAME_INFO, *PFILE_RENAME_INFO;
windows	Build the native Windows release provider and TypeScript	2026-08-28T05:17:18.6666594Z 
windows	Build the native Windows release provider and TypeScript	2026-08-28T05:17:18.6668504Z typedef struct _FILE_ALLOCATION_INFO {
windows	Build the native Windows release provider and TypeScript	2026-08-28T05:17:18.6670168Z     LARGE_INTEGER AllocationSize;
windows	Build the native Windows release provider and TypeScript	2026-08-28T05:17:18.6671982Z } FILE_ALLOCATION_INFO, *PFILE_ALLOCATION_INFO;
windows	Build the native Windows release provider and TypeScript	2026-08-28T05:17:18.6673723Z 
windows	Build the native Windows release provider and TypeScript	2026-08-28T05:17:18.6675648Z typedef struct _FILE_END_OF_FILE_INFO {
windows	Build the native Windows release provider and TypeScript	2026-08-28T05:17:18.6677297Z     LARGE_INTEGER EndOfFile;
windows	Build the native Windows release provider and TypeScript	2026-08-28T05:17:18.6679058Z } FILE_END_OF_FILE_INFO, *PFILE_END_OF_FILE_INFO;
windows	Build the native Windows release provider and TypeScript	2026-08-28T05:17:18.6680671Z 
windows	Build the native Windows release provider and TypeScript	2026-08-28T05:17:18.6682744Z typedef struct _FILE_STREAM_INFO {
windows	Build the native Windows release provider and TypeScript	2026-08-28T05:17:18.6684498Z     DWORD NextEntryOffset;
windows	Build the native Windows release provider and TypeScript	2026-08-28T05:17:18.6686182Z     DWORD StreamNameLength;
windows	Build the native Windows release provider and TypeScript	2026-08-28T05:17:18.6687935Z     LARGE_INTEGER StreamSize;
windows	Build the native Windows release provider and TypeScript	2026-08-28T05:17:18.6689744Z     LARGE_INTEGER StreamAllocationSize;
windows	Build the native Windows release provider and TypeScript	2026-08-28T05:17:18.6691393Z     WCHAR StreamName[1];
windows	Build the native Windows release provider and TypeScript	2026-08-28T05:17:18.6693450Z } FILE_STREAM_INFO, *PFILE_STREAM_INFO;
windows	Build the native Windows release provider and TypeScript	2026-08-28T05:17:18.6694989Z 
windows	Build the native Windows release provider and TypeScript	2026-08-28T05:17:18.6696829Z --- um/WinBase.h line 9116 ---
windows	Build the native Windows release provider and TypeScript	2026-08-28T05:17:18.6698548Z         BOOLEAN ReplaceIfExists;  // FileRenameInfo
windows	Build the native Windows release provider and TypeScript	2026-08-28T05:17:18.6700270Z         DWORD Flags;              // FileRenameInfoEx
windows	Build the native Windows release provider and TypeScript	2026-08-28T05:17:18.6701896Z     } DUMMYUNIONNAME;
windows	Build the native Windows release provider and TypeScript	2026-08-28T05:17:18.6703627Z #else
windows	Build the native Windows release provider and TypeScript	2026-08-28T05:17:18.6705378Z     BOOLEAN ReplaceIfExists;
windows	Build the native Windows release provider and TypeScript	2026-08-28T05:17:18.6707035Z #endif
windows	Build the native Windows release provider and TypeScript	2026-08-28T05:17:18.6708790Z     HANDLE RootDirectory;
windows	Build the native Windows release provider and TypeScript	2026-08-28T05:17:18.6710927Z     DWORD FileNameLength;
windows	Build the native Windows release provider and TypeScript	2026-08-28T05:17:18.6713668Z     WCHAR FileName[1];
windows	Build the native Windows release provider and TypeScript	2026-08-28T05:17:18.6716282Z } FILE_RENAME_INFO, *PFILE_RENAME_INFO;
windows	Build the native Windows release provider and TypeScript	2026-08-28T05:17:18.6717674Z 
windows	Build the native Windows release provider and TypeScript	2026-08-28T05:17:18.6719879Z typedef struct _FILE_ALLOCATION_INFO {
windows	Build the native Windows release provider and TypeScript	2026-08-28T05:17:18.6721559Z     LARGE_INTEGER AllocationSize;
windows	Build the native Windows release provider and TypeScript	2026-08-28T05:17:18.6723297Z } FILE_ALLOCATION_INFO, *PFILE_ALLOCATION_INFO;
windows	Build the native Windows release provider and TypeScript	2026-08-28T05:17:18.6724761Z 
windows	Build the native Windows release provider and TypeScript	2026-08-28T05:17:18.6726909Z typedef struct _FILE_END_OF_FILE_INFO {
windows	Build the native Windows release provider and TypeScript	2026-08-28T05:17:18.6728893Z     LARGE_INTEGER EndOfFile;
windows	Build the native Windows release provider and TypeScript	2026-08-28T05:17:18.6731643Z } FILE_END_OF_FILE_INFO, *PFILE_END_OF_FILE_INFO;
windows	Build the native Windows release provider and TypeScript	2026-08-28T05:17:18.6733167Z 
windows	Build the native Windows release provider and TypeScript	2026-08-28T05:17:18.6734879Z typedef struct _FILE_STREAM_INFO {
windows	Build the native Windows release provider and TypeScript	2026-08-28T05:17:18.6736966Z     DWORD NextEntryOffset;
windows	Build the native Windows release provider and TypeScript	2026-08-28T05:17:18.6738670Z     DWORD StreamNameLength;
windows	Build the native Windows release provider and TypeScript	2026-08-28T05:17:18.6740362Z     LARGE_INTEGER StreamSize;
windows	Build the native Windows release provider and TypeScript	2026-08-28T05:17:18.6742068Z     LARGE_INTEGER StreamAllocationSize;
windows	Build the native Windows release provider and TypeScript	2026-08-28T05:17:18.6743742Z     WCHAR StreamName[1];
windows	Build the native Windows release provider and TypeScript	2026-08-28T05:17:18.6745450Z } FILE_STREAM_INFO, *PFILE_STREAM_INFO;
windows	Build the native Windows release provider and TypeScript	2026-08-28T05:17:18.6746924Z 
windows	Build the native Windows release provider and TypeScript	2026-08-28T05:17:18.6749089Z typedef struct _FILE_COMPRESSION_INFO {
windows	Build the native Windows release provider and TypeScript	2026-08-28T05:17:18.6750630Z     LARGE_INTEGER CompressedFileSize;
windows	Build the native Windows release provider and TypeScript	2026-08-28T05:17:18.6753243Z     WORD CompressionFormat;
windows	Build the native Windows release provider and TypeScript	2026-08-28T05:17:18.6755411Z     UCHAR CompressionUnitShift;
windows	Build the native Windows release provider and TypeScript	2026-08-28T05:17:18.6757178Z --- um/WinBase.h line 9156 ---
windows	Build the native Windows release provider and TypeScript	2026-08-28T05:17:18.6758800Z 
windows	Build the native Windows release provider and TypeScript	2026-08-28T05:17:18.6761004Z typedef struct _FILE_DISPOSITION_INFO {
windows	Build the native Windows release provider and TypeScript	2026-08-28T05:17:18.6762713Z     BOOLEAN DeleteFile;
windows	Build the native Windows release provider and TypeScript	2026-08-28T05:17:18.6764577Z } FILE_DISPOSITION_INFO, *PFILE_DISPOSITION_INFO;
windows	Build the native Windows release provider and TypeScript	2026-08-28T05:17:18.6766095Z 
windows	Build the native Windows release provider and TypeScript	2026-08-28T05:17:18.6768326Z #if (_WIN32_WINNT >= _WIN32_WINNT_WIN10_RS1)
windows	Build the native Windows release provider and TypeScript	2026-08-28T05:17:18.6770088Z #define FILE_DISPOSITION_FLAG_DO_NOT_DELETE              0x00000000
windows	Build the native Windows release provider and TypeScript	2026-08-28T05:17:18.6772151Z #define FILE_DISPOSITION_FLAG_DELETE                     0x00000001
windows	Build the native Windows release provider and TypeScript	2026-08-28T05:17:18.6774011Z #define FILE_DISPOSITION_FLAG_POSIX_SEMANTICS            0x00000002
windows	Build the native Windows release provider and TypeScript	2026-08-28T05:17:18.6775983Z #define FILE_DISPOSITION_FLAG_FORCE_IMAGE_SECTION_CHECK  0x00000004
windows	Build the native Windows release provider and TypeScript	2026-08-28T05:17:18.6776927Z #define FILE_DISPOSITION_FLAG_ON_CLOSE                   0x00000008
windows	Build the native Windows release provider and TypeScript	2026-08-28T05:17:18.6779012Z #if (_WIN32_WINNT >= _WIN32_WINNT_WIN10_RS5)
windows	Build the native Windows release provider and TypeScript	2026-08-28T05:17:18.6780783Z #define FILE_DISPOSITION_FLAG_IGNORE_READONLY_ATTRIBUTE  0x00000010
windows	Build the native Windows release provider and TypeScript	2026-08-28T05:17:18.6781976Z #endif
windows	Build the native Windows release provider and TypeScript	2026-08-28T05:17:18.6784075Z 
windows	Build the native Windows release provider and TypeScript	2026-08-28T05:17:18.6786062Z typedef struct _FILE_DISPOSITION_INFO_EX {
windows	Build the native Windows release provider and TypeScript	2026-08-28T05:17:18.6787847Z     DWORD Flags;
windows	Build the native Windows release provider and TypeScript	2026-08-28T05:17:18.6789682Z } FILE_DISPOSITION_INFO_EX, *PFILE_DISPOSITION_INFO_EX;
windows	Build the native Windows release provider and TypeScript	2026-08-28T05:17:18.6791311Z #endif
windows	Build the native Windows release provider and TypeScript	2026-08-28T05:17:18.6793276Z 
windows	Build the native Windows release provider and TypeScript	2026-08-28T05:17:18.6795237Z typedef struct _FILE_ID_BOTH_DIR_INFO {
windows	Build the native Windows release provider and TypeScript	2026-08-28T05:17:18.6796935Z     DWORD NextEntryOffset;
windows	Build the native Windows release provider and TypeScript	2026-08-28T05:17:18.6798669Z     DWORD FileIndex;
windows	Build the native Windows release provider and TypeScript	2026-08-28T05:17:18.6800496Z     LARGE_INTEGER CreationTime;
windows	Build the native Windows release provider and TypeScript	2026-08-28T05:17:18.6802169Z     LARGE_INTEGER LastAccessTime;
windows	Build the native Windows release provider and TypeScript	2026-08-28T05:17:18.6803991Z     LARGE_INTEGER LastWriteTime;
windows	Build the native Windows release provider and TypeScript	2026-08-28T05:17:18.6805760Z     LARGE_INTEGER ChangeTime;
windows	Build the native Windows release provider and TypeScript	2026-08-28T05:17:18.6807408Z     LARGE_INTEGER EndOfFile;
windows	Build the native Windows release provider and TypeScript	2026-08-28T05:17:18.6809184Z     LARGE_INTEGER AllocationSize;
windows	Build the native Windows release provider and TypeScript	2026-08-28T05:17:18.6810947Z     DWORD FileAttributes;
windows	Build the native Windows release provider and TypeScript	2026-08-28T05:17:18.6812896Z     DWORD FileNameLength;
windows	Build the native Windows release provider and TypeScript	2026-08-28T05:17:18.6814742Z --- um/WinBase.h line 9170 ---
windows	Build the native Windows release provider and TypeScript	2026-08-28T05:17:18.6816133Z 
windows	Build the native Windows release provider and TypeScript	2026-08-28T05:17:18.6818351Z typedef struct _FILE_DISPOSITION_INFO_EX {
windows	Build the native Windows release provider and TypeScript	2026-08-28T05:17:18.6820023Z     DWORD Flags;
windows	Build the native Windows release provider and TypeScript	2026-08-28T05:17:18.6821945Z } FILE_DISPOSITION_INFO_EX, *PFILE_DISPOSITION_INFO_EX;
windows	Build the native Windows release provider and TypeScript	2026-08-28T05:17:18.6823535Z #endif
windows	Build the native Windows release provider and TypeScript	2026-08-28T05:17:18.6825182Z 
windows	Build the native Windows release provider and TypeScript	2026-08-28T05:17:18.6827212Z typedef struct _FILE_ID_BOTH_DIR_INFO {
windows	Build the native Windows release provider and TypeScript	2026-08-28T05:17:18.6828847Z     DWORD NextEntryOffset;
windows	Build the native Windows release provider and TypeScript	2026-08-28T05:17:18.6830657Z     DWORD FileIndex;
windows	Build the native Windows release provider and TypeScript	2026-08-28T05:17:18.6832770Z     LARGE_INTEGER CreationTime;
windows	Build the native Windows release provider and TypeScript	2026-08-28T05:17:18.6834499Z     LARGE_INTEGER LastAccessTime;
windows	Build the native Windows release provider and TypeScript	2026-08-28T05:17:18.6836353Z     LARGE_INTEGER LastWriteTime;
windows	Build the native Windows release provider and TypeScript	2026-08-28T05:17:18.6837947Z     LARGE_INTEGER ChangeTime;
windows	Build the native Windows release provider and TypeScript	2026-08-28T05:17:18.6839798Z     LARGE_INTEGER EndOfFile;
windows	Build the native Windows release provider and TypeScript	2026-08-28T05:17:18.6841540Z     LARGE_INTEGER AllocationSize;
windows	Build the native Windows release provider and TypeScript	2026-08-28T05:17:18.6843302Z     DWORD FileAttributes;
windows	Build the native Windows release provider and TypeScript	2026-08-28T05:17:18.6844974Z     DWORD FileNameLength;
windows	Build the native Windows release provider and TypeScript	2026-08-28T05:17:18.6846757Z     DWORD EaSize;
windows	Build the native Windows release provider and TypeScript	2026-08-28T05:17:18.6848511Z     CCHAR ShortNameLength;
windows	Build the native Windows release provider and TypeScript	2026-08-28T05:17:18.6850248Z     WCHAR ShortName[12];
windows	Build the native Windows release provider and TypeScript	2026-08-28T05:17:18.6851961Z     LARGE_INTEGER FileId;
windows	Build the native Windows release provider and TypeScript	2026-08-28T05:17:18.6853947Z     WCHAR FileName[1];
windows	Build the native Windows release provider and TypeScript	2026-08-28T05:17:18.6855783Z } FILE_ID_BOTH_DIR_INFO, *PFILE_ID_BOTH_DIR_INFO;
windows	Build the native Windows release provider and TypeScript	2026-08-28T05:17:18.6857544Z 
windows	Build the native Windows release provider and TypeScript	2026-08-28T05:17:18.6859495Z typedef struct _FILE_FULL_DIR_INFO {
windows	Build the native Windows release provider and TypeScript	2026-08-28T05:17:18.6861214Z     ULONG NextEntryOffset;
windows	Build the native Windows release provider and TypeScript	2026-08-28T05:17:18.6862837Z     ULONG FileIndex;
windows	Build the native Windows release provider and TypeScript	2026-08-28T05:17:18.6864564Z     LARGE_INTEGER CreationTime;
windows	Build the native Windows release provider and TypeScript	2026-08-28T05:17:18.6866375Z     LARGE_INTEGER LastAccessTime;
windows	Build the native Windows release provider and TypeScript	2026-08-28T05:17:18.6868067Z     LARGE_INTEGER LastWriteTime;
windows	Build the native Windows release provider and TypeScript	2026-08-28T05:17:18.6869850Z     LARGE_INTEGER ChangeTime;
windows	Build the native Windows release provider and TypeScript	2026-08-28T05:17:18.6872278Z --- um/WinBase.h line 9259 ---
windows	Build the native Windows release provider and TypeScript	2026-08-28T05:17:18.6873697Z //
windows	Build the native Windows release provider and TypeScript	2026-08-28T05:17:18.6875807Z typedef struct _FILE_ID_INFO {
windows	Build the native Windows release provider and TypeScript	2026-08-28T05:17:18.6877542Z     ULONGLONG VolumeSerialNumber;
windows	Build the native Windows release provider and TypeScript	2026-08-28T05:17:18.6879242Z     FILE_ID_128 FileId;
windows	Build the native Windows release provider and TypeScript	2026-08-28T05:17:18.6881005Z } FILE_ID_INFO, *PFILE_ID_INFO;
windows	Build the native Windows release provider and TypeScript	2026-08-28T05:17:18.6882551Z 
windows	Build the native Windows release provider and TypeScript	2026-08-28T05:17:18.6884661Z //
windows	Build the native Windows release provider and TypeScript	2026-08-28T05:17:18.6886412Z //  Structure definition for FileIdExtdDirectoryInfo
windows	Build the native Windows release provider and TypeScript	2026-08-28T05:17:18.6888137Z //
windows	Build the native Windows release provider and TypeScript	2026-08-28T05:17:18.6889895Z typedef struct _FILE_ID_EXTD_DIR_INFO {
windows	Build the native Windows release provider and TypeScript	2026-08-28T05:17:18.6891958Z     ULONG NextEntryOffset;
windows	Build the native Windows release provider and TypeScript	2026-08-28T05:17:18.6893623Z     ULONG FileIndex;
windows	Build the native Windows release provider and TypeScript	2026-08-28T05:17:18.6895223Z     LARGE_INTEGER CreationTime;
windows	Build the native Windows release provider and TypeScript	2026-08-28T05:17:18.6897138Z     LARGE_INTEGER LastAccessTime;
windows	Build the native Windows release provider and TypeScript	2026-08-28T05:17:18.6898788Z     LARGE_INTEGER LastWriteTime;
windows	Build the native Windows release provider and TypeScript	2026-08-28T05:17:18.6900780Z     LARGE_INTEGER ChangeTime;
windows	Build the native Windows release provider and TypeScript	2026-08-28T05:17:18.6902533Z     LARGE_INTEGER EndOfFile;
windows	Build the native Windows release provider and TypeScript	2026-08-28T05:17:18.6904203Z     LARGE_INTEGER AllocationSize;
windows	Build the native Windows release provider and TypeScript	2026-08-28T05:17:18.6905981Z     ULONG FileAttributes;
windows	Build the native Windows release provider and TypeScript	2026-08-28T05:17:18.6907703Z     ULONG FileNameLength;
windows	Build the native Windows release provider and TypeScript	2026-08-28T05:17:18.6909279Z     ULONG EaSize;
windows	Build the native Windows release provider and TypeScript	2026-08-28T05:17:18.6911452Z     ULONG ReparsePointTag;
windows	Build the native Windows release provider and TypeScript	2026-08-28T05:17:18.6913341Z     FILE_ID_128 FileId;
windows	Build the native Windows release provider and TypeScript	2026-08-28T05:17:18.6915054Z     WCHAR FileName[1];
windows	Build the native Windows release provider and TypeScript	2026-08-28T05:17:18.6916807Z } FILE_ID_EXTD_DIR_INFO, *PFILE_ID_EXTD_DIR_INFO;
windows	Build the native Windows release provider and TypeScript	2026-08-28T05:17:18.6917867Z 
windows	Build the native Windows release provider and TypeScript	2026-08-28T05:17:18.6920154Z #endif
windows	Build the native Windows release provider and TypeScript	2026-08-28T05:17:18.6921633Z 
windows	Build the native Windows release provider and TypeScript	2026-08-28T05:17:18.6923839Z //
windows	Build the native Windows release provider and TypeScript	2026-08-28T05:17:18.6925716Z // File Remote protocol info (FileRemoteProtocolInfo)
windows	Build the native Windows release provider and TypeScript	2026-08-28T05:17:18.6927279Z //
windows	Build the native Windows release provider and TypeScript	2026-08-28T05:17:18.6929046Z --- um/fileapi.h line 889 ---
windows	Build the native Windows release provider and TypeScript	2026-08-28T05:17:18.6930755Z WINAPI
windows	Build the native Windows release provider and TypeScript	2026-08-28T05:17:18.6932768Z GetVolumeInformationByHandleW(
windows	Build the native Windows release provider and TypeScript	2026-08-28T05:17:18.6934575Z     _In_ HANDLE hFile,
windows	Build the native Windows release provider and TypeScript	2026-08-28T05:17:18.6936534Z     _Out_writes_opt_(nVolumeNameSize) LPWSTR lpVolumeNameBuffer,
windows	Build the native Windows release provider and TypeScript	2026-08-28T05:17:18.6938189Z     _In_ DWORD nVolumeNameSize,
windows	Build the native Windows release provider and TypeScript	2026-08-28T05:17:18.6939938Z     _Out_opt_ LPDWORD lpVolumeSerialNumber,
windows	Build the native Windows release provider and TypeScript	2026-08-28T05:17:18.6941735Z     _Out_opt_ LPDWORD lpMaximumComponentLength,
windows	Build the native Windows release provider and TypeScript	2026-08-28T05:17:18.6943443Z     _Out_opt_ LPDWORD lpFileSystemFlags,
windows	Build the native Windows release provider and TypeScript	2026-08-28T05:17:18.6945384Z     _Out_writes_opt_(nFileSystemNameSize) LPWSTR lpFileSystemNameBuffer,
windows	Build the native Windows release provider and TypeScript	2026-08-28T05:17:18.6946935Z     _In_ DWORD nFileSystemNameSize
windows	Build the native Windows release provider and TypeScript	2026-08-28T05:17:18.6948611Z     );
windows	Build the native Windows release provider and TypeScript	2026-08-28T05:17:18.6950176Z 
windows	Build the native Windows release provider and TypeScript	2026-08-28T05:17:18.6952335Z #endif /* _WIN32_WINNT >=  0x0600 */
windows	Build the native Windows release provider and TypeScript	2026-08-28T05:17:18.6953895Z 
windows	Build the native Windows release provider and TypeScript	2026-08-28T05:17:18.6956021Z WINBASEAPI
windows	Build the native Windows release provider and TypeScript	2026-08-28T05:17:18.6957467Z BOOL
windows	Build the native Windows release provider and TypeScript	2026-08-28T05:17:18.6959376Z WINAPI
windows	Build the native Windows release provider and TypeScript	2026-08-28T05:17:18.6961197Z GetVolumeInformationW(
windows	Build the native Windows release provider and TypeScript	2026-08-28T05:17:18.6962863Z     _In_opt_ LPCWSTR lpRootPathName,
windows	Build the native Windows release provider and TypeScript	2026-08-28T05:17:18.6964822Z     _Out_writes_opt_(nVolumeNameSize) LPWSTR lpVolumeNameBuffer,
windows	Build the native Windows release provider and TypeScript	2026-08-28T05:17:18.6966583Z     _In_ DWORD nVolumeNameSize,
windows	Build the native Windows release provider and TypeScript	2026-08-28T05:17:18.6968483Z     _Out_opt_ LPDWORD lpVolumeSerialNumber,
windows	Build the native Windows release provider and TypeScript	2026-08-28T05:17:18.6970257Z     _Out_opt_ LPDWORD lpMaximumComponentLength,
windows	Build the native Windows release provider and TypeScript	2026-08-28T05:17:18.6972072Z     _Out_opt_ LPDWORD lpFileSystemFlags,
windows	Build the native Windows release provider and TypeScript	2026-08-28T05:17:18.6974346Z     _Out_writes_opt_(nFileSystemNameSize) LPWSTR lpFileSystemNameBuffer,
windows	Build the native Windows release provider and TypeScript	2026-08-28T05:17:18.6975241Z     _In_ DWORD nFileSystemNameSize
windows	Build the native Windows release provider and TypeScript	2026-08-28T05:17:18.6977110Z     );
windows	Build the native Windows release provider and TypeScript	2026-08-28T05:17:18.6978515Z 
windows	Build the native Windows release provider and TypeScript	2026-08-28T05:17:18.6980370Z #ifdef UNICODE
windows	Build the native Windows release provider and TypeScript	2026-08-28T05:17:18.6982190Z #define GetVolumeInformation  GetVolumeInformationW
windows	Build the native Windows release provider and TypeScript	2026-08-28T05:17:18.6983728Z #endif
windows	Build the native Windows release provider and TypeScript	2026-08-28T05:17:21.7178350Z contained-fs.cc
windows	Build the native Windows release provider and TypeScript	2026-08-28T05:17:26.5178469Z D:\a\exspecso\exspecso\native\contained-fs.cc(75): warning C4267: 'argument': conversion from 'size_t' to 'uint32_t', possible loss of data
windows	Build the native Windows release provider and TypeScript	2026-08-28T05:17:31.0461219Z    Creating library C:\Users\RUNNER~1\AppData\Local\Temp\exspecso-native-build-wDWD4n\contained-fs.lib and object C:\Users\RUNNER~1\AppData\Local\Temp\exspecso-native-build-wDWD4n\contained-fs.exp
windows	Build the native Windows release provider and TypeScript	2026-08-28T05:17:31.1493819Z Microsoft (R) COFF/PE Dumper Version 14.44.35228.0
windows	Build the native Windows release provider and TypeScript	2026-08-28T05:17:31.1494582Z Copyright (C) Microsoft Corporation.  All rights reserved.
windows	Build the native Windows release provider and TypeScript	2026-08-28T05:17:31.1495001Z 
windows	Build the native Windows release provider and TypeScript	2026-08-28T05:17:31.1495040Z 
windows	Build the native Windows release provider and TypeScript	2026-08-28T05:17:31.1495363Z Dump of file D:\a\exspecso\exspecso\dist\native\win32-x64\contained-fs.node
windows	Build the native Windows release provider and TypeScript	2026-08-28T05:17:31.1495880Z 
windows	Build the native Windows release provider and TypeScript	2026-08-28T05:17:31.1496015Z File Type: DLL
windows	Build the native Windows release provider and TypeScript	2026-08-28T05:17:31.1496196Z 
windows	Build the native Windows release provider and TypeScript	2026-08-28T05:17:31.1496356Z   Image has the following dependencies:
windows	Build the native Windows release provider and TypeScript	2026-08-28T05:17:31.1497002Z 
windows	Build the native Windows release provider and TypeScript	2026-08-28T05:17:31.1497117Z     node.exe
windows	Build the native Windows release provider and TypeScript	2026-08-28T05:17:31.1497389Z     KERNEL32.dll
windows	Build the native Windows release provider and TypeScript	2026-08-28T05:17:31.1497578Z 
windows	Build the native Windows release provider and TypeScript	2026-08-28T05:17:31.1497686Z   Summary
windows	Build the native Windows release provider and TypeScript	2026-08-28T05:17:31.1497841Z 
windows	Build the native Windows release provider and TypeScript	2026-08-28T05:17:31.1497947Z         2000 .data
windows	Build the native Windows release provider and TypeScript	2026-08-28T05:17:31.1498230Z         1000 .fptable
windows	Build the native Windows release provider and TypeScript	2026-08-28T05:17:31.1498535Z         2000 .pdata
windows	Build the native Windows release provider and TypeScript	2026-08-28T05:17:31.1498815Z        10000 .rdata
windows	Build the native Windows release provider and TypeScript	2026-08-28T05:17:31.1499095Z         1000 .reloc
windows	Build the native Windows release provider and TypeScript	2026-08-28T05:17:31.1499377Z        1A000 .text
windows	Build the native Windows release provider and TypeScript	2026-08-28T05:17:31.1499549Z 
windows	Build the native Windows release provider and TypeScript	2026-08-28T05:17:31.1819554Z {"variant":"release","target":"win32-x64","binary":"D:\\a\\exspecso\\exspecso\\dist\\native\\win32-x64\\contained-fs.node","sha256":"956cf83c3055810ac072db202c3d54570d9e2c93d956e7181c6800dba2e30bab","buildCommit":"48aeed78bfb8ea10cc130d9a15e230197d80e837"}
windows	Build the native Windows release provider and TypeScript	2026-08-28T05:17:32.4760623Z 
windows	Build the native Windows release provider and TypeScript	2026-08-28T05:17:32.4761374Z > exspecso@0.1.0 build
windows	Build the native Windows release provider and TypeScript	2026-08-28T05:17:32.4761946Z > tsc -p tsconfig.json
windows	Build the native Windows release provider and TypeScript	2026-08-28T05:17:32.4762173Z 
windows	Prove native Windows provider parity	﻿2026-08-28T05:17:33.0150991Z ##[group]Run npm test -- --run tests/unit/contained-fs.test.ts --testTimeout 30000 --reporter=default --reporter=json --outputFile=windows-provider-results.json
windows	Prove native Windows provider parity	2026-08-28T05:17:33.0152580Z [36;1mnpm test -- --run tests/unit/contained-fs.test.ts --testTimeout 30000 --reporter=default --reporter=json --outputFile=windows-provider-results.json[0m
windows	Prove native Windows provider parity	2026-08-28T05:17:33.0460424Z shell: C:\Program Files\PowerShell\7\pwsh.EXE -command ". '{0}'"
windows	Prove native Windows provider parity	2026-08-28T05:17:33.0460803Z env:
windows	Prove native Windows provider parity	2026-08-28T05:17:33.0461070Z   EXSPECSO_NODE_HEADERS: D:\a\_temp\node-v20.19.0-headers.tar.gz
windows	Prove native Windows provider parity	2026-08-28T05:17:33.0461415Z   EXSPECSO_NODE_LIB: D:\a\_temp\node.lib
windows	Prove native Windows provider parity	2026-08-28T05:17:33.0461668Z ##[endgroup]
windows	Prove native Windows provider parity	2026-08-28T05:17:33.6725561Z 
windows	Prove native Windows provider parity	2026-08-28T05:17:33.6726226Z > exspecso@0.1.0 test
windows	Prove native Windows provider parity	2026-08-28T05:17:33.6727395Z > vitest --run tests/unit/contained-fs.test.ts --testTimeout 30000 --reporter=default --reporter=json --outputFile=windows-provider-results.json
windows	Prove native Windows provider parity	2026-08-28T05:17:33.6728422Z 
windows	Prove native Windows provider parity	2026-08-28T05:17:34.2110100Z 
windows	Prove native Windows provider parity	2026-08-28T05:17:34.2114854Z [1m[30m[46m RUN [49m[39m[22m [36mv4.1.11 [39m[90mD:/a/exspecso/exspecso[39m
windows	Prove native Windows provider parity	2026-08-28T05:17:34.2115489Z 
windows	Prove native Windows provider parity	2026-08-28T05:17:44.5248983Z  [32m✓[39m tests/unit/contained-fs.test.ts [2m([22m[2m11 tests[22m[2m)[22m[33m 9917[2mms[22m[39m
windows	Prove native Windows provider parity	2026-08-28T05:17:44.5250734Z      [33m[2m✓[22m[39m NP-01 rejects invalid components and wrong types without creating entries [33m 3907[2mms[22m[39m
windows	Prove native Windows provider parity	2026-08-28T05:17:44.5252199Z      [33m[2m✓[22m[39m NP-01 rejects symlink directories and file leaves [33m 554[2mms[22m[39m
windows	Prove native Windows provider parity	2026-08-28T05:17:44.5253542Z      [33m[2m✓[22m[39m NP-02 replaces an entry without modifying its hardlink alias [33m 554[2mms[22m[39m
windows	Prove native Windows provider parity	2026-08-28T05:17:44.5255105Z      [33m[2m✓[22m[39m NP-02 binds a moved directory object and never follows its substituted name (limitation) [33m 546[2mms[22m[39m
windows	Prove native Windows provider parity	2026-08-28T05:17:44.5256431Z      [33m[2m✓[22m[39m NP-03 rejects replacement with a file from a different parent and closes idempotently [33m 555[2mms[22m[39m
windows	Prove native Windows provider parity	2026-08-28T05:17:44.5257400Z      [33m[2m✓[22m[39m NP-01 creates exclusively and removes only the named file or empty directory [33m 565[2mms[22m[39m
windows	Prove native Windows provider parity	2026-08-28T05:17:44.5258684Z      [33m[2m✓[22m[39m NP-03 rejects writes through a read-only capability and invalid buffers [33m 611[2mms[22m[39m
windows	Prove native Windows provider parity	2026-08-28T05:17:44.5259590Z      [33m[2m✓[22m[39m W-01 rejects junctions, alternate streams, device aliases and wrong entry kinds [33m 604[2mms[22m[39m
windows	Prove native Windows provider parity	2026-08-28T05:17:44.5260530Z      [33m[2m✓[22m[39m W-02 replaces with an open reader while preserving the old object and full identity observation [33m 619[2mms[22m[39m
windows	Prove native Windows provider parity	2026-08-28T05:17:44.5261925Z      [33m[2m✓[22m[39m W-02 rejects a substituted private sibling without replacing the intended target [33m 554[2mms[22m[39m
windows	Prove native Windows provider parity	2026-08-28T05:17:44.5263482Z      [33m[2m✓[22m[39m W-02 reports a real sharing conflict without modifying either file [33m 844[2mms[22m[39m
windows	Prove native Windows provider parity	2026-08-28T05:17:44.5314367Z 
windows	Prove native Windows provider parity	2026-08-28T05:17:44.5320151Z [2m Test Files [22m [1m[32m1 passed[39m[22m[90m (1)[39m
windows	Prove native Windows provider parity	2026-08-28T05:17:44.5322226Z [2m      Tests [22m [1m[32m11 passed[39m[22m[90m (11)[39m
windows	Prove native Windows provider parity	2026-08-28T05:17:44.5324008Z [2m   Start at [22m 05:17:34
windows	Prove native Windows provider parity	2026-08-28T05:17:44.5327610Z [2m   Duration [22m 10.31s[2m (transform 118ms, setup 0ms, import 152ms, tests 9.92s, environment 1ms)[22m
windows	Prove native Windows provider parity	2026-08-28T05:17:44.5330923Z 
windows	Prove native Windows provider parity	2026-08-28T05:17:44.5359149Z JSON report written to D:/a/exspecso/exspecso/windows-provider-results.json
windows	Preserve actual Windows observations	﻿2026-08-28T05:17:44.7160808Z Node 20 is being deprecated. This workflow is running with Node 24 by default. If you need to temporarily use Node 20, you can set the ACTIONS_ALLOW_USE_UNSECURE_NODE_VERSION=true environment variable. For more information see: https://github.blog/changelog/2025-09-19-deprecation-of-node-20-on-github-actions-runners/
windows	Preserve actual Windows observations	2026-08-28T05:17:44.7171254Z ##[group]Run actions/upload-artifact@ea165f8d65b6e75b540449e92b4886f43607fa02
windows	Preserve actual Windows observations	2026-08-28T05:17:44.7171935Z with:
windows	Preserve actual Windows observations	2026-08-28T05:17:44.7172244Z   name: containment-windows-parity
windows	Preserve actual Windows observations	2026-08-28T05:17:44.7172875Z   path: windows-preflight/
windows	Preserve actual Windows observations	windows-provider-results.json
windows	Preserve actual Windows observations	dist/native/
windows	Preserve actual Windows observations	
windows	Preserve actual Windows observations	2026-08-28T05:17:44.7173506Z   if-no-files-found: error
windows	Preserve actual Windows observations	2026-08-28T05:17:44.7173846Z   retention-days: 7
windows	Preserve actual Windows observations	2026-08-28T05:17:44.7174168Z   compression-level: 6
windows	Preserve actual Windows observations	2026-08-28T05:17:44.7174478Z   overwrite: false
windows	Preserve actual Windows observations	2026-08-28T05:17:44.7174788Z   include-hidden-files: false
windows	Preserve actual Windows observations	2026-08-28T05:17:44.7175152Z env:
windows	Preserve actual Windows observations	2026-08-28T05:17:44.7175552Z   EXSPECSO_NODE_HEADERS: D:\a\_temp\node-v20.19.0-headers.tar.gz
windows	Preserve actual Windows observations	2026-08-28T05:17:44.7176172Z   EXSPECSO_NODE_LIB: D:\a\_temp\node.lib
windows	Preserve actual Windows observations	2026-08-28T05:17:44.7176571Z ##[endgroup]
windows	Preserve actual Windows observations	2026-08-28T05:17:44.9917874Z (node:8268) [DEP0040] DeprecationWarning: The `punycode` module is deprecated. Please use a userland alternative instead.
windows	Preserve actual Windows observations	2026-08-28T05:17:44.9919075Z (Use `node --trace-deprecation ...` to show where the warning was created)
windows	Preserve actual Windows observations	2026-08-28T05:17:45.0030313Z Multiple search paths detected. Calculating the least common ancestor of all paths
windows	Preserve actual Windows observations	2026-08-28T05:17:45.0034552Z The least common ancestor is D:\a\exspecso\exspecso. This will be the root directory of the artifact
windows	Preserve actual Windows observations	2026-08-28T05:17:45.0035632Z With the provided path, there will be 6 files uploaded
windows	Preserve actual Windows observations	2026-08-28T05:17:45.0042379Z Artifact name is valid!
windows	Preserve actual Windows observations	2026-08-28T05:17:45.0043860Z Root directory input is valid!
windows	Preserve actual Windows observations	2026-08-28T05:17:45.2041682Z Beginning upload of artifact content to blob storage
windows	Preserve actual Windows observations	2026-08-28T05:17:45.2544784Z (node:8268) [DEP0169] DeprecationWarning: `url.parse()` behavior is not standardized and prone to errors that have security implications. Use the WHATWG URL API instead. CVEs are not issued for `url.parse()` vulnerabilities.
windows	Preserve actual Windows observations	2026-08-28T05:17:45.3078841Z Uploaded bytes 94908
windows	Preserve actual Windows observations	2026-08-28T05:17:45.3272850Z Finished uploading artifact content to blob storage!
windows	Preserve actual Windows observations	2026-08-28T05:17:45.3274488Z SHA256 digest of uploaded artifact zip is b2ffebb82ca2c6453f8846ed5dadfb63a8cc4b3567c32c7c5ae1f15ac1177f3b
windows	Preserve actual Windows observations	2026-08-28T05:17:45.3277033Z Finalizing artifact upload
windows	Preserve actual Windows observations	2026-08-28T05:17:45.5317462Z Artifact containment-windows-parity.zip successfully finalized. Artifact ID 9675163089
windows	Preserve actual Windows observations	2026-08-28T05:17:45.5318843Z Artifact containment-windows-parity has been successfully uploaded! Final size is 94908 bytes. Artifact ID is 9675163089
windows	Preserve actual Windows observations	2026-08-28T05:17:45.5331256Z Artifact download URL: https://github.com/ishk-sftckz/exspecso/actions/runs/33144287790/artifacts/9675163089
windows	Complete job	﻿2026-08-28T05:17:45.5577344Z Cleaning up orphan processes
windows	Complete job	2026-08-28T05:17:45.5890803Z Terminate orphan process: pid (8936) (vctip)
windows	Complete job	2026-08-28T05:17:45.5916673Z ##[warning]Node.js 20 is deprecated. The following actions target Node.js 20 but are being forced to run on Node.js 24: actions/upload-artifact@ea165f8d65b6e75b540449e92b4886f43607fa02. For more information see: https://github.blog/changelog/2025-09-19-deprecation-of-node-20-on-github-actions-runners/
